[{"model": "users.user", "pk": 1, "fields": {"password": "pmxnCEZEWLQYcMURTpDe", "last_login": null, "is_superuser": false, "username": "greek_1890", "first_name": "Brooke", "last_name": "Wells", "is_staff": false, "is_active": true, "date_joined": "2024-03-13T10:34:31.381Z", "email": "univ1897@example.org", "bio": "Value above style. Discuss simple program national cultural. Why hand world. Behavior difference PM response doctor be.\nMuch star show prepare.", "groups": [], "user_permissions": []}}, {"model": "users.user", "pk": 2, "fields": {"password": "rGzVICuXiquJkpDChxbL", "last_login": null, "is_superuser": false, "username": "prostate_2078", "first_name": "Becky", "last_name": "Herring", "is_staff": false, "is_active": true, "date_joined": "2024-03-13T10:34:31.389Z", "email": "inclusive1998@gmail.com", "bio": "Military certain interesting foreign. By service woman ok most.\nResult usually chair move. Exactly hair key space. Boy property position school develop. Analysis star common whose challenge.", "groups": [], "user_permissions": []}}, {"model": "users.user", "pk": 3, "fields": {"password": "aImQQfyIRpqkBDIJOMlW", "last_login": null, "is_superuser": false, "username": "bible_1943", "first_name": "Jean", "last_name": "Ford", "is_staff": false, "is_active": true, "date_joined": "2024-03-13T10:34:31.395Z", "email": "slowly1884@yandex.com", "bio": "Star along wind detail society cup war. Cup huge soon. Upon place treat mission.\nFood high cup than special trade. Ago upon build spring future head.", "groups": [], "user_permissions": []}}, {"model": "users.user", "pk": 4, "fields": {"password": "vygqguuxhQZdOmTksZZh", "last_login": null, "is_superuser": false, "username": "subsidiary_1845", "first_name": "Manuel", "last_name": "Mcgee", "is_staff": false, "is_active": true, "date_joined": "2024-03-13T10:34:31.402Z", "email": "feeling2002@protonmail.com", "bio": "Open church amount card leave project. Night environment against.\nPolitical responsibility general quality land education single. Politics grow simply certain it war might leg. Prepare store apply.", "groups": [], "user_permissions": []}}, {"model": "users.user", "pk": 5, "fields": {"password": "ktVDJiMWPHucTNvBJeXC", "last_login": null, "is_superuser": false, "username": "clients_2047", "first_name": "Kim", "last_name": "Neal", "is_staff": false, "is_active": true, "date_joined": "2024-03-13T10:34:31.410Z", "email": "assess1880@example.org", "bio": "Personal near add person follow. Door community art recognize admit. Administration mission assume.\nBase high foot lay economic. Democratic wear radio star use. Agree weight paper gun Mrs serve.", "groups": [], "user_permissions": []}}, {"model": "users.user", "pk": 6, "fields": {"password": "dsttVbFHODQTCHceKjwC", "last_login": null, "is_superuser": false, "username": "evaluated_1866", "first_name": "Harry", "last_name": "Ali", "is_staff": false, "is_active": true, "date_joined": "2024-03-13T10:34:32.069Z", "email": "genealogy2046@example.com", "bio": "Democratic by key show. Something see perhaps light spring board foot.\nInside enough agreement. Way four often nothing.", "groups": [], "user_permissions": []}}, {"model": "users.user", "pk": 7, "fields": {"password": "FyMyyOFbWYoBXCdZFwwr", "last_login": null, "is_superuser": false, "username": "stops_2030", "first_name": "Ricardo", "last_name": "Rodriguez", "is_staff": false, "is_active": true, "date_joined": "2024-03-13T10:34:32.079Z", "email": "faces1803@yandex.com", "bio": "Economic east always good country push. Magazine say leave stand general I. Practice require pick energy. Meeting receive position center also analysis.", "groups": [], "user_permissions": []}}, {"model": "users.user", "pk": 8, "fields": {"password": "NHQwrsNDVREpdoizdSqR", "last_login": null, "is_superuser": false, "username": "est_2060", "first_name": "Ethan", "last_name": "Potter", "is_staff": false, "is_active": true, "date_joined": "2024-03-13T10:34:32.088Z", "email": "print2093@gmail.com", "bio": "And wind way I tell. Movement would agree yet again. Ahead compare budget window turn.\nCommercial full certainly a. Nation fast structure institution skill. Then night get.", "groups": [], "user_permissions": []}}, {"model": "users.user", "pk": 9, "fields": {"password": "hZHHhHgYAkLoyuDqfyTN", "last_login": null, "is_superuser": false, "username": "solomon_1876", "first_name": "Marie", "last_name": "Wolf", "is_staff": false, "is_active": true, "date_joined": "2024-03-13T10:34:32.098Z", "email": "delivering1926@yandex.com", "bio": "Father common that think body make way. Thank whether mouth coach best federal main.\nExactly cultural forget none. Give learn account everybody cultural foreign maybe thing.", "groups": [], "user_permissions": []}}, {"model": "users.user", "pk": 10, "fields": {"password": "ihrekbODXzTdCpTnIdZG", "last_login": null, "is_superuser": false, "username": "giving_1936", "first_name": "Ian", "last_name": "Sellers", "is_staff": false, "is_active": true, "date_joined": "2024-03-13T10:34:32.107Z", "email": "stuart2059@yandex.com", "bio": "Identify yet also campaign protect partner. Determine whatever understand well money ahead.\nEnvironment next share minute. Southern popular size start begin just. Letter magazine chance when reality.", "groups": [], "user_permissions": []}}, {"model": "users.user", "pk": 11, "fields": {"password": "rpoShQTLOlDeuHEqskqy", "last_login": null, "is_superuser": false, "username": "simon_1924", "first_name": "Carmen", "last_name": "Paul", "is_staff": false, "is_active": true, "date_joined": "2024-03-13T10:34:32.115Z", "email": "saver2002@yahoo.com", "bio": "Fast probably just work relationship art project manager. Parent of artist while order each.\nAccount particular hair low size country within letter. Rather grow who prevent young feel whether.", "groups": [], "user_permissions": []}}, {"model": "users.user", "pk": 12, "fields": {"password": "vTXTyVVGTGdtPnRKZVaI", "last_login": null, "is_superuser": false, "username": "spas_2013", "first_name": "Shelly", "last_name": "Butler", "is_staff": false, "is_active": true, "date_joined": "2024-03-13T10:34:32.124Z", "email": "lit2084@yahoo.com", "bio": "Physical store house. Thank public exist risk.\nNot blood source nation. Between move moment someone certainly about. Tree feel site over.", "groups": [], "user_permissions": []}}, {"model": "users.user", "pk": 13, "fields": {"password": "sLFDxVmOYOkQuETrpzxp", "last_login": null, "is_superuser": false, "username": "deeply_2006", "first_name": "Mary", "last_name": "Taylor", "is_staff": false, "is_active": true, "date_joined": "2024-03-13T10:34:32.133Z", "email": "lifetime1928@yahoo.com", "bio": "Sister behind eight likely offer door knowledge. Energy year fear nearly quality former hard size.\nSell someone attention music ok.", "groups": [], "user_permissions": []}}, {"model": "users.user", "pk": 14, "fields": {"password": "vnxRDbzyhyQXxbJCnPuN", "last_login": null, "is_superuser": false, "username": "right_1897", "first_name": "Bernard", "last_name": "Moss", "is_staff": false, "is_active": true, "date_joined": "2024-03-13T10:34:32.142Z", "email": "industrial2100@yahoo.com", "bio": "Indicate than pick peace to easy although. Occur short program party type various identify. Expect image economy window agent blood.", "groups": [], "user_permissions": []}}, {"model": "users.user", "pk": 15, "fields": {"password": "riwJJFLixYpBQKNsrpuF", "last_login": null, "is_superuser": false, "username": "liberty_1950", "first_name": "Wanda", "last_name": "Gardner", "is_staff": false, "is_active": true, "date_joined": "2024-03-13T10:34:32.151Z", "email": "peter1912@yahoo.com", "bio": "Rather develop Mr few sell. No range three decide adult few. Degree citizen system foreign mother agency day.", "groups": [], "user_permissions": []}}, {"model": "users.user", "pk": 16, "fields": {"password": "MZAaRtmQAkQbjmfhnrfK", "last_login": null, "is_superuser": false, "username": "discrete_1979", "first_name": "Lori", "last_name": "Hensley", "is_staff": false, "is_active": true, "date_joined": "2024-03-13T10:34:32.160Z", "email": "wilson1982@gmail.com", "bio": "She life institution school second glass some. Point leg test form wonder sister. Five kind number majority follow just environmental.", "groups": [], "user_permissions": []}}, {"model": "users.user", "pk": 17, "fields": {"password": "kveFZdCumEtIDfjvEsbf", "last_login": null, "is_superuser": false, "username": "queens_1993", "first_name": "Tonya", "last_name": "Vega", "is_staff": false, "is_active": true, "date_joined": "2024-03-13T10:34:32.170Z", "email": "blast1913@live.com", "bio": "Key physical stock training role. Job similar water parent style only he.", "groups": [], "user_permissions": []}}, {"model": "users.user", "pk": 18, "fields": {"password": "OTllWJnjqickNAWcCJjM", "last_login": null, "is_superuser": false, "username": "inquiries_1929", "first_name": "Gregory", "last_name": "Case", "is_staff": false, "is_active": true, "date_joined": "2024-03-13T10:34:32.179Z", "email": "necessity1824@protonmail.com", "bio": "Affect then among next why occur newspaper. Card sign exactly hard nation. Manage business officer budget kitchen budget mind.", "groups": [], "user_permissions": []}}, {"model": "users.user", "pk": 19, "fields": {"password": "TBFnXTnrWJNmDYjgXChf", "last_login": null, "is_superuser": false, "username": "meters_2045", "first_name": "Luis", "last_name": "Coleman", "is_staff": false, "is_active": true, "date_joined": "2024-03-13T10:34:32.191Z", "email": "salvador2085@example.org", "bio": "Stuff specific among woman grow. Large bill crime. Receive information history while.\nShare toward just nearly indeed perform land.", "groups": [], "user_permissions": []}}, {"model": "users.user", "pk": 20, "fields": {"password": "yZplSwGlXnpQMkJNfqWJ", "last_login": null, "is_superuser": false, "username": "rome_1841", "first_name": "Aaron", "last_name": "Rojas", "is_staff": false, "is_active": true, "date_joined": "2024-03-13T10:34:32.201Z", "email": "cologne2060@duck.com", "bio": "Soon baby economy care west support meeting. Old room half though me thousand quickly. Poor walk expert how action claim.", "groups": [], "user_permissions": []}}, {"model": "users.user", "pk": 21, "fields": {"password": "ZLYdyNiVFmiJHCmuPcYG", "last_login": null, "is_superuser": false, "username": "empty_1943", "first_name": "Tanner", "last_name": "Owens", "is_staff": false, "is_active": true, "date_joined": "2024-03-13T10:34:32.210Z", "email": "cingular1879@protonmail.com", "bio": "No agency national especially staff. Somebody between gas sort enjoy.\nDay sea our system west mother. Even often company never voice.", "groups": [], "user_permissions": []}}, {"model": "users.user", "pk": 22, "fields": {"password": "YtJgyFtpMRjjGKyciFjn", "last_login": null, "is_superuser": false, "username": "broadcasting_2001", "first_name": "Rita", "last_name": "Barry", "is_staff": false, "is_active": true, "date_joined": "2024-03-13T10:34:32.219Z", "email": "visible2057@yandex.com", "bio": "White art establish. Method above since save fish.", "groups": [], "user_permissions": []}}, {"model": "users.user", "pk": 23, "fields": {"password": "GphRvQxOmIoKYgjmBhJP", "last_login": null, "is_superuser": false, "username": "harvard_1911", "first_name": "Xavier", "last_name": "Smith", "is_staff": false, "is_active": true, "date_joined": "2024-03-13T10:34:32.229Z", "email": "butts1928@duck.com", "bio": "Tough people choose. Time our each nice employee quickly sign.\nVarious as bring way material its. Matter enjoy character meet world during president.", "groups": [], "user_permissions": []}}, {"model": "users.user", "pk": 24, "fields": {"password": "aDqZfzCqNjcQaQnuOxxg", "last_login": null, "is_superuser": false, "username": "trend_2048", "first_name": "Breanna", "last_name": "Jones", "is_staff": false, "is_active": true, "date_joined": "2024-03-13T10:34:32.238Z", "email": "gathered1966@yahoo.com", "bio": "Join account sense degree democratic who. Chair expert course factor break cause move. Often fill enough face rise so little. Music shoulder very more party.", "groups": [], "user_permissions": []}}, {"model": "users.user", "pk": 25, "fields": {"password": "yMqEOEadfDNJZAIEeCho", "last_login": null, "is_superuser": false, "username": "chicago_1869", "first_name": "Daryl", "last_name": "Hicks", "is_staff": false, "is_active": true, "date_joined": "2024-03-13T10:34:32.248Z", "email": "units2088@protonmail.com", "bio": "A half growth test industry serve approach. Bring light news national build tonight. Himself sound thank produce American.", "groups": [], "user_permissions": []}}, {"model": "users.user", "pk": 26, "fields": {"password": "HjYzfFPCAphdTYjDNLvP", "last_login": null, "is_superuser": false, "username": "stock_1907", "first_name": "Vernon", "last_name": "Drake", "is_staff": false, "is_active": true, "date_joined": "2024-03-13T10:34:32.257Z", "email": "preceding1941@example.org", "bio": "Evidence expert contain author senior. Stand south interesting real. Ok material guess. Then who southern receive particularly music.", "groups": [], "user_permissions": []}}, {"model": "users.user", "pk": 27, "fields": {"password": "PbhrsNIMoqtEwaiJpYRQ", "last_login": null, "is_superuser": false, "username": "echo_1955", "first_name": "Miranda", "last_name": "Rhodes", "is_staff": false, "is_active": true, "date_joined": "2024-03-13T10:34:32.266Z", "email": "jazz1858@yahoo.com", "bio": "Magazine senior discussion himself character hundred member. Eight society value agency site position.", "groups": [], "user_permissions": []}}, {"model": "users.user", "pk": 28, "fields": {"password": "zpMzwFdovTyjpKLsXwWA", "last_login": null, "is_superuser": false, "username": "jackets_2033", "first_name": "Wayne", "last_name": "Merritt", "is_staff": false, "is_active": true, "date_joined": "2024-03-13T10:34:32.275Z", "email": "lyric1851@gmail.com", "bio": "Manager visit hear present entire difference. Goal region station arrive have half age. Moment personal see in car.\nPerson gun seat whether practice once last.", "groups": [], "user_permissions": []}}, {"model": "users.user", "pk": 29, "fields": {"password": "KujuHGvvFxlzIfoQriry", "last_login": null, "is_superuser": false, "username": "discipline_2097", "first_name": "Ellen", "last_name": "Manning", "is_staff": false, "is_active": true, "date_joined": "2024-03-13T10:34:32.284Z", "email": "hartford1977@yahoo.com", "bio": "Place always run measure. Although involve writer eight no study.\nConsumer minute discussion view. Answer stay Congress catch important who wall.", "groups": [], "user_permissions": []}}, {"model": "users.user", "pk": 30, "fields": {"password": "UqXFeiZfsDFsbAINzotb", "last_login": null, "is_superuser": false, "username": "identifies_1869", "first_name": "Gilbert", "last_name": "Holden", "is_staff": false, "is_active": true, "date_joined": "2024-03-13T10:34:32.293Z", "email": "desert1826@yahoo.com", "bio": "Commercial friend stop president. Seek hot keep evening threat speech nation.\nLanguage see until phone while property lot. Point house do edge much agency. Arm everybody hour control suffer lose.", "groups": [], "user_permissions": []}}, {"model": "users.user", "pk": 31, "fields": {"password": "TvvtgdCRGWnOWUUdUmlO", "last_login": null, "is_superuser": false, "username": "processors_2040", "first_name": "Derrick", "last_name": "Adkins", "is_staff": false, "is_active": true, "date_joined": "2024-03-13T10:34:32.302Z", "email": "engineering2023@yandex.com", "bio": "Player money class explain. Father could role somebody position apply fight. Yes bring nation by direction.", "groups": [], "user_permissions": []}}, {"model": "users.user", "pk": 32, "fields": {"password": "rgajQKmuTPpEfbOJESud", "last_login": null, "is_superuser": false, "username": "elvis_2009", "first_name": "Meghan", "last_name": "Alexander", "is_staff": false, "is_active": true, "date_joined": "2024-03-13T10:34:32.311Z", "email": "orlando1848@example.org", "bio": "Account apply hospital tax create.\nOne according statement behavior speech. People do town spring world say best job.\nMission seven bad whom rich. Loss grow situation human happy lawyer firm.", "groups": [], "user_permissions": []}}, {"model": "users.user", "pk": 33, "fields": {"password": "SBAxkVdZZvrphQyDrOIf", "last_login": null, "is_superuser": false, "username": "silence_2061", "first_name": "Lucas", "last_name": "Flores", "is_staff": false, "is_active": true, "date_joined": "2024-03-13T10:34:32.321Z", "email": "waste1967@live.com", "bio": "Almost plan job look produce level. Something share large set drug change.", "groups": [], "user_permissions": []}}, {"model": "users.user", "pk": 34, "fields": {"password": "rTisqKCTqqUWtsHCZdUl", "last_login": null, "is_superuser": false, "username": "consider_1891", "first_name": "Tyrone", "last_name": "Nielsen", "is_staff": false, "is_active": true, "date_joined": "2024-03-13T10:34:32.330Z", "email": "maui2001@yandex.com", "bio": "Ten behind month talk exactly bar. Road key car whom. Other any word offer. Billion identify return as me by spring laugh.", "groups": [], "user_permissions": []}}, {"model": "users.user", "pk": 35, "fields": {"password": "vIiAymIFvVnggLITVRED", "last_login": null, "is_superuser": false, "username": "occupation_1889", "first_name": "Parker", "last_name": "Shepard", "is_staff": false, "is_active": true, "date_joined": "2024-03-13T10:34:32.339Z", "email": "foul2082@gmail.com", "bio": "Democrat age season mind skin test. Single still maybe our father away. Edge establish heavy they point serve.\nRisk feeling during dog record. Nature expect interest western popular third town.", "groups": [], "user_permissions": []}}, {"model": "users.user", "pk": 36, "fields": {"password": "XSyyyjablEYijXgkAXzO", "last_login": null, "is_superuser": false, "username": "prospects_1880", "first_name": "Kevin", "last_name": "Pace", "is_staff": false, "is_active": true, "date_joined": "2024-03-13T10:34:32.348Z", "email": "assess1911@yandex.com", "bio": "Phone gun piece draw. Health like change certainly me.\nTravel ever suddenly that though fire another. Hundred manage design peace region economic may.", "groups": [], "user_permissions": []}}, {"model": "users.user", "pk": 37, "fields": {"password": "BaEDPxFFJbGCjYAzHIDa", "last_login": null, "is_superuser": false, "username": "hip_1965", "first_name": "Donna", "last_name": "Forbes", "is_staff": false, "is_active": true, "date_joined": "2024-03-13T10:34:32.357Z", "email": "samuel1958@live.com", "bio": "Determine benefit worry help break despite art. So can agent top give. Statement level television reality send strategy whatever. Pm radio instead investment top good.", "groups": [], "user_permissions": []}}, {"model": "users.user", "pk": 38, "fields": {"password": "mibGvCsdEXiXmlxWoxcq", "last_login": null, "is_superuser": false, "username": "baltimore_1942", "first_name": "Maria", "last_name": "Sampson", "is_staff": false, "is_active": true, "date_joined": "2024-03-13T10:34:32.367Z", "email": "admitted2057@example.com", "bio": "Close accept memory better full. Usually away south summer also method defense face. Certainly amount consumer by.\nLawyer treat my have. Water security age once be first.", "groups": [], "user_permissions": []}}, {"model": "users.user", "pk": 39, "fields": {"password": "roiToyDjwJahlSUlRwKY", "last_login": null, "is_superuser": false, "username": "versions_1802", "first_name": "Tiffany", "last_name": "Gross", "is_staff": false, "is_active": true, "date_joined": "2024-03-13T10:34:32.376Z", "email": "synopsis2078@duck.com", "bio": "Station change eye keep. Live decade since student family. Involve drive concern listen suffer day. Day able television opportunity.", "groups": [], "user_permissions": []}}, {"model": "users.user", "pk": 40, "fields": {"password": "VwHBIUSlIkcOJcepJoBI", "last_login": null, "is_superuser": false, "username": "assessing_2074", "first_name": "Renee", "last_name": "Ramirez", "is_staff": false, "is_active": true, "date_joined": "2024-03-13T10:34:32.385Z", "email": "optical1979@yahoo.com", "bio": "Decade for range high culture. Ball arm argue author cultural.\nAppear place whether instead want number sea upon. Few cut chance last management.", "groups": [], "user_permissions": []}}, {"model": "users.user", "pk": 41, "fields": {"password": "ZMAumhBFRiYSuBCxDnES", "last_login": null, "is_superuser": false, "username": "trim_2043", "first_name": "Kelly", "last_name": "Pacheco", "is_staff": false, "is_active": true, "date_joined": "2024-03-13T10:34:32.394Z", "email": "funk1940@example.org", "bio": "Tonight wait practice coach officer. Ten leader any popular participant. Thank certain build eight treat line.", "groups": [], "user_permissions": []}}, {"model": "users.user", "pk": 42, "fields": {"password": "DqNdiaQWoyAvQGrGTpbX", "last_login": null, "is_superuser": false, "username": "club_2077", "first_name": "Michaela", "last_name": "Weeks", "is_staff": false, "is_active": true, "date_joined": "2024-03-13T10:34:32.404Z", "email": "populations1856@gmail.com", "bio": "Each condition reflect at go again. Nor fear change trade wife room road. With key current computer happy someone arm.", "groups": [], "user_permissions": []}}, {"model": "users.user", "pk": 43, "fields": {"password": "HBooczNynmbqGfmmnpDc", "last_login": null, "is_superuser": false, "username": "griffin_2012", "first_name": "Alyssa", "last_name": "Howe", "is_staff": false, "is_active": true, "date_joined": "2024-03-13T10:34:32.413Z", "email": "controversy1809@yandex.com", "bio": "Easy knowledge stuff memory article information. Anything apply figure worry the. Middle series door again game join improve his.", "groups": [], "user_permissions": []}}, {"model": "users.user", "pk": 44, "fields": {"password": "zzJeLHZUIEuifDfAwTXA", "last_login": null, "is_superuser": false, "username": "bold_1849", "first_name": "Dana", "last_name": "Hobbs", "is_staff": false, "is_active": true, "date_joined": "2024-03-13T10:34:32.422Z", "email": "oregon1902@yahoo.com", "bio": "Environmental manage let accept poor your consider happen. Positive view recent member.\nEarly join six look find. Over show idea. Analysis about contain fill table.", "groups": [], "user_permissions": []}}, {"model": "users.user", "pk": 45, "fields": {"password": "lcYQeUryiOfMgwxWPbVO", "last_login": null, "is_superuser": false, "username": "circumstances_1823", "first_name": "Raymond", "last_name": "Brandt", "is_staff": false, "is_active": true, "date_joined": "2024-03-13T10:34:32.431Z", "email": "lingerie1918@gmail.com", "bio": "Name will energy cultural food since few. Age soldier board word help.\nClaim eat tree begin minute resource. Use range family forget station.", "groups": [], "user_permissions": []}}, {"model": "users.user", "pk": 46, "fields": {"password": "hjfovEYVZVHxUZYouVjF", "last_login": null, "is_superuser": false, "username": "swedish_1947", "first_name": "Lydia", "last_name": "Molina", "is_staff": false, "is_active": true, "date_joined": "2024-03-13T10:34:32.440Z", "email": "ict2011@yandex.com", "bio": "Task raise practice position major former own. Star force gas finish although. Yard continue mouth return detail owner outside.", "groups": [], "user_permissions": []}}, {"model": "users.user", "pk": 47, "fields": {"password": "SUzoTNPDOCJHqIBHJQxd", "last_login": null, "is_superuser": false, "username": "fed_2028", "first_name": "Shane", "last_name": "Ritter", "is_staff": false, "is_active": true, "date_joined": "2024-03-13T10:34:32.449Z", "email": "terms1848@example.org", "bio": "Main arrive system hundred. Establish edge season decision. Person drug carry.\nChoice politics keep might fine. Network my that if.", "groups": [], "user_permissions": []}}, {"model": "users.user", "pk": 48, "fields": {"password": "DPMbRDBrBNSScSIhAoVH", "last_login": null, "is_superuser": false, "username": "enjoying_2058", "first_name": "Frances", "last_name": "Chandler", "is_staff": false, "is_active": true, "date_joined": "2024-03-13T10:34:32.459Z", "email": "care1857@duck.com", "bio": "Stay green work air hard sort. Mr buy century offer impact oil science because.", "groups": [], "user_permissions": []}}, {"model": "users.user", "pk": 49, "fields": {"password": "fOApTbhkbaYHFEpirSSy", "last_login": null, "is_superuser": false, "username": "tramadol_2093", "first_name": "Shawna", "last_name": "Leonard", "is_staff": false, "is_active": true, "date_joined": "2024-03-13T10:34:32.469Z", "email": "pottery2060@yahoo.com", "bio": "Part recently able arm. The including pattern note seven share almost worker.\nStuff parent listen feeling wife nature. Like morning realize.", "groups": [], "user_permissions": []}}, {"model": "users.user", "pk": 50, "fields": {"password": "fZBYxwpWZJGmtVSLZkDU", "last_login": null, "is_superuser": false, "username": "assigned_1992", "first_name": "Tami", "last_name": "Bentley", "is_staff": false, "is_active": true, "date_joined": "2024-03-13T10:34:32.478Z", "email": "expenditure2065@gmail.com", "bio": "Whom fear reduce daughter just person. Model light early wide budget claim street. Section glass success mission.", "groups": [], "user_permissions": []}}, {"model": "users.user", "pk": 51, "fields": {"password": "JfclvdpgHCCtnmxWORVq", "last_login": null, "is_superuser": false, "username": "inexpensive_1947", "first_name": "Raven", "last_name": "Guzman", "is_staff": false, "is_active": true, "date_joined": "2024-03-13T10:34:32.487Z", "email": "cradle1946@outlook.com", "bio": "Ok the ball plant despite I sea. Development decision mother often year. Finally hair conference under successful rich book.", "groups": [], "user_permissions": []}}, {"model": "users.user", "pk": 52, "fields": {"password": "SsuTtcwkaAWSwgPwWntC", "last_login": null, "is_superuser": false, "username": "leslie_1804", "first_name": "Hailey", "last_name": "Lynch", "is_staff": false, "is_active": true, "date_joined": "2024-03-13T10:34:32.496Z", "email": "harry2002@live.com", "bio": "Try wish discover my speak control. Night interest go ago treat they.", "groups": [], "user_permissions": []}}, {"model": "users.user", "pk": 53, "fields": {"password": "rpshHCOqkkuSbrfXvByC", "last_login": null, "is_superuser": false, "username": "adapters_1915", "first_name": "Haley", "last_name": "Ortega", "is_staff": false, "is_active": true, "date_joined": "2024-03-13T10:34:32.506Z", "email": "officers1855@gmail.com", "bio": "Civil worry sit. Hit per wall job myself.\nFine decide study page staff could green without. Amount Mr stuff expect turn smile expert. Recently base teacher.", "groups": [], "user_permissions": []}}, {"model": "users.user", "pk": 54, "fields": {"password": "YwMEHMqVVgcTDqnhyRYL", "last_login": null, "is_superuser": false, "username": "yea_2079", "first_name": "Ronnie", "last_name": "Padilla", "is_staff": false, "is_active": true, "date_joined": "2024-03-13T10:34:32.514Z", "email": "abortion1865@outlook.com", "bio": "Well sign score. Later them simply as red. Join my degree position former coach.", "groups": [], "user_permissions": []}}, {"model": "users.user", "pk": 55, "fields": {"password": "refDioKBNtWEtzbCNWAJ", "last_login": null, "is_superuser": false, "username": "sky_2093", "first_name": "Jacob", "last_name": "Walter", "is_staff": false, "is_active": true, "date_joined": "2024-03-13T10:34:32.523Z", "email": "importance2058@duck.com", "bio": "Reduce they a long. Series truth because both say part describe doctor. Become land maintain.", "groups": [], "user_permissions": []}}, {"model": "users.user", "pk": 56, "fields": {"password": "WTFIwTqcedNGytyKhnqv", "last_login": null, "is_superuser": false, "username": "accepting_2053", "first_name": "Shelly", "last_name": "Peck", "is_staff": false, "is_active": true, "date_joined": "2024-03-13T10:34:32.532Z", "email": "parade2083@duck.com", "bio": "Business arrive professional family surface already blue. Experience role page response eight allow president report. Others for particular.", "groups": [], "user_permissions": []}}, {"model": "users.user", "pk": 57, "fields": {"password": "NNfAcSNmHyqusGohUWYN", "last_login": null, "is_superuser": false, "username": "directive_2076", "first_name": "Abigail", "last_name": "Medina", "is_staff": false, "is_active": true, "date_joined": "2024-03-13T10:34:32.540Z", "email": "region2001@duck.com", "bio": "Suffer eight clear future wife reality. Above beat skill economic I although south authority.", "groups": [], "user_permissions": []}}, {"model": "users.user", "pk": 58, "fields": {"password": "NOppRpfXWaXULxcusMEY", "last_login": null, "is_superuser": false, "username": "mariah_1983", "first_name": "Alyssa", "last_name": "Blake", "is_staff": false, "is_active": true, "date_joined": "2024-03-13T10:34:32.549Z", "email": "webcams1947@example.org", "bio": "Base executive evening. Main wish company push past keep.\nSomebody kitchen benefit house bad economy focus. Free energy state look do third.", "groups": [], "user_permissions": []}}, {"model": "users.user", "pk": 59, "fields": {"password": "PUPVVtVPUKHmKiBIzNXP", "last_login": null, "is_superuser": false, "username": "mia_2086", "first_name": "Carmen", "last_name": "Vasquez", "is_staff": false, "is_active": true, "date_joined": "2024-03-13T10:34:32.558Z", "email": "digest1950@duck.com", "bio": "Song reality address ten soon beyond. Increase financial focus page serve challenge state. Enjoy concern operation reveal.", "groups": [], "user_permissions": []}}, {"model": "users.user", "pk": 60, "fields": {"password": "SeqQvsUbDLVLFbKXPfjG", "last_login": null, "is_superuser": false, "username": "harvey_2036", "first_name": "Austin", "last_name": "Phelps", "is_staff": false, "is_active": true, "date_joined": "2024-03-13T10:34:32.566Z", "email": "amanda1898@example.com", "bio": "Despite lead mother. Century understand add key form line notice population.\nExperience look win system sure step modern. Cut service within firm. Man sense party both nothing.", "groups": [], "user_permissions": []}}, {"model": "users.user", "pk": 61, "fields": {"password": "QpwaoWpJxBDWwDZACqGd", "last_login": null, "is_superuser": false, "username": "township_1960", "first_name": "Vincent", "last_name": "Brock", "is_staff": false, "is_active": true, "date_joined": "2024-03-13T10:34:32.575Z", "email": "doctor2046@protonmail.com", "bio": "Share candidate measure read six nice history. Generation up usually answer dark medical. Employee agreement hundred glass opportunity.", "groups": [], "user_permissions": []}}, {"model": "users.user", "pk": 62, "fields": {"password": "mHonnmpAcdOJHtAeNihu", "last_login": null, "is_superuser": false, "username": "companion_1905", "first_name": "Stacey", "last_name": "Winters", "is_staff": false, "is_active": true, "date_joined": "2024-03-13T10:34:32.584Z", "email": "sucking2088@live.com", "bio": "Place pay down should owner road degree ball. Marriage black describe best expert. To pay thank either whom camera.", "groups": [], "user_permissions": []}}, {"model": "users.user", "pk": 63, "fields": {"password": "efQOfGVlyRrBpkPxnnRB", "last_login": null, "is_superuser": false, "username": "grenada_1963", "first_name": "Max", "last_name": "Mccarty", "is_staff": false, "is_active": true, "date_joined": "2024-03-13T10:34:32.592Z", "email": "gmt1885@outlook.com", "bio": "Space similar beat government director. Customer cold simply image drive she dog.", "groups": [], "user_permissions": []}}, {"model": "users.user", "pk": 64, "fields": {"password": "pVnnjWLIPinGZjNsToFp", "last_login": null, "is_superuser": false, "username": "prefer_1804", "first_name": "Alejandro", "last_name": "Ayers", "is_staff": false, "is_active": true, "date_joined": "2024-03-13T10:34:32.601Z", "email": "crash2091@example.com", "bio": "Bar baby remember modern college economic cover. Message commercial form half believe yard decade environmental.", "groups": [], "user_permissions": []}}, {"model": "users.user", "pk": 65, "fields": {"password": "hKZHymtDatCexegLBgxk", "last_login": null, "is_superuser": false, "username": "excluded_2085", "first_name": "Carrie", "last_name": "Lowery", "is_staff": false, "is_active": true, "date_joined": "2024-03-13T10:34:32.610Z", "email": "restriction2016@example.com", "bio": "Score letter help nice green. Nation agree scene mission check ready.\nEntire director more sing.", "groups": [], "user_permissions": []}}, {"model": "users.user", "pk": 66, "fields": {"password": "wwGlfWpIovIPggmlNqTJ", "last_login": null, "is_superuser": false, "username": "mustang_2017", "first_name": "Darlene", "last_name": "Brown", "is_staff": false, "is_active": true, "date_joined": "2024-03-13T10:34:32.619Z", "email": "matt2095@outlook.com", "bio": "Each resource write ago. View kitchen religious way well my benefit information. Place education yes tax rock manage piece.\nSubject attack may project want. Believe picture body nor.", "groups": [], "user_permissions": []}}, {"model": "users.user", "pk": 67, "fields": {"password": "iIcMVWcUNdKtUYTnyqGD", "last_login": null, "is_superuser": false, "username": "civil_1869", "first_name": "Colin", "last_name": "Ryan", "is_staff": false, "is_active": true, "date_joined": "2024-03-13T10:34:32.628Z", "email": "clan1900@example.org", "bio": "Analysis seem TV single dog quickly security strong. Even affect start stage decade serious.\nBrother help special. Whom recognize no catch project professor build. Industry all board manager.", "groups": [], "user_permissions": []}}, {"model": "users.user", "pk": 68, "fields": {"password": "aKsbahSBngthLzRYYhmo", "last_login": null, "is_superuser": false, "username": "kitchen_1843", "first_name": "Diana", "last_name": "Bryan", "is_staff": false, "is_active": true, "date_joined": "2024-03-13T10:34:32.637Z", "email": "representation1956@protonmail.com", "bio": "Throw rest now system project worker now edge. Crime growth agree same hospital.\nResponse practice today great song mother lay. Decide short TV little give else lot. Ground herself manage total ago.", "groups": [], "user_permissions": []}}, {"model": "users.user", "pk": 69, "fields": {"password": "dmaQpNOWEOCKLOCRlWwJ", "last_login": null, "is_superuser": false, "username": "populations_2094", "first_name": "Chelsea", "last_name": "Arias", "is_staff": false, "is_active": true, "date_joined": "2024-03-13T10:34:32.645Z", "email": "centres1880@outlook.com", "bio": "Recent official into statement sure. Market bring weight focus.\nIdentify must expert be.\nFar third film local center. Its beautiful face enough north.", "groups": [], "user_permissions": []}}, {"model": "users.user", "pk": 70, "fields": {"password": "hOqwGQyCNJoMZsaVOVwj", "last_login": null, "is_superuser": false, "username": "sampling_2031", "first_name": "Sherry", "last_name": "Villanueva", "is_staff": false, "is_active": true, "date_joined": "2024-03-13T10:34:32.654Z", "email": "ministers2011@yandex.com", "bio": "Real support rest weight. Yard move spend series baby suddenly. Head majority city particularly.", "groups": [], "user_permissions": []}}, {"model": "users.user", "pk": 71, "fields": {"password": "QEelEavUKqdKOfXKTwBw", "last_login": null, "is_superuser": false, "username": "politics_1818", "first_name": "Bill", "last_name": "Carson", "is_staff": false, "is_active": true, "date_joined": "2024-03-13T10:34:32.663Z", "email": "coupon1917@gmail.com", "bio": "Author cup food commercial say. Open should that let able hand challenge data.\nCertainly only though better American relationship sort. Challenge financial against. Car way foreign owner.", "groups": [], "user_permissions": []}}, {"model": "users.user", "pk": 72, "fields": {"password": "eYheasgeXREFrpUSGTDB", "last_login": null, "is_superuser": false, "username": "applicants_1846", "first_name": "Louis", "last_name": "Harrison", "is_staff": false, "is_active": true, "date_joined": "2024-03-13T10:34:32.672Z", "email": "freeware1928@protonmail.com", "bio": "Class democratic parent bring. Question case traditional. Exist per member bring much.", "groups": [], "user_permissions": []}}, {"model": "users.user", "pk": 73, "fields": {"password": "EvkxxUchrdCgMZExpKdx", "last_login": null, "is_superuser": false, "username": "assembled_2021", "first_name": "Erika", "last_name": "Acosta", "is_staff": false, "is_active": true, "date_joined": "2024-03-13T10:34:32.681Z", "email": "followed2064@yandex.com", "bio": "Book media camera. This week himself thought interesting people. Letter agent tough address admit meeting there rest.", "groups": [], "user_permissions": []}}, {"model": "users.user", "pk": 74, "fields": {"password": "VSeWgYpAMjrByinctZeK", "last_login": null, "is_superuser": false, "username": "instrumental_2018", "first_name": "Norman", "last_name": "Haynes", "is_staff": false, "is_active": true, "date_joined": "2024-03-13T10:34:32.690Z", "email": "graph1964@example.org", "bio": "Change let trip. Tough just political choose admit light.\nSome main face should bit form. According type pretty her its research class.", "groups": [], "user_permissions": []}}, {"model": "users.user", "pk": 75, "fields": {"password": "kziLloUTeCDZoAHeOqsD", "last_login": null, "is_superuser": false, "username": "bureau_1982", "first_name": "Hayley", "last_name": "Kent", "is_staff": false, "is_active": true, "date_joined": "2024-03-13T10:34:32.698Z", "email": "kill1984@example.org", "bio": "Maybe buy remember best current pattern. Research adult themselves one.\nCard may society man smile positive. Message family on rock certainly speak stay.", "groups": [], "user_permissions": []}}, {"model": "users.user", "pk": 76, "fields": {"password": "jkUHTofpDSdfzJGlyWHM", "last_login": null, "is_superuser": false, "username": "grain_1852", "first_name": "Fernando", "last_name": "Santos", "is_staff": false, "is_active": true, "date_joined": "2024-03-13T10:34:32.708Z", "email": "rage1999@gmail.com", "bio": "Site heart water recognize law wall. Never value west account place prevent. Home special investment look letter.\nFor own cold answer very possible away. Ask late evening whatever economy.", "groups": [], "user_permissions": []}}, {"model": "users.user", "pk": 77, "fields": {"password": "tbfoHwEyMvPNdWrUZHXY", "last_login": null, "is_superuser": false, "username": "sets_1918", "first_name": "Sandra", "last_name": "Wright", "is_staff": false, "is_active": true, "date_joined": "2024-03-13T10:34:32.718Z", "email": "nylon2039@duck.com", "bio": "Ball treat Mr those know join. Late name health.\nPlayer through American maybe front. Space really born successful field stand alone take. Off cover across money particularly wait development.", "groups": [], "user_permissions": []}}, {"model": "users.user", "pk": 78, "fields": {"password": "LrCGiZSbtSRJkVWhzYck", "last_login": null, "is_superuser": false, "username": "sign_1902", "first_name": "Sally", "last_name": "Herman", "is_staff": false, "is_active": true, "date_joined": "2024-03-13T10:34:32.727Z", "email": "switch2085@example.com", "bio": "List effort memory street society happen. College later address environmental movement never. Investment above drop. Serve wind every set suffer husband media week.", "groups": [], "user_permissions": []}}, {"model": "users.user", "pk": 79, "fields": {"password": "DnLKMdZnGvrEuXQiXKOa", "last_login": null, "is_superuser": false, "username": "livecam_1927", "first_name": "Eileen", "last_name": "Ashley", "is_staff": false, "is_active": true, "date_joined": "2024-03-13T10:34:32.735Z", "email": "museums1951@yahoo.com", "bio": "Republican food show million inside different. Discuss success finish catch PM include. Trial economy example send card.", "groups": [], "user_permissions": []}}, {"model": "users.user", "pk": 80, "fields": {"password": "RdtZoDEfQgxnEMuRbCjb", "last_login": null, "is_superuser": false, "username": "abandoned_1898", "first_name": "Shelia", "last_name": "Mclean", "is_staff": false, "is_active": true, "date_joined": "2024-03-13T10:34:32.745Z", "email": "row1851@yandex.com", "bio": "Check take serious at easy sort least. Black respond performance medical. Nothing member statement much.\nArm no prevent attack walk. Our early anything choice allow beyond.", "groups": [], "user_permissions": []}}, {"model": "users.user", "pk": 81, "fields": {"password": "kQLehCXWowXRtZibsJiJ", "last_login": null, "is_superuser": false, "username": "requires_1846", "first_name": "Franklin", "last_name": "Parrish", "is_staff": false, "is_active": true, "date_joined": "2024-03-13T10:34:32.754Z", "email": "sustained2059@live.com", "bio": "Property here might stuff when seven. Situation adult mother a size together. Quality marriage budget cover commercial.", "groups": [], "user_permissions": []}}, {"model": "users.user", "pk": 82, "fields": {"password": "WlhLtSRbisSxHHkarAdA", "last_login": null, "is_superuser": false, "username": "catherine_1985", "first_name": "Alvin", "last_name": "English", "is_staff": false, "is_active": true, "date_joined": "2024-03-13T10:34:32.763Z", "email": "tooth2047@yahoo.com", "bio": "Bad budget fall. Left too material control hit past.\nStand fine play standard no economy community. Learn start rock.\nFine many eat few while actually instead. Turn try others middle to moment trial.", "groups": [], "user_permissions": []}}, {"model": "users.user", "pk": 83, "fields": {"password": "xnBPXxjhGZmFuRlWKowB", "last_login": null, "is_superuser": false, "username": "date_1937", "first_name": "Margaret", "last_name": "Mcfarland", "is_staff": false, "is_active": true, "date_joined": "2024-03-13T10:34:32.772Z", "email": "dinner2069@live.com", "bio": "Why even report expect blue. Establish better eight they what.\nBlood including stand. Operation customer toward head notice. Foreign here gun defense the wife arm.", "groups": [], "user_permissions": []}}, {"model": "users.user", "pk": 84, "fields": {"password": "oQycBXbzlDxfgwgkDhrY", "last_login": null, "is_superuser": false, "username": "indicating_2083", "first_name": "Vickie", "last_name": "Simpson", "is_staff": false, "is_active": true, "date_joined": "2024-03-13T10:34:32.781Z", "email": "pressed2059@live.com", "bio": "Bed performance quickly order around cause can machine. Us perhaps up throw who happy. Anything away everyone quickly need skill.", "groups": [], "user_permissions": []}}, {"model": "users.user", "pk": 85, "fields": {"password": "tgZVYLIqneYEUCrkYJMY", "last_login": null, "is_superuser": false, "username": "reviews_1827", "first_name": "Ryan", "last_name": "Tran", "is_staff": false, "is_active": true, "date_joined": "2024-03-13T10:34:32.789Z", "email": "mathematics1887@protonmail.com", "bio": "Sit positive college which resource something. Somebody week so rate into phone.", "groups": [], "user_permissions": []}}, {"model": "users.user", "pk": 86, "fields": {"password": "umEImoxWZMmoCuTlppFl", "last_login": null, "is_superuser": false, "username": "swim_2046", "first_name": "Carmen", "last_name": "Murray", "is_staff": false, "is_active": true, "date_joined": "2024-03-13T10:34:32.798Z", "email": "airports1845@example.com", "bio": "Daughter drive dream she daughter conference according. Firm me notice must can. Image production million race well career leg.", "groups": [], "user_permissions": []}}, {"model": "users.user", "pk": 87, "fields": {"password": "ElyDjQEMOKAhdFduFBni", "last_login": null, "is_superuser": false, "username": "visited_2030", "first_name": "Savannah", "last_name": "Mccormick", "is_staff": false, "is_active": true, "date_joined": "2024-03-13T10:34:32.807Z", "email": "implementing1867@duck.com", "bio": "Month buy study data. Some instead season war note. Story this real others manage of.\nSeries shoulder word use prove detail fact trial.", "groups": [], "user_permissions": []}}, {"model": "users.user", "pk": 88, "fields": {"password": "XFwAByrOgvsDrgseauVg", "last_login": null, "is_superuser": false, "username": "detroit_1906", "first_name": "Mandy", "last_name": "Marshall", "is_staff": false, "is_active": true, "date_joined": "2024-03-13T10:34:32.815Z", "email": "leaf2006@live.com", "bio": "Different ready international word fire minute. May key check especially. Camera job race nice.", "groups": [], "user_permissions": []}}, {"model": "users.user", "pk": 89, "fields": {"password": "QIFQKxbBchhxXTmVVXWt", "last_login": null, "is_superuser": false, "username": "targeted_1855", "first_name": "Julie", "last_name": "Barron", "is_staff": false, "is_active": true, "date_joined": "2024-03-13T10:34:32.824Z", "email": "partition1905@duck.com", "bio": "Have agree region law letter travel how. Statement whatever Mrs camera. Manage member go popular.\nIncrease strong push great. While wait air treatment.", "groups": [], "user_permissions": []}}, {"model": "users.user", "pk": 90, "fields": {"password": "mpimsjBufcXselAPgYyN", "last_login": null, "is_superuser": false, "username": "todd_1920", "first_name": "Charlene", "last_name": "Huber", "is_staff": false, "is_active": true, "date_joined": "2024-03-13T10:34:32.833Z", "email": "crm2018@yandex.com", "bio": "Few not section son good. Degree money spring back send theory model not. Have customer door.\nShe everyone theory drug fact grow yeah. Store including letter wait him audience tax difficult.", "groups": [], "user_permissions": []}}, {"model": "users.user", "pk": 91, "fields": {"password": "uSnAcFDLrXMRfYjAEDoh", "last_login": null, "is_superuser": false, "username": "latin_1843", "first_name": "Deborah", "last_name": "Munoz", "is_staff": false, "is_active": true, "date_joined": "2024-03-13T10:34:32.842Z", "email": "throwing2079@protonmail.com", "bio": "Same as statement hope western me discuss. Rise security hard world.\nMyself nearly me themselves realize. Accept officer source work young. Sound likely mouth among skill political method computer.", "groups": [], "user_permissions": []}}, {"model": "users.user", "pk": 92, "fields": {"password": "RNvMDiGoywdFXEWCsJyG", "last_login": null, "is_superuser": false, "username": "engaging_1959", "first_name": "Jane", "last_name": "Preston", "is_staff": false, "is_active": true, "date_joined": "2024-03-13T10:34:32.850Z", "email": "null1940@example.org", "bio": "Great stuff test building risk help. Run politics president budget customer. Result front situation open section believe around.", "groups": [], "user_permissions": []}}, {"model": "users.user", "pk": 93, "fields": {"password": "GsiTVHDkewilUvBDulFG", "last_login": null, "is_superuser": false, "username": "languages_1997", "first_name": "Darrell", "last_name": "Richmond", "is_staff": false, "is_active": true, "date_joined": "2024-03-13T10:34:32.859Z", "email": "ross1858@outlook.com", "bio": "Chance board if short single in yeah. Forward action how under.\nNation indeed class tend beyond significant should. Job really hot lead picture although southern.", "groups": [], "user_permissions": []}}, {"model": "users.user", "pk": 94, "fields": {"password": "yAVzUflrNOwdKpJBGNgT", "last_login": null, "is_superuser": false, "username": "suse_2084", "first_name": "Chloe", "last_name": "Vincent", "is_staff": false, "is_active": true, "date_joined": "2024-03-13T10:34:32.867Z", "email": "soup2085@duck.com", "bio": "Gun into already unit article list spring. Successful doctor protect building matter believe. Fast technology unit.\nGoal general customer pretty decide door.", "groups": [], "user_permissions": []}}, {"model": "users.user", "pk": 95, "fields": {"password": "vwIYBcLaDyjgxmpZbyHb", "last_login": null, "is_superuser": false, "username": "licenses_1863", "first_name": "Mitchell", "last_name": "Mata", "is_staff": false, "is_active": true, "date_joined": "2024-03-13T10:34:32.876Z", "email": "spoken2046@yahoo.com", "bio": "Carry radio moment great. Wife participant environment under traditional direction yet. Represent network deal religious short property watch.", "groups": [], "user_permissions": []}}, {"model": "users.user", "pk": 96, "fields": {"password": "AvSLTBKZwScxQbRYNKry", "last_login": null, "is_superuser": false, "username": "marriott_2093", "first_name": "Mitchell", "last_name": "Fowler", "is_staff": false, "is_active": true, "date_joined": "2024-03-13T10:34:32.885Z", "email": "his1852@yandex.com", "bio": "Such cover leg practice.\nImagine clear public safe week support technology different. And box effort. Happen yard behind manager send miss station. Back fight foreign answer push improve door chance.", "groups": [], "user_permissions": []}}, {"model": "users.user", "pk": 97, "fields": {"password": "qZUVXUnxzyOuvhylGpXf", "last_login": null, "is_superuser": false, "username": "uploaded_2069", "first_name": "Jesus", "last_name": "Wolfe", "is_staff": false, "is_active": true, "date_joined": "2024-03-13T10:34:32.895Z", "email": "tone1849@yandex.com", "bio": "Power discuss size attack this. Matter five include receive four society. Here near sort clear public group.", "groups": [], "user_permissions": []}}, {"model": "users.user", "pk": 98, "fields": {"password": "cSbaukJbNVkhvINsaVeu", "last_login": null, "is_superuser": false, "username": "loud_2056", "first_name": "Carlos", "last_name": "Joseph", "is_staff": false, "is_active": true, "date_joined": "2024-03-13T10:34:32.904Z", "email": "discovery2058@protonmail.com", "bio": "Weight even kid walk. Foot add rule positive north collection painting lead. Box exist fall bit specific national mission.", "groups": [], "user_permissions": []}}, {"model": "users.user", "pk": 99, "fields": {"password": "QpRZmqjAezvoJhfXgPWJ", "last_login": null, "is_superuser": false, "username": "niagara_2082", "first_name": "Mikayla", "last_name": "Elliott", "is_staff": false, "is_active": true, "date_joined": "2024-03-13T10:34:32.912Z", "email": "trackbacks2038@protonmail.com", "bio": "Recognize often ground camera explain particular trouble. Meet fire care for.\nTrip nature crime sport apply politics. Without long news group best wife whole.", "groups": [], "user_permissions": []}}, {"model": "users.user", "pk": 100, "fields": {"password": "xJmabYfRXEirGCoRzsBu", "last_login": null, "is_superuser": false, "username": "visitor_1850", "first_name": "Kaitlin", "last_name": "Ingram", "is_staff": false, "is_active": true, "date_joined": "2024-03-13T10:34:32.921Z", "email": "comfort2087@example.org", "bio": "Though myself western program officer tax. Surface stay fear range. General question financial my. Figure however glass crime discover tell physical.", "groups": [], "user_permissions": []}}, {"model": "users.user", "pk": 101, "fields": {"password": "jLnZwnopAQXQCfRDbNlh", "last_login": null, "is_superuser": false, "username": "chevy_1919", "first_name": "Alicia", "last_name": "Thomas", "is_staff": false, "is_active": true, "date_joined": "2024-03-13T10:34:32.930Z", "email": "designed2017@gmail.com", "bio": "Fish into effort politics if art collection. Describe professional two week which majority.\nEvery themselves ok score. Specific this thus television. Chair drug finish tend building.", "groups": [], "user_permissions": []}}, {"model": "users.user", "pk": 102, "fields": {"password": "IcBwDnAgFJrVXeQoxHAv", "last_login": null, "is_superuser": false, "username": "false_2061", "first_name": "Pam", "last_name": "Nielsen", "is_staff": false, "is_active": true, "date_joined": "2024-03-13T10:34:32.938Z", "email": "darkness1986@yahoo.com", "bio": "College number citizen business politics on. Significant Republican million computer. Technology reflect much sense at ahead specific total.", "groups": [], "user_permissions": []}}, {"model": "users.user", "pk": 103, "fields": {"password": "QdwpAefITPPOGzSafpdr", "last_login": null, "is_superuser": false, "username": "tourism_1898", "first_name": "Robyn", "last_name": "Bennett", "is_staff": false, "is_active": true, "date_joined": "2024-03-13T10:34:32.948Z", "email": "colon1976@outlook.com", "bio": "Consider many for meet husband give foreign. Growth meeting maintain. Pay adult manager military particular too.", "groups": [], "user_permissions": []}}, {"model": "users.user", "pk": 104, "fields": {"password": "EiuYfmwOWDOEeQMPTJXW", "last_login": null, "is_superuser": false, "username": "cultural_2087", "first_name": "Parker", "last_name": "Hubbard", "is_staff": false, "is_active": true, "date_joined": "2024-03-13T10:34:32.957Z", "email": "mba1961@example.org", "bio": "From half skill film visit plant face. Keep each bank society start drug.\nYour whole wall act effort. Base ask move leg here offer parent. Somebody across compare why process show section.", "groups": [], "user_permissions": []}}, {"model": "users.user", "pk": 105, "fields": {"password": "lZtjdQDJxJqxOCfdbSYy", "last_login": null, "is_superuser": false, "username": "arm_1849", "first_name": "Ryan", "last_name": "Costa", "is_staff": false, "is_active": true, "date_joined": "2024-03-13T10:34:32.965Z", "email": "occasions1819@duck.com", "bio": "Miss your least practice officer win investment. Main director program above individual.\nHuman improve decade tough.\nGood share prove minute head each likely.", "groups": [], "user_permissions": []}}, {"model": "companies.company", "pk": 1, "fields": {"created": "2024-03-13T10:34:31.386Z", "modified": "2024-03-13T10:34:31.386Z", "owner": 1, "name": "Elizabeth Daniels"}}, {"model": "companies.company", "pk": 2, "fields": {"created": "2024-03-13T10:34:31.392Z", "modified": "2024-03-13T10:34:31.393Z", "owner": 2, "name": "Bianca Bishop"}}, {"model": "companies.company", "pk": 3, "fields": {"created": "2024-03-13T10:34:31.399Z", "modified": "2024-03-13T10:34:31.399Z", "owner": 3, "name": "Dr. Stacy Mosley"}}, {"model": "companies.company", "pk": 4, "fields": {"created": "2024-03-13T10:34:31.407Z", "modified": "2024-03-13T10:34:31.407Z", "owner": 4, "name": "Dr. Louis Larson"}}, {"model": "companies.company", "pk": 5, "fields": {"created": "2024-03-13T10:34:31.413Z", "modified": "2024-03-13T10:34:31.413Z", "owner": 5, "name": "Miss Tasha Armstrong DVM"}}, {"model": "companies.department", "pk": 1, "fields": {"point": 87, "name": "felt"}}, {"model": "companies.department", "pk": 2, "fields": {"point": 52, "name": "americans"}}, {"model": "companies.department", "pk": 3, "fields": {"point": 31, "name": "er"}}, {"model": "companies.department", "pk": 4, "fields": {"point": 84, "name": "lycos"}}, {"model": "companies.department", "pk": 5, "fields": {"point": 93, "name": "distance"}}, {"model": "companies.department", "pk": 6, "fields": {"point": 41, "name": "thompson"}}, {"model": "companies.department", "pk": 7, "fields": {"point": 44, "name": "customer"}}, {"model": "companies.department", "pk": 8, "fields": {"point": 55, "name": "agencies"}}, {"model": "companies.department", "pk": 9, "fields": {"point": 3, "name": "industries"}}, {"model": "companies.department", "pk": 10, "fields": {"point": 9, "name": "wonderful"}}, {"model": "companies.department", "pk": 11, "fields": {"point": 2, "name": "nj"}}, {"model": "companies.department", "pk": 12, "fields": {"point": 32, "name": "external"}}, {"model": "companies.department", "pk": 13, "fields": {"point": 47, "name": "talking"}}, {"model": "companies.department", "pk": 14, "fields": {"point": 21, "name": "feels"}}, {"model": "companies.department", "pk": 15, "fields": {"point": 17, "name": "bandwidth"}}, {"model": "companies.department", "pk": 16, "fields": {"point": 26, "name": "rom"}}, {"model": "companies.department", "pk": 17, "fields": {"point": 26, "name": "hewlett"}}, {"model": "companies.department", "pk": 18, "fields": {"point": 1, "name": "funeral"}}, {"model": "companies.department", "pk": 19, "fields": {"point": 78, "name": "looking"}}, {"model": "companies.department", "pk": 20, "fields": {"point": 98, "name": "efforts"}}, {"model": "companies.department", "pk": 21, "fields": {"point": 1, "name": "funny"}}, {"model": "companies.department", "pk": 22, "fields": {"point": 42, "name": "stated"}}, {"model": "companies.department", "pk": 23, "fields": {"point": 74, "name": "groups"}}, {"model": "companies.department", "pk": 24, "fields": {"point": 93, "name": "ave"}}, {"model": "companies.department", "pk": 25, "fields": {"point": 29, "name": "serving"}}, {"model": "companies.department", "pk": 26, "fields": {"point": 12, "name": "come"}}, {"model": "companies.department", "pk": 27, "fields": {"point": 67, "name": "stop"}}, {"model": "companies.department", "pk": 28, "fields": {"point": 76, "name": "fax"}}, {"model": "companies.department", "pk": 29, "fields": {"point": 89, "name": "www"}}, {"model": "companies.department", "pk": 30, "fields": {"point": 25, "name": "legs"}}, {"model": "companies.department", "pk": 31, "fields": {"point": 69, "name": "audit"}}, {"model": "companies.department", "pk": 32, "fields": {"point": 15, "name": "command"}}, {"model": "companies.department", "pk": 33, "fields": {"point": 59, "name": "bikes"}}, {"model": "companies.department", "pk": 34, "fields": {"point": 2, "name": "listed"}}, {"model": "companies.department", "pk": 35, "fields": {"point": 98, "name": "wooden"}}, {"model": "companies.department", "pk": 36, "fields": {"point": 33, "name": "emails"}}, {"model": "companies.department", "pk": 37, "fields": {"point": 37, "name": "continued"}}, {"model": "companies.department", "pk": 38, "fields": {"point": 32, "name": "castle"}}, {"model": "companies.department", "pk": 39, "fields": {"point": 49, "name": "wireless"}}, {"model": "companies.department", "pk": 40, "fields": {"point": 83, "name": "monthly"}}, {"model": "companies.department", "pk": 41, "fields": {"point": 85, "name": "turkish"}}, {"model": "companies.department", "pk": 42, "fields": {"point": 79, "name": "recipe"}}, {"model": "companies.department", "pk": 43, "fields": {"point": 54, "name": "resulting"}}, {"model": "companies.department", "pk": 44, "fields": {"point": 92, "name": "un"}}, {"model": "companies.department", "pk": 45, "fields": {"point": 61, "name": "society"}}, {"model": "companies.department", "pk": 46, "fields": {"point": 56, "name": "syndrome"}}, {"model": "companies.department", "pk": 47, "fields": {"point": 66, "name": "maps"}}, {"model": "companies.department", "pk": 48, "fields": {"point": 76, "name": "ties"}}, {"model": "companies.department", "pk": 49, "fields": {"point": 86, "name": "joe"}}, {"model": "companies.department", "pk": 50, "fields": {"point": 28, "name": "posters"}}, {"model": "companies.department", "pk": 51, "fields": {"point": 13, "name": "optimal"}}, {"model": "companies.department", "pk": 52, "fields": {"point": 75, "name": "chosen"}}, {"model": "companies.department", "pk": 53, "fields": {"point": 5, "name": "wed"}}, {"model": "companies.department", "pk": 54, "fields": {"point": 11, "name": "trips"}}, {"model": "companies.department", "pk": 55, "fields": {"point": 56, "name": "roles"}}, {"model": "companies.department", "pk": 56, "fields": {"point": 24, "name": "remarks"}}, {"model": "companies.department", "pk": 57, "fields": {"point": 17, "name": "dimension"}}, {"model": "companies.department", "pk": 58, "fields": {"point": 7, "name": "lite"}}, {"model": "companies.department", "pk": 59, "fields": {"point": 28, "name": "implementation"}}, {"model": "companies.department", "pk": 60, "fields": {"point": 71, "name": "different"}}, {"model": "companies.department", "pk": 61, "fields": {"point": 41, "name": "map"}}, {"model": "companies.department", "pk": 62, "fields": {"point": 72, "name": "early"}}, {"model": "companies.department", "pk": 63, "fields": {"point": 59, "name": "exposed"}}, {"model": "companies.department", "pk": 64, "fields": {"point": 96, "name": "procedures"}}, {"model": "companies.department", "pk": 65, "fields": {"point": 70, "name": "finds"}}, {"model": "companies.department", "pk": 66, "fields": {"point": 3, "name": "incident"}}, {"model": "companies.department", "pk": 67, "fields": {"point": 41, "name": "films"}}, {"model": "companies.department", "pk": 68, "fields": {"point": 39, "name": "roles"}}, {"model": "companies.department", "pk": 69, "fields": {"point": 37, "name": "screen"}}, {"model": "companies.department", "pk": 70, "fields": {"point": 52, "name": "anti"}}, {"model": "companies.department", "pk": 71, "fields": {"point": 6, "name": "thailand"}}, {"model": "companies.department", "pk": 72, "fields": {"point": 34, "name": "departure"}}, {"model": "companies.department", "pk": 73, "fields": {"point": 88, "name": "phentermine"}}, {"model": "companies.department", "pk": 74, "fields": {"point": 91, "name": "mobility"}}, {"model": "companies.department", "pk": 75, "fields": {"point": 11, "name": "season"}}, {"model": "companies.department", "pk": 76, "fields": {"point": 63, "name": "alexander"}}, {"model": "companies.department", "pk": 77, "fields": {"point": 18, "name": "dv"}}, {"model": "companies.department", "pk": 78, "fields": {"point": 64, "name": "interaction"}}, {"model": "companies.department", "pk": 79, "fields": {"point": 96, "name": "frank"}}, {"model": "companies.department", "pk": 80, "fields": {"point": 30, "name": "usb"}}, {"model": "companies.department", "pk": 81, "fields": {"point": 4, "name": "employee"}}, {"model": "companies.department", "pk": 82, "fields": {"point": 46, "name": "perl"}}, {"model": "companies.department", "pk": 83, "fields": {"point": 75, "name": "facilitate"}}, {"model": "companies.department", "pk": 84, "fields": {"point": 79, "name": "ebony"}}, {"model": "companies.department", "pk": 85, "fields": {"point": 98, "name": "equipped"}}, {"model": "companies.department", "pk": 86, "fields": {"point": 35, "name": "success"}}, {"model": "companies.department", "pk": 87, "fields": {"point": 90, "name": "usage"}}, {"model": "companies.department", "pk": 88, "fields": {"point": 71, "name": "edt"}}, {"model": "companies.department", "pk": 89, "fields": {"point": 37, "name": "scope"}}, {"model": "companies.department", "pk": 90, "fields": {"point": 80, "name": "enabled"}}, {"model": "companies.department", "pk": 91, "fields": {"point": 4, "name": "guitar"}}, {"model": "companies.department", "pk": 92, "fields": {"point": 47, "name": "carpet"}}, {"model": "companies.department", "pk": 93, "fields": {"point": 27, "name": "measure"}}, {"model": "companies.department", "pk": 94, "fields": {"point": 50, "name": "appendix"}}, {"model": "companies.department", "pk": 95, "fields": {"point": 93, "name": "damn"}}, {"model": "companies.department", "pk": 96, "fields": {"point": 1, "name": "rivers"}}, {"model": "companies.department", "pk": 97, "fields": {"point": 11, "name": "arguments"}}, {"model": "companies.department", "pk": 98, "fields": {"point": 70, "name": "fault"}}, {"model": "companies.department", "pk": 99, "fields": {"point": 28, "name": "income"}}, {"model": "companies.department", "pk": 100, "fields": {"point": 42, "name": "housing"}}, {"model": "companies.category", "pk": 1, "fields": {"name": "Miss Hannah Garza MD"}}, {"model": "companies.procedure", "pk": 1, "fields": {"name": "careful", "category": 1, "department": 98}}, {"model": "companies.procedure", "pk": 2, "fields": {"name": "finish", "category": 1, "department": 30}}, {"model": "companies.procedure", "pk": 3, "fields": {"name": "maine", "category": 1, "department": 4}}, {"model": "companies.procedure", "pk": 4, "fields": {"name": "horses", "category": 1, "department": 16}}, {"model": "companies.procedure", "pk": 5, "fields": {"name": "critical", "category": 1, "department": 40}}, {"model": "companies.procedure", "pk": 6, "fields": {"name": "hear", "category": 1, "department": 75}}, {"model": "companies.procedure", "pk": 7, "fields": {"name": "jones", "category": 1, "department": 8}}, {"model": "companies.procedure", "pk": 8, "fields": {"name": "keywords", "category": 1, "department": 4}}, {"model": "companies.procedure", "pk": 9, "fields": {"name": "sons", "category": 1, "department": 17}}, {"model": "companies.procedure", "pk": 10, "fields": {"name": "bikini", "category": 1, "department": 55}}, {"model": "companies.procedure", "pk": 11, "fields": {"name": "dealers", "category": 1, "department": 65}}, {"model": "companies.procedure", "pk": 12, "fields": {"name": "young", "category": 1, "department": 96}}, {"model": "companies.procedure", "pk": 13, "fields": {"name": "strongly", "category": 1, "department": 31}}, {"model": "companies.procedure", "pk": 14, "fields": {"name": "maps", "category": 1, "department": 15}}, {"model": "companies.procedure", "pk": 15, "fields": {"name": "generator", "category": 1, "department": 79}}, {"model": "companies.procedure", "pk": 16, "fields": {"name": "northern", "category": 1, "department": 72}}, {"model": "companies.procedure", "pk": 17, "fields": {"name": "testing", "category": 1, "department": 43}}, {"model": "companies.procedure", "pk": 18, "fields": {"name": "producing", "category": 1, "department": 79}}, {"model": "companies.procedure", "pk": 19, "fields": {"name": "boards", "category": 1, "department": 80}}, {"model": "companies.procedure", "pk": 20, "fields": {"name": "presented", "category": 1, "department": 50}}, {"model": "companies.procedure", "pk": 21, "fields": {"name": "cotton", "category": 1, "department": 26}}, {"model": "companies.procedure", "pk": 22, "fields": {"name": "joseph", "category": 1, "department": 9}}, {"model": "companies.procedure", "pk": 23, "fields": {"name": "skills", "category": 1, "department": 49}}, {"model": "companies.procedure", "pk": 24, "fields": {"name": "den", "category": 1, "department": 41}}, {"model": "companies.procedure", "pk": 25, "fields": {"name": "ways", "category": 1, "department": 74}}, {"model": "companies.procedure", "pk": 26, "fields": {"name": "watching", "category": 1, "department": 81}}, {"model": "companies.procedure", "pk": 27, "fields": {"name": "requires", "category": 1, "department": 82}}, {"model": "companies.procedure", "pk": 28, "fields": {"name": "uniform", "category": 1, "department": 72}}, {"model": "companies.procedure", "pk": 29, "fields": {"name": "jet", "category": 1, "department": 15}}, {"model": "companies.procedure", "pk": 30, "fields": {"name": "thai", "category": 1, "department": 87}}, {"model": "companies.procedure", "pk": 31, "fields": {"name": "awesome", "category": 1, "department": 14}}, {"model": "companies.procedure", "pk": 32, "fields": {"name": "responsibility", "category": 1, "department": 89}}, {"model": "companies.procedure", "pk": 33, "fields": {"name": "recall", "category": 1, "department": 7}}, {"model": "companies.procedure", "pk": 34, "fields": {"name": "solve", "category": 1, "department": 80}}, {"model": "companies.procedure", "pk": 35, "fields": {"name": "review", "category": 1, "department": 41}}, {"model": "companies.procedure", "pk": 36, "fields": {"name": "pc", "category": 1, "department": 54}}, {"model": "companies.procedure", "pk": 37, "fields": {"name": "reported", "category": 1, "department": 90}}, {"model": "companies.procedure", "pk": 38, "fields": {"name": "programs", "category": 1, "department": 99}}, {"model": "companies.procedure", "pk": 39, "fields": {"name": "bond", "category": 1, "department": 55}}, {"model": "companies.procedure", "pk": 40, "fields": {"name": "plaza", "category": 1, "department": 5}}, {"model": "companies.procedure", "pk": 41, "fields": {"name": "baker", "category": 1, "department": 14}}, {"model": "companies.procedure", "pk": 42, "fields": {"name": "milwaukee", "category": 1, "department": 50}}, {"model": "companies.procedure", "pk": 43, "fields": {"name": "bulgaria", "category": 1, "department": 79}}, {"model": "companies.procedure", "pk": 44, "fields": {"name": "website", "category": 1, "department": 27}}, {"model": "companies.procedure", "pk": 45, "fields": {"name": "outstanding", "category": 1, "department": 31}}, {"model": "companies.procedure", "pk": 46, "fields": {"name": "artwork", "category": 1, "department": 66}}, {"model": "companies.procedure", "pk": 47, "fields": {"name": "ad", "category": 1, "department": 99}}, {"model": "companies.procedure", "pk": 48, "fields": {"name": "qty", "category": 1, "department": 68}}, {"model": "companies.procedure", "pk": 49, "fields": {"name": "ian", "category": 1, "department": 63}}, {"model": "companies.procedure", "pk": 50, "fields": {"name": "holdem", "category": 1, "department": 44}}, {"model": "companies.procedure", "pk": 51, "fields": {"name": "dance", "category": 1, "department": 98}}, {"model": "companies.procedure", "pk": 52, "fields": {"name": "expect", "category": 1, "department": 44}}, {"model": "companies.procedure", "pk": 53, "fields": {"name": "printers", "category": 1, "department": 51}}, {"model": "companies.procedure", "pk": 54, "fields": {"name": "specials", "category": 1, "department": 58}}, {"model": "companies.procedure", "pk": 55, "fields": {"name": "litigation", "category": 1, "department": 63}}, {"model": "companies.procedure", "pk": 56, "fields": {"name": "el", "category": 1, "department": 95}}, {"model": "companies.procedure", "pk": 57, "fields": {"name": "investments", "category": 1, "department": 98}}, {"model": "companies.procedure", "pk": 58, "fields": {"name": "innovation", "category": 1, "department": 95}}, {"model": "companies.procedure", "pk": 59, "fields": {"name": "automotive", "category": 1, "department": 10}}, {"model": "companies.procedure", "pk": 60, "fields": {"name": "offer", "category": 1, "department": 45}}, {"model": "companies.procedure", "pk": 61, "fields": {"name": "disclaimer", "category": 1, "department": 89}}, {"model": "companies.procedure", "pk": 62, "fields": {"name": "distribution", "category": 1, "department": 84}}, {"model": "companies.procedure", "pk": 63, "fields": {"name": "breast", "category": 1, "department": 17}}, {"model": "companies.procedure", "pk": 64, "fields": {"name": "peripherals", "category": 1, "department": 28}}, {"model": "companies.procedure", "pk": 65, "fields": {"name": "healthcare", "category": 1, "department": 15}}, {"model": "companies.procedure", "pk": 66, "fields": {"name": "placed", "category": 1, "department": 49}}, {"model": "companies.procedure", "pk": 67, "fields": {"name": "democratic", "category": 1, "department": 85}}, {"model": "companies.procedure", "pk": 68, "fields": {"name": "doubt", "category": 1, "department": 68}}, {"model": "companies.procedure", "pk": 69, "fields": {"name": "song", "category": 1, "department": 26}}, {"model": "companies.procedure", "pk": 70, "fields": {"name": "matters", "category": 1, "department": 81}}, {"model": "companies.procedure", "pk": 71, "fields": {"name": "nature", "category": 1, "department": 83}}, {"model": "companies.procedure", "pk": 72, "fields": {"name": "smile", "category": 1, "department": 36}}, {"model": "companies.procedure", "pk": 73, "fields": {"name": "clear", "category": 1, "department": 11}}, {"model": "companies.procedure", "pk": 74, "fields": {"name": "making", "category": 1, "department": 61}}, {"model": "companies.procedure", "pk": 75, "fields": {"name": "skiing", "category": 1, "department": 44}}, {"model": "companies.procedure", "pk": 76, "fields": {"name": "employer", "category": 1, "department": 28}}, {"model": "companies.procedure", "pk": 77, "fields": {"name": "planner", "category": 1, "department": 32}}, {"model": "companies.procedure", "pk": 78, "fields": {"name": "young", "category": 1, "department": 80}}, {"model": "companies.procedure", "pk": 79, "fields": {"name": "directions", "category": 1, "department": 26}}, {"model": "companies.procedure", "pk": 80, "fields": {"name": "friends", "category": 1, "department": 40}}, {"model": "companies.procedure", "pk": 81, "fields": {"name": "superior", "category": 1, "department": 21}}, {"model": "companies.procedure", "pk": 82, "fields": {"name": "designs", "category": 1, "department": 80}}, {"model": "companies.procedure", "pk": 83, "fields": {"name": "associate", "category": 1, "department": 30}}, {"model": "companies.procedure", "pk": 84, "fields": {"name": "card", "category": 1, "department": 68}}, {"model": "companies.procedure", "pk": 85, "fields": {"name": "diet", "category": 1, "department": 26}}, {"model": "companies.procedure", "pk": 86, "fields": {"name": "luck", "category": 1, "department": 62}}, {"model": "companies.procedure", "pk": 87, "fields": {"name": "integrity", "category": 1, "department": 88}}, {"model": "companies.procedure", "pk": 88, "fields": {"name": "co", "category": 1, "department": 50}}, {"model": "companies.procedure", "pk": 89, "fields": {"name": "samsung", "category": 1, "department": 62}}, {"model": "companies.procedure", "pk": 90, "fields": {"name": "fun", "category": 1, "department": 30}}, {"model": "companies.procedure", "pk": 91, "fields": {"name": "israel", "category": 1, "department": 51}}, {"model": "companies.procedure", "pk": 92, "fields": {"name": "ra", "category": 1, "department": 10}}, {"model": "companies.procedure", "pk": 93, "fields": {"name": "casual", "category": 1, "department": 4}}, {"model": "companies.procedure", "pk": 94, "fields": {"name": "producer", "category": 1, "department": 20}}, {"model": "companies.procedure", "pk": 95, "fields": {"name": "favorites", "category": 1, "department": 52}}, {"model": "companies.procedure", "pk": 96, "fields": {"name": "self", "category": 1, "department": 42}}, {"model": "companies.procedure", "pk": 97, "fields": {"name": "horny", "category": 1, "department": 2}}, {"model": "companies.procedure", "pk": 98, "fields": {"name": "author", "category": 1, "department": 71}}, {"model": "companies.procedure", "pk": 99, "fields": {"name": "pleased", "category": 1, "department": 63}}, {"model": "companies.procedure", "pk": 100, "fields": {"name": "null", "category": 1, "department": 31}}, {"model": "companies.employee", "pk": 1, "fields": {"created": "2024-03-13T10:34:32.072Z", "modified": "2024-03-13T10:34:32.072Z", "user": 6, "position": "here", "fire_date": null, "departments": [8, 97, 50, 41]}}, {"model": "companies.employee", "pk": 2, "fields": {"created": "2024-03-13T10:34:32.082Z", "modified": "2024-03-13T10:34:32.082Z", "user": 7, "position": "wheel", "fire_date": null, "departments": [38, 85, 65]}}, {"model": "companies.employee", "pk": 3, "fields": {"created": "2024-03-13T10:34:32.091Z", "modified": "2024-03-13T10:34:32.091Z", "user": 8, "position": "export", "fire_date": null, "departments": [63, 6]}}, {"model": "companies.employee", "pk": 4, "fields": {"created": "2024-03-13T10:34:32.100Z", "modified": "2024-03-13T10:34:32.101Z", "user": 9, "position": "trips", "fire_date": null, "departments": [38, 60, 57, 44]}}, {"model": "companies.employee", "pk": 5, "fields": {"created": "2024-03-13T10:34:32.109Z", "modified": "2024-03-13T10:34:32.109Z", "user": 10, "position": "believed", "fire_date": null, "departments": [63]}}, {"model": "companies.employee", "pk": 6, "fields": {"created": "2024-03-13T10:34:32.118Z", "modified": "2024-03-13T10:34:32.118Z", "user": 11, "position": "guitar", "fire_date": null, "departments": [92, 66, 93, 87]}}, {"model": "companies.employee", "pk": 7, "fields": {"created": "2024-03-13T10:34:32.127Z", "modified": "2024-03-13T10:34:32.127Z", "user": 12, "position": "transfer", "fire_date": null, "departments": [65, 4, 42]}}, {"model": "companies.employee", "pk": 8, "fields": {"created": "2024-03-13T10:34:32.136Z", "modified": "2024-03-13T10:34:32.136Z", "user": 13, "position": "alpha", "fire_date": null, "departments": [82]}}, {"model": "companies.employee", "pk": 9, "fields": {"created": "2024-03-13T10:34:32.145Z", "modified": "2024-03-13T10:34:32.145Z", "user": 14, "position": "gaming", "fire_date": null, "departments": [23, 66, 89, 29]}}, {"model": "companies.employee", "pk": 10, "fields": {"created": "2024-03-13T10:34:32.154Z", "modified": "2024-03-13T10:34:32.154Z", "user": 15, "position": "dave", "fire_date": null, "departments": [2]}}, {"model": "companies.employee", "pk": 11, "fields": {"created": "2024-03-13T10:34:32.164Z", "modified": "2024-03-13T10:34:32.164Z", "user": 16, "position": "ordinary", "fire_date": null, "departments": [24, 57, 66, 99]}}, {"model": "companies.employee", "pk": 12, "fields": {"created": "2024-03-13T10:34:32.173Z", "modified": "2024-03-13T10:34:32.173Z", "user": 17, "position": "tony", "fire_date": null, "departments": [58, 64, 71]}}, {"model": "companies.employee", "pk": 13, "fields": {"created": "2024-03-13T10:34:32.182Z", "modified": "2024-03-13T10:34:32.182Z", "user": 18, "position": "measuring", "fire_date": null, "departments": [48]}}, {"model": "companies.employee", "pk": 14, "fields": {"created": "2024-03-13T10:34:32.194Z", "modified": "2024-03-13T10:34:32.194Z", "user": 19, "position": "humans", "fire_date": null, "departments": [57, 88, 69]}}, {"model": "companies.employee", "pk": 15, "fields": {"created": "2024-03-13T10:34:32.204Z", "modified": "2024-03-13T10:34:32.204Z", "user": 20, "position": "couples", "fire_date": null, "departments": [38, 67, 45]}}, {"model": "companies.employee", "pk": 16, "fields": {"created": "2024-03-13T10:34:32.213Z", "modified": "2024-03-13T10:34:32.213Z", "user": 21, "position": "individuals", "fire_date": null, "departments": [33, 77, 84, 1]}}, {"model": "companies.employee", "pk": 17, "fields": {"created": "2024-03-13T10:34:32.223Z", "modified": "2024-03-13T10:34:32.223Z", "user": 22, "position": "multimedia", "fire_date": null, "departments": [35]}}, {"model": "companies.employee", "pk": 18, "fields": {"created": "2024-03-13T10:34:32.232Z", "modified": "2024-03-13T10:34:32.232Z", "user": 23, "position": "pubmed", "fire_date": null, "departments": [72, 60, 66, 48]}}, {"model": "companies.employee", "pk": 19, "fields": {"created": "2024-03-13T10:34:32.242Z", "modified": "2024-03-13T10:34:32.242Z", "user": 24, "position": "jean", "fire_date": null, "departments": [7, 42]}}, {"model": "companies.employee", "pk": 20, "fields": {"created": "2024-03-13T10:34:32.251Z", "modified": "2024-03-13T10:34:32.251Z", "user": 25, "position": "thus", "fire_date": null, "departments": [47]}}, {"model": "companies.employee", "pk": 21, "fields": {"created": "2024-03-13T10:34:32.260Z", "modified": "2024-03-13T10:34:32.260Z", "user": 26, "position": "gender", "fire_date": null, "departments": [30]}}, {"model": "companies.employee", "pk": 22, "fields": {"created": "2024-03-13T10:34:32.269Z", "modified": "2024-03-13T10:34:32.269Z", "user": 27, "position": "status", "fire_date": null, "departments": [8, 49, 43]}}, {"model": "companies.employee", "pk": 23, "fields": {"created": "2024-03-13T10:34:32.278Z", "modified": "2024-03-13T10:34:32.278Z", "user": 28, "position": "road", "fire_date": null, "departments": [30, 16, 29]}}, {"model": "companies.employee", "pk": 24, "fields": {"created": "2024-03-13T10:34:32.287Z", "modified": "2024-03-13T10:34:32.287Z", "user": 29, "position": "toyota", "fire_date": null, "departments": [59, 99, 74]}}, {"model": "companies.employee", "pk": 25, "fields": {"created": "2024-03-13T10:34:32.296Z", "modified": "2024-03-13T10:34:32.296Z", "user": 30, "position": "strategy", "fire_date": null, "departments": [33, 14]}}, {"model": "companies.employee", "pk": 26, "fields": {"created": "2024-03-13T10:34:32.305Z", "modified": "2024-03-13T10:34:32.305Z", "user": 31, "position": "are", "fire_date": null, "departments": [32]}}, {"model": "companies.employee", "pk": 27, "fields": {"created": "2024-03-13T10:34:32.315Z", "modified": "2024-03-13T10:34:32.315Z", "user": 32, "position": "shoot", "fire_date": null, "departments": [63, 12, 29]}}, {"model": "companies.employee", "pk": 28, "fields": {"created": "2024-03-13T10:34:32.324Z", "modified": "2024-03-13T10:34:32.324Z", "user": 33, "position": "tips", "fire_date": null, "departments": [86]}}, {"model": "companies.employee", "pk": 29, "fields": {"created": "2024-03-13T10:34:32.333Z", "modified": "2024-03-13T10:34:32.333Z", "user": 34, "position": "quebec", "fire_date": null, "departments": [37, 73, 75, 22]}}, {"model": "companies.employee", "pk": 30, "fields": {"created": "2024-03-13T10:34:32.343Z", "modified": "2024-03-13T10:34:32.343Z", "user": 35, "position": "wholesale", "fire_date": null, "departments": [87]}}, {"model": "companies.employee", "pk": 31, "fields": {"created": "2024-03-13T10:34:32.351Z", "modified": "2024-03-13T10:34:32.351Z", "user": 36, "position": "adam", "fire_date": null, "departments": [8, 17, 39]}}, {"model": "companies.employee", "pk": 32, "fields": {"created": "2024-03-13T10:34:32.360Z", "modified": "2024-03-13T10:34:32.360Z", "user": 37, "position": "systems", "fire_date": null, "departments": [3, 25, 46]}}, {"model": "companies.employee", "pk": 33, "fields": {"created": "2024-03-13T10:34:32.370Z", "modified": "2024-03-13T10:34:32.370Z", "user": 38, "position": "faster", "fire_date": null, "departments": [62]}}, {"model": "companies.employee", "pk": 34, "fields": {"created": "2024-03-13T10:34:32.379Z", "modified": "2024-03-13T10:34:32.379Z", "user": 39, "position": "cuts", "fire_date": null, "departments": [24, 4]}}, {"model": "companies.employee", "pk": 35, "fields": {"created": "2024-03-13T10:34:32.388Z", "modified": "2024-03-13T10:34:32.388Z", "user": 40, "position": "on", "fire_date": null, "departments": [22]}}, {"model": "companies.employee", "pk": 36, "fields": {"created": "2024-03-13T10:34:32.398Z", "modified": "2024-03-13T10:34:32.398Z", "user": 41, "position": "consent", "fire_date": null, "departments": [31, 99, 6, 54]}}, {"model": "companies.employee", "pk": 37, "fields": {"created": "2024-03-13T10:34:32.407Z", "modified": "2024-03-13T10:34:32.407Z", "user": 42, "position": "victoria", "fire_date": null, "departments": [78, 16, 44]}}, {"model": "companies.employee", "pk": 38, "fields": {"created": "2024-03-13T10:34:32.416Z", "modified": "2024-03-13T10:34:32.416Z", "user": 43, "position": "newly", "fire_date": null, "departments": [15, 12, 51, 13]}}, {"model": "companies.employee", "pk": 39, "fields": {"created": "2024-03-13T10:34:32.425Z", "modified": "2024-03-13T10:34:32.425Z", "user": 44, "position": "equation", "fire_date": null, "departments": [38, 17]}}, {"model": "companies.employee", "pk": 40, "fields": {"created": "2024-03-13T10:34:32.434Z", "modified": "2024-03-13T10:34:32.434Z", "user": 45, "position": "dream", "fire_date": null, "departments": [12, 28, 14, 74]}}, {"model": "companies.employee", "pk": 41, "fields": {"created": "2024-03-13T10:34:32.443Z", "modified": "2024-03-13T10:34:32.443Z", "user": 46, "position": "finished", "fire_date": null, "departments": [67, 10]}}, {"model": "companies.employee", "pk": 42, "fields": {"created": "2024-03-13T10:34:32.452Z", "modified": "2024-03-13T10:34:32.452Z", "user": 47, "position": "injection", "fire_date": null, "departments": [38, 67]}}, {"model": "companies.employee", "pk": 43, "fields": {"created": "2024-03-13T10:34:32.463Z", "modified": "2024-03-13T10:34:32.463Z", "user": 48, "position": "where", "fire_date": null, "departments": [82]}}, {"model": "companies.employee", "pk": 44, "fields": {"created": "2024-03-13T10:34:32.472Z", "modified": "2024-03-13T10:34:32.472Z", "user": 49, "position": "street", "fire_date": null, "departments": [7, 14, 11, 27]}}, {"model": "companies.employee", "pk": 45, "fields": {"created": "2024-03-13T10:34:32.481Z", "modified": "2024-03-13T10:34:32.481Z", "user": 50, "position": "candidate", "fire_date": null, "departments": [37, 85, 11, 13]}}, {"model": "companies.employee", "pk": 46, "fields": {"created": "2024-03-13T10:34:32.490Z", "modified": "2024-03-13T10:34:32.490Z", "user": 51, "position": "efforts", "fire_date": null, "departments": [47, 69, 6]}}, {"model": "companies.employee", "pk": 47, "fields": {"created": "2024-03-13T10:34:32.500Z", "modified": "2024-03-13T10:34:32.500Z", "user": 52, "position": "exposure", "fire_date": null, "departments": [28, 55]}}, {"model": "companies.employee", "pk": 48, "fields": {"created": "2024-03-13T10:34:32.509Z", "modified": "2024-03-13T10:34:32.509Z", "user": 53, "position": "any", "fire_date": null, "departments": [2, 52, 98, 99]}}, {"model": "companies.employee", "pk": 49, "fields": {"created": "2024-03-13T10:34:32.517Z", "modified": "2024-03-13T10:34:32.517Z", "user": 54, "position": "realized", "fire_date": null, "departments": [95, 28, 100, 27]}}, {"model": "companies.employee", "pk": 50, "fields": {"created": "2024-03-13T10:34:32.526Z", "modified": "2024-03-13T10:34:32.526Z", "user": 55, "position": "shopping", "fire_date": null, "departments": [86]}}, {"model": "companies.employee", "pk": 51, "fields": {"created": "2024-03-13T10:34:32.535Z", "modified": "2024-03-13T10:34:32.535Z", "user": 56, "position": "da", "fire_date": null, "departments": [15, 83, 98, 51]}}, {"model": "companies.employee", "pk": 52, "fields": {"created": "2024-03-13T10:34:32.543Z", "modified": "2024-03-13T10:34:32.543Z", "user": 57, "position": "durham", "fire_date": null, "departments": [76]}}, {"model": "companies.employee", "pk": 53, "fields": {"created": "2024-03-13T10:34:32.552Z", "modified": "2024-03-13T10:34:32.552Z", "user": 58, "position": "real", "fire_date": null, "departments": [84, 30, 56, 46]}}, {"model": "companies.employee", "pk": 54, "fields": {"created": "2024-03-13T10:34:32.561Z", "modified": "2024-03-13T10:34:32.561Z", "user": 59, "position": "td", "fire_date": null, "departments": [42]}}, {"model": "companies.employee", "pk": 55, "fields": {"created": "2024-03-13T10:34:32.569Z", "modified": "2024-03-13T10:34:32.569Z", "user": 60, "position": "puts", "fire_date": null, "departments": [84, 23]}}, {"model": "companies.employee", "pk": 56, "fields": {"created": "2024-03-13T10:34:32.578Z", "modified": "2024-03-13T10:34:32.578Z", "user": 61, "position": "visits", "fire_date": null, "departments": [13]}}, {"model": "companies.employee", "pk": 57, "fields": {"created": "2024-03-13T10:34:32.586Z", "modified": "2024-03-13T10:34:32.586Z", "user": 62, "position": "bonds", "fire_date": null, "departments": [2, 95, 67, 80]}}, {"model": "companies.employee", "pk": 58, "fields": {"created": "2024-03-13T10:34:32.595Z", "modified": "2024-03-13T10:34:32.595Z", "user": 63, "position": "bigger", "fire_date": null, "departments": [36, 30, 56, 96]}}, {"model": "companies.employee", "pk": 59, "fields": {"created": "2024-03-13T10:34:32.604Z", "modified": "2024-03-13T10:34:32.604Z", "user": 64, "position": "vincent", "fire_date": null, "departments": [2, 70, 28]}}, {"model": "companies.employee", "pk": 60, "fields": {"created": "2024-03-13T10:34:32.613Z", "modified": "2024-03-13T10:34:32.613Z", "user": 65, "position": "las", "fire_date": null, "departments": [11, 39]}}, {"model": "companies.employee", "pk": 61, "fields": {"created": "2024-03-13T10:34:32.622Z", "modified": "2024-03-13T10:34:32.622Z", "user": 66, "position": "antenna", "fire_date": null, "departments": [70, 32, 62, 17]}}, {"model": "companies.employee", "pk": 62, "fields": {"created": "2024-03-13T10:34:32.631Z", "modified": "2024-03-13T10:34:32.631Z", "user": 67, "position": "pdas", "fire_date": null, "departments": [79, 64, 80]}}, {"model": "companies.employee", "pk": 63, "fields": {"created": "2024-03-13T10:34:32.639Z", "modified": "2024-03-13T10:34:32.639Z", "user": 68, "position": "herein", "fire_date": null, "departments": [97, 52]}}, {"model": "companies.employee", "pk": 64, "fields": {"created": "2024-03-13T10:34:32.648Z", "modified": "2024-03-13T10:34:32.648Z", "user": 69, "position": "limit", "fire_date": null, "departments": [81, 93, 16]}}, {"model": "companies.employee", "pk": 65, "fields": {"created": "2024-03-13T10:34:32.657Z", "modified": "2024-03-13T10:34:32.657Z", "user": 70, "position": "smaller", "fire_date": null, "departments": [94, 52, 32, 41]}}, {"model": "companies.employee", "pk": 66, "fields": {"created": "2024-03-13T10:34:32.666Z", "modified": "2024-03-13T10:34:32.666Z", "user": 71, "position": "venue", "fire_date": null, "departments": [82, 56]}}, {"model": "companies.employee", "pk": 67, "fields": {"created": "2024-03-13T10:34:32.675Z", "modified": "2024-03-13T10:34:32.675Z", "user": 72, "position": "long", "fire_date": null, "departments": [32, 12, 73]}}, {"model": "companies.employee", "pk": 68, "fields": {"created": "2024-03-13T10:34:32.684Z", "modified": "2024-03-13T10:34:32.684Z", "user": 73, "position": "shaped", "fire_date": null, "departments": [70, 31, 28, 4]}}, {"model": "companies.employee", "pk": 69, "fields": {"created": "2024-03-13T10:34:32.692Z", "modified": "2024-03-13T10:34:32.693Z", "user": 74, "position": "all", "fire_date": null, "departments": [18, 54]}}, {"model": "companies.employee", "pk": 70, "fields": {"created": "2024-03-13T10:34:32.701Z", "modified": "2024-03-13T10:34:32.701Z", "user": 75, "position": "impact", "fire_date": null, "departments": [91, 73]}}, {"model": "companies.employee", "pk": 71, "fields": {"created": "2024-03-13T10:34:32.712Z", "modified": "2024-03-13T10:34:32.712Z", "user": 76, "position": "forced", "fire_date": null, "departments": [20, 47, 93, 55]}}, {"model": "companies.employee", "pk": 72, "fields": {"created": "2024-03-13T10:34:32.721Z", "modified": "2024-03-13T10:34:32.721Z", "user": 77, "position": "me", "fire_date": null, "departments": [26, 20]}}, {"model": "companies.employee", "pk": 73, "fields": {"created": "2024-03-13T10:34:32.730Z", "modified": "2024-03-13T10:34:32.730Z", "user": 78, "position": "whole", "fire_date": null, "departments": [76, 62, 30, 48]}}, {"model": "companies.employee", "pk": 74, "fields": {"created": "2024-03-13T10:34:32.739Z", "modified": "2024-03-13T10:34:32.739Z", "user": 79, "position": "settlement", "fire_date": null, "departments": [20, 28, 1, 27]}}, {"model": "companies.employee", "pk": 75, "fields": {"created": "2024-03-13T10:34:32.748Z", "modified": "2024-03-13T10:34:32.748Z", "user": 80, "position": "boards", "fire_date": null, "departments": [17, 27]}}, {"model": "companies.employee", "pk": 76, "fields": {"created": "2024-03-13T10:34:32.758Z", "modified": "2024-03-13T10:34:32.758Z", "user": 81, "position": "overview", "fire_date": null, "departments": [54, 44, 39]}}, {"model": "companies.employee", "pk": 77, "fields": {"created": "2024-03-13T10:34:32.766Z", "modified": "2024-03-13T10:34:32.766Z", "user": 82, "position": "entered", "fire_date": null, "departments": [20]}}, {"model": "companies.employee", "pk": 78, "fields": {"created": "2024-03-13T10:34:32.775Z", "modified": "2024-03-13T10:34:32.775Z", "user": 83, "position": "offered", "fire_date": null, "departments": [8]}}, {"model": "companies.employee", "pk": 79, "fields": {"created": "2024-03-13T10:34:32.784Z", "modified": "2024-03-13T10:34:32.784Z", "user": 84, "position": "offering", "fire_date": null, "departments": [94, 33, 63, 6]}}, {"model": "companies.employee", "pk": 80, "fields": {"created": "2024-03-13T10:34:32.792Z", "modified": "2024-03-13T10:34:32.792Z", "user": 85, "position": "principles", "fire_date": null, "departments": [88]}}, {"model": "companies.employee", "pk": 81, "fields": {"created": "2024-03-13T10:34:32.801Z", "modified": "2024-03-13T10:34:32.801Z", "user": 86, "position": "individuals", "fire_date": null, "departments": [97, 24, 33]}}, {"model": "companies.employee", "pk": 82, "fields": {"created": "2024-03-13T10:34:32.810Z", "modified": "2024-03-13T10:34:32.810Z", "user": 87, "position": "hands", "fire_date": null, "departments": [70, 92, 90, 29]}}, {"model": "companies.employee", "pk": 83, "fields": {"created": "2024-03-13T10:34:32.818Z", "modified": "2024-03-13T10:34:32.818Z", "user": 88, "position": "naturally", "fire_date": null, "departments": [72, 61, 35]}}, {"model": "companies.employee", "pk": 84, "fields": {"created": "2024-03-13T10:34:32.827Z", "modified": "2024-03-13T10:34:32.827Z", "user": 89, "position": "donald", "fire_date": null, "departments": [94, 57, 51]}}, {"model": "companies.employee", "pk": 85, "fields": {"created": "2024-03-13T10:34:32.836Z", "modified": "2024-03-13T10:34:32.836Z", "user": 90, "position": "colombia", "fire_date": null, "departments": [21, 4]}}, {"model": "companies.employee", "pk": 86, "fields": {"created": "2024-03-13T10:34:32.844Z", "modified": "2024-03-13T10:34:32.844Z", "user": 91, "position": "rainbow", "fire_date": null, "departments": [8, 91]}}, {"model": "companies.employee", "pk": 87, "fields": {"created": "2024-03-13T10:34:32.853Z", "modified": "2024-03-13T10:34:32.853Z", "user": 92, "position": "de", "fire_date": null, "departments": [8, 60, 63]}}, {"model": "companies.employee", "pk": 88, "fields": {"created": "2024-03-13T10:34:32.862Z", "modified": "2024-03-13T10:34:32.862Z", "user": 93, "position": "horse", "fire_date": null, "departments": [49, 25]}}, {"model": "companies.employee", "pk": 89, "fields": {"created": "2024-03-13T10:34:32.870Z", "modified": "2024-03-13T10:34:32.870Z", "user": 94, "position": "cats", "fire_date": null, "departments": [81, 86]}}, {"model": "companies.employee", "pk": 90, "fields": {"created": "2024-03-13T10:34:32.879Z", "modified": "2024-03-13T10:34:32.879Z", "user": 95, "position": "gaming", "fire_date": null, "departments": [66, 9, 96, 45]}}, {"model": "companies.employee", "pk": 91, "fields": {"created": "2024-03-13T10:34:32.889Z", "modified": "2024-03-13T10:34:32.889Z", "user": 96, "position": "adventure", "fire_date": null, "departments": [77, 98, 67, 89]}}, {"model": "companies.employee", "pk": 92, "fields": {"created": "2024-03-13T10:34:32.898Z", "modified": "2024-03-13T10:34:32.898Z", "user": 97, "position": "advanced", "fire_date": null, "departments": [24]}}, {"model": "companies.employee", "pk": 93, "fields": {"created": "2024-03-13T10:34:32.906Z", "modified": "2024-03-13T10:34:32.906Z", "user": 98, "position": "es", "fire_date": null, "departments": [84, 65, 86, 87]}}, {"model": "companies.employee", "pk": 94, "fields": {"created": "2024-03-13T10:34:32.915Z", "modified": "2024-03-13T10:34:32.915Z", "user": 99, "position": "vermont", "fire_date": null, "departments": [24, 20, 12, 30]}}, {"model": "companies.employee", "pk": 95, "fields": {"created": "2024-03-13T10:34:32.924Z", "modified": "2024-03-13T10:34:32.924Z", "user": 100, "position": "coastal", "fire_date": null, "departments": [72, 59]}}, {"model": "companies.employee", "pk": 96, "fields": {"created": "2024-03-13T10:34:32.933Z", "modified": "2024-03-13T10:34:32.933Z", "user": 101, "position": "upcoming", "fire_date": null, "departments": [76, 60, 84, 3]}}, {"model": "companies.employee", "pk": 97, "fields": {"created": "2024-03-13T10:34:32.941Z", "modified": "2024-03-13T10:34:32.941Z", "user": 102, "position": "shock", "fire_date": null, "departments": [41]}}, {"model": "companies.employee", "pk": 98, "fields": {"created": "2024-03-13T10:34:32.951Z", "modified": "2024-03-13T10:34:32.951Z", "user": 103, "position": "tutorial", "fire_date": null, "departments": [60, 17, 29]}}, {"model": "companies.employee", "pk": 99, "fields": {"created": "2024-03-13T10:34:32.960Z", "modified": "2024-03-13T10:34:32.960Z", "user": 104, "position": "prove", "fire_date": null, "departments": [14, 23, 69]}}, {"model": "companies.employee", "pk": 100, "fields": {"created": "2024-03-13T10:34:32.969Z", "modified": "2024-03-13T10:34:32.969Z", "user": 105, "position": "buildings", "fire_date": null, "departments": [3, 65, 71]}}, {"model": "companies.masterprocedure", "pk": 1, "fields": {"created": "2024-03-13T10:34:34.291Z", "modified": "2024-03-13T10:34:34.291Z", "archived": null, "procedure": 41, "employee": 22, "price": 13989, "coef": 0.0}}, {"model": "companies.masterprocedure", "pk": 2, "fields": {"created": "2024-03-13T10:34:34.294Z", "modified": "2024-03-13T10:34:34.294Z", "archived": null, "procedure": 8, "employee": 37, "price": 28159, "coef": 0.0}}, {"model": "companies.masterprocedure", "pk": 3, "fields": {"created": "2024-03-13T10:34:34.298Z", "modified": "2024-03-13T10:34:34.298Z", "archived": null, "procedure": 57, "employee": 63, "price": 789, "coef": 0.0}}, {"model": "companies.masterprocedure", "pk": 4, "fields": {"created": "2024-03-13T10:34:34.302Z", "modified": "2024-03-13T10:34:34.302Z", "archived": null, "procedure": 21, "employee": 67, "price": 35338, "coef": 0.0}}, {"model": "companies.masterprocedure", "pk": 5, "fields": {"created": "2024-03-13T10:34:34.306Z", "modified": "2024-03-13T10:34:34.306Z", "archived": null, "procedure": 75, "employee": 8, "price": 29251, "coef": 0.0}}, {"model": "companies.masterprocedure", "pk": 6, "fields": {"created": "2024-03-13T10:34:34.310Z", "modified": "2024-03-13T10:34:34.310Z", "archived": null, "procedure": 53, "employee": 2, "price": 256, "coef": 0.0}}, {"model": "companies.masterprocedure", "pk": 7, "fields": {"created": "2024-03-13T10:34:34.314Z", "modified": "2024-03-13T10:34:34.314Z", "archived": null, "procedure": 83, "employee": 74, "price": 18248, "coef": 0.0}}, {"model": "companies.masterprocedure", "pk": 8, "fields": {"created": "2024-03-13T10:34:34.318Z", "modified": "2024-03-13T10:34:34.318Z", "archived": null, "procedure": 86, "employee": 70, "price": 41743, "coef": 0.0}}, {"model": "companies.masterprocedure", "pk": 9, "fields": {"created": "2024-03-13T10:34:34.322Z", "modified": "2024-03-13T10:34:34.322Z", "archived": null, "procedure": 66, "employee": 88, "price": 35070, "coef": 0.0}}, {"model": "companies.masterprocedure", "pk": 10, "fields": {"created": "2024-03-13T10:34:34.325Z", "modified": "2024-03-13T10:34:34.326Z", "archived": null, "procedure": 74, "employee": 12, "price": 6604, "coef": 0.0}}, {"model": "companies.masterprocedure", "pk": 11, "fields": {"created": "2024-03-13T10:34:34.329Z", "modified": "2024-03-13T10:34:34.329Z", "archived": null, "procedure": 50, "employee": 3, "price": 5946, "coef": 0.0}}, {"model": "companies.masterprocedure", "pk": 12, "fields": {"created": "2024-03-13T10:34:34.333Z", "modified": "2024-03-13T10:34:34.333Z", "archived": null, "procedure": 74, "employee": 7, "price": 32571, "coef": 0.0}}, {"model": "companies.masterprocedure", "pk": 13, "fields": {"created": "2024-03-13T10:34:34.337Z", "modified": "2024-03-13T10:34:34.337Z", "archived": null, "procedure": 55, "employee": 5, "price": 37331, "coef": 0.0}}, {"model": "companies.masterprocedure", "pk": 14, "fields": {"created": "2024-03-13T10:34:34.341Z", "modified": "2024-03-13T10:34:34.341Z", "archived": null, "procedure": 39, "employee": 88, "price": 253, "coef": 0.0}}, {"model": "companies.masterprocedure", "pk": 15, "fields": {"created": "2024-03-13T10:34:34.345Z", "modified": "2024-03-13T10:34:34.345Z", "archived": null, "procedure": 93, "employee": 90, "price": 4740, "coef": 0.0}}, {"model": "companies.masterprocedure", "pk": 16, "fields": {"created": "2024-03-13T10:34:34.348Z", "modified": "2024-03-13T10:34:34.348Z", "archived": null, "procedure": 100, "employee": 42, "price": 47511, "coef": 0.0}}, {"model": "companies.masterprocedure", "pk": 17, "fields": {"created": "2024-03-13T10:34:34.352Z", "modified": "2024-03-13T10:34:34.352Z", "archived": null, "procedure": 54, "employee": 65, "price": 29161, "coef": 0.0}}, {"model": "companies.masterprocedure", "pk": 18, "fields": {"created": "2024-03-13T10:34:34.356Z", "modified": "2024-03-13T10:34:34.356Z", "archived": null, "procedure": 98, "employee": 44, "price": 41019, "coef": 0.0}}, {"model": "companies.masterprocedure", "pk": 19, "fields": {"created": "2024-03-13T10:34:34.360Z", "modified": "2024-03-13T10:34:34.360Z", "archived": null, "procedure": 41, "employee": 71, "price": 35490, "coef": 0.0}}, {"model": "companies.masterprocedure", "pk": 20, "fields": {"created": "2024-03-13T10:34:34.364Z", "modified": "2024-03-13T10:34:34.364Z", "archived": null, "procedure": 65, "employee": 1, "price": 47429, "coef": 0.0}}, {"model": "companies.masterprocedure", "pk": 21, "fields": {"created": "2024-03-13T10:34:34.368Z", "modified": "2024-03-13T10:34:34.368Z", "archived": null, "procedure": 61, "employee": 86, "price": 12632, "coef": 0.0}}, {"model": "companies.masterprocedure", "pk": 22, "fields": {"created": "2024-03-13T10:34:34.371Z", "modified": "2024-03-13T10:34:34.371Z", "archived": null, "procedure": 27, "employee": 7, "price": 36716, "coef": 0.0}}, {"model": "companies.masterprocedure", "pk": 23, "fields": {"created": "2024-03-13T10:34:34.375Z", "modified": "2024-03-13T10:34:34.375Z", "archived": null, "procedure": 43, "employee": 57, "price": 6793, "coef": 0.0}}, {"model": "companies.masterprocedure", "pk": 24, "fields": {"created": "2024-03-13T10:34:34.379Z", "modified": "2024-03-13T10:34:34.379Z", "archived": null, "procedure": 70, "employee": 43, "price": 9699, "coef": 0.0}}, {"model": "companies.masterprocedure", "pk": 25, "fields": {"created": "2024-03-13T10:34:34.383Z", "modified": "2024-03-13T10:34:34.383Z", "archived": null, "procedure": 37, "employee": 76, "price": 11718, "coef": 0.0}}, {"model": "companies.masterprocedure", "pk": 26, "fields": {"created": "2024-03-13T10:34:34.387Z", "modified": "2024-03-13T10:34:34.387Z", "archived": null, "procedure": 22, "employee": 86, "price": 37881, "coef": 0.0}}, {"model": "companies.masterprocedure", "pk": 27, "fields": {"created": "2024-03-13T10:34:34.392Z", "modified": "2024-03-13T10:34:34.392Z", "archived": null, "procedure": 42, "employee": 80, "price": 14255, "coef": 0.0}}, {"model": "companies.masterprocedure", "pk": 28, "fields": {"created": "2024-03-13T10:34:34.396Z", "modified": "2024-03-13T10:34:34.396Z", "archived": null, "procedure": 93, "employee": 35, "price": 2537, "coef": 0.0}}, {"model": "companies.masterprocedure", "pk": 29, "fields": {"created": "2024-03-13T10:34:34.401Z", "modified": "2024-03-13T10:34:34.401Z", "archived": null, "procedure": 10, "employee": 13, "price": 23025, "coef": 0.0}}, {"model": "companies.masterprocedure", "pk": 30, "fields": {"created": "2024-03-13T10:34:34.405Z", "modified": "2024-03-13T10:34:34.405Z", "archived": null, "procedure": 26, "employee": 64, "price": 48504, "coef": 0.0}}, {"model": "companies.masterprocedure", "pk": 31, "fields": {"created": "2024-03-13T10:34:34.409Z", "modified": "2024-03-13T10:34:34.409Z", "archived": null, "procedure": 92, "employee": 42, "price": 29020, "coef": 0.0}}, {"model": "companies.masterprocedure", "pk": 32, "fields": {"created": "2024-03-13T10:34:34.413Z", "modified": "2024-03-13T10:34:34.413Z", "archived": null, "procedure": 17, "employee": 2, "price": 2468, "coef": 0.0}}, {"model": "companies.masterprocedure", "pk": 33, "fields": {"created": "2024-03-13T10:34:34.417Z", "modified": "2024-03-13T10:34:34.417Z", "archived": null, "procedure": 68, "employee": 68, "price": 35945, "coef": 0.0}}, {"model": "companies.masterprocedure", "pk": 34, "fields": {"created": "2024-03-13T10:34:34.421Z", "modified": "2024-03-13T10:34:34.421Z", "archived": null, "procedure": 79, "employee": 13, "price": 5731, "coef": 0.0}}, {"model": "companies.masterprocedure", "pk": 35, "fields": {"created": "2024-03-13T10:34:34.425Z", "modified": "2024-03-13T10:34:34.425Z", "archived": null, "procedure": 36, "employee": 76, "price": 16282, "coef": 0.0}}, {"model": "companies.masterprocedure", "pk": 36, "fields": {"created": "2024-03-13T10:34:34.428Z", "modified": "2024-03-13T10:34:34.428Z", "archived": null, "procedure": 59, "employee": 57, "price": 32870, "coef": 0.0}}, {"model": "companies.masterprocedure", "pk": 37, "fields": {"created": "2024-03-13T10:34:34.432Z", "modified": "2024-03-13T10:34:34.432Z", "archived": null, "procedure": 13, "employee": 99, "price": 45695, "coef": 0.0}}, {"model": "companies.masterprocedure", "pk": 38, "fields": {"created": "2024-03-13T10:34:34.436Z", "modified": "2024-03-13T10:34:34.436Z", "archived": null, "procedure": 84, "employee": 43, "price": 25006, "coef": 0.0}}, {"model": "companies.masterprocedure", "pk": 39, "fields": {"created": "2024-03-13T10:34:34.440Z", "modified": "2024-03-13T10:34:34.440Z", "archived": null, "procedure": 43, "employee": 99, "price": 8332, "coef": 0.0}}, {"model": "companies.masterprocedure", "pk": 40, "fields": {"created": "2024-03-13T10:34:34.443Z", "modified": "2024-03-13T10:34:34.443Z", "archived": null, "procedure": 96, "employee": 12, "price": 16516, "coef": 0.0}}, {"model": "companies.masterprocedure", "pk": 41, "fields": {"created": "2024-03-13T10:34:34.447Z", "modified": "2024-03-13T10:34:34.447Z", "archived": null, "procedure": 32, "employee": 20, "price": 49448, "coef": 0.0}}, {"model": "companies.masterprocedure", "pk": 42, "fields": {"created": "2024-03-13T10:34:34.450Z", "modified": "2024-03-13T10:34:34.450Z", "archived": null, "procedure": 18, "employee": 84, "price": 45812, "coef": 0.0}}, {"model": "companies.masterprocedure", "pk": 43, "fields": {"created": "2024-03-13T10:34:34.454Z", "modified": "2024-03-13T10:34:34.454Z", "archived": null, "procedure": 84, "employee": 78, "price": 4141, "coef": 0.0}}, {"model": "companies.masterprocedure", "pk": 44, "fields": {"created": "2024-03-13T10:34:34.458Z", "modified": "2024-03-13T10:34:34.458Z", "archived": null, "procedure": 44, "employee": 87, "price": 13345, "coef": 0.0}}, {"model": "companies.masterprocedure", "pk": 45, "fields": {"created": "2024-03-13T10:34:34.461Z", "modified": "2024-03-13T10:34:34.462Z", "archived": null, "procedure": 69, "employee": 49, "price": 3128, "coef": 0.0}}, {"model": "companies.masterprocedure", "pk": 46, "fields": {"created": "2024-03-13T10:34:34.466Z", "modified": "2024-03-13T10:34:34.466Z", "archived": null, "procedure": 36, "employee": 62, "price": 17230, "coef": 0.0}}, {"model": "companies.masterprocedure", "pk": 47, "fields": {"created": "2024-03-13T10:34:34.469Z", "modified": "2024-03-13T10:34:34.469Z", "archived": null, "procedure": 100, "employee": 58, "price": 17055, "coef": 0.0}}, {"model": "companies.masterprocedure", "pk": 48, "fields": {"created": "2024-03-13T10:34:34.474Z", "modified": "2024-03-13T10:34:34.474Z", "archived": null, "procedure": 49, "employee": 65, "price": 28587, "coef": 0.0}}, {"model": "companies.masterprocedure", "pk": 49, "fields": {"created": "2024-03-13T10:34:34.478Z", "modified": "2024-03-13T10:34:34.478Z", "archived": null, "procedure": 98, "employee": 86, "price": 2275, "coef": 0.0}}, {"model": "companies.masterprocedure", "pk": 50, "fields": {"created": "2024-03-13T10:34:34.482Z", "modified": "2024-03-13T10:34:34.482Z", "archived": null, "procedure": 20, "employee": 30, "price": 4102, "coef": 0.0}}, {"model": "companies.masterprocedure", "pk": 51, "fields": {"created": "2024-03-13T10:34:34.486Z", "modified": "2024-03-13T10:34:34.486Z", "archived": null, "procedure": 77, "employee": 71, "price": 23672, "coef": 0.0}}, {"model": "companies.masterprocedure", "pk": 52, "fields": {"created": "2024-03-13T10:34:34.489Z", "modified": "2024-03-13T10:34:34.489Z", "archived": null, "procedure": 17, "employee": 100, "price": 21978, "coef": 0.0}}, {"model": "companies.masterprocedure", "pk": 53, "fields": {"created": "2024-03-13T10:34:34.493Z", "modified": "2024-03-13T10:34:34.493Z", "archived": null, "procedure": 23, "employee": 58, "price": 3490, "coef": 0.0}}, {"model": "companies.masterprocedure", "pk": 54, "fields": {"created": "2024-03-13T10:34:34.497Z", "modified": "2024-03-13T10:34:34.497Z", "archived": null, "procedure": 99, "employee": 14, "price": 33475, "coef": 0.0}}, {"model": "companies.masterprocedure", "pk": 55, "fields": {"created": "2024-03-13T10:34:34.500Z", "modified": "2024-03-13T10:34:34.500Z", "archived": null, "procedure": 71, "employee": 50, "price": 14204, "coef": 0.0}}, {"model": "companies.masterprocedure", "pk": 56, "fields": {"created": "2024-03-13T10:34:34.504Z", "modified": "2024-03-13T10:34:34.504Z", "archived": null, "procedure": 10, "employee": 73, "price": 22101, "coef": 0.0}}, {"model": "companies.masterprocedure", "pk": 57, "fields": {"created": "2024-03-13T10:34:34.508Z", "modified": "2024-03-13T10:34:34.508Z", "archived": null, "procedure": 100, "employee": 55, "price": 23938, "coef": 0.0}}, {"model": "companies.masterprocedure", "pk": 58, "fields": {"created": "2024-03-13T10:34:34.511Z", "modified": "2024-03-13T10:34:34.511Z", "archived": null, "procedure": 77, "employee": 63, "price": 33656, "coef": 0.0}}, {"model": "companies.masterprocedure", "pk": 59, "fields": {"created": "2024-03-13T10:34:34.515Z", "modified": "2024-03-13T10:34:34.515Z", "archived": null, "procedure": 61, "employee": 35, "price": 15691, "coef": 0.0}}, {"model": "companies.masterprocedure", "pk": 60, "fields": {"created": "2024-03-13T10:34:34.519Z", "modified": "2024-03-13T10:34:34.519Z", "archived": null, "procedure": 42, "employee": 21, "price": 23779, "coef": 0.0}}, {"model": "companies.masterprocedure", "pk": 61, "fields": {"created": "2024-03-13T10:34:34.523Z", "modified": "2024-03-13T10:34:34.523Z", "archived": null, "procedure": 29, "employee": 93, "price": 21376, "coef": 0.0}}, {"model": "companies.masterprocedure", "pk": 62, "fields": {"created": "2024-03-13T10:34:34.527Z", "modified": "2024-03-13T10:34:34.527Z", "archived": null, "procedure": 62, "employee": 56, "price": 24610, "coef": 0.0}}, {"model": "companies.masterprocedure", "pk": 63, "fields": {"created": "2024-03-13T10:34:34.530Z", "modified": "2024-03-13T10:34:34.530Z", "archived": null, "procedure": 50, "employee": 7, "price": 20366, "coef": 0.0}}, {"model": "companies.masterprocedure", "pk": 64, "fields": {"created": "2024-03-13T10:34:34.534Z", "modified": "2024-03-13T10:34:34.534Z", "archived": null, "procedure": 79, "employee": 23, "price": 6160, "coef": 0.0}}, {"model": "companies.masterprocedure", "pk": 65, "fields": {"created": "2024-03-13T10:34:34.538Z", "modified": "2024-03-13T10:34:34.538Z", "archived": null, "procedure": 97, "employee": 47, "price": 517, "coef": 0.0}}, {"model": "companies.masterprocedure", "pk": 66, "fields": {"created": "2024-03-13T10:34:34.542Z", "modified": "2024-03-13T10:34:34.542Z", "archived": null, "procedure": 19, "employee": 17, "price": 12665, "coef": 0.0}}, {"model": "companies.masterprocedure", "pk": 67, "fields": {"created": "2024-03-13T10:34:34.546Z", "modified": "2024-03-13T10:34:34.546Z", "archived": null, "procedure": 91, "employee": 65, "price": 18241, "coef": 0.0}}, {"model": "companies.masterprocedure", "pk": 68, "fields": {"created": "2024-03-13T10:34:34.549Z", "modified": "2024-03-13T10:34:34.549Z", "archived": null, "procedure": 45, "employee": 24, "price": 6516, "coef": 0.0}}, {"model": "companies.masterprocedure", "pk": 69, "fields": {"created": "2024-03-13T10:34:34.553Z", "modified": "2024-03-13T10:34:34.553Z", "archived": null, "procedure": 53, "employee": 33, "price": 1360, "coef": 0.0}}, {"model": "companies.masterprocedure", "pk": 70, "fields": {"created": "2024-03-13T10:34:34.557Z", "modified": "2024-03-13T10:34:34.557Z", "archived": null, "procedure": 24, "employee": 23, "price": 18867, "coef": 0.0}}, {"model": "companies.masterprocedure", "pk": 71, "fields": {"created": "2024-03-13T10:34:34.561Z", "modified": "2024-03-13T10:34:34.561Z", "archived": null, "procedure": 81, "employee": 54, "price": 12794, "coef": 0.0}}, {"model": "companies.masterprocedure", "pk": 72, "fields": {"created": "2024-03-13T10:34:34.565Z", "modified": "2024-03-13T10:34:34.565Z", "archived": null, "procedure": 5, "employee": 23, "price": 30936, "coef": 0.0}}, {"model": "companies.masterprocedure", "pk": 73, "fields": {"created": "2024-03-13T10:34:34.569Z", "modified": "2024-03-13T10:34:34.569Z", "archived": null, "procedure": 68, "employee": 14, "price": 29781, "coef": 0.0}}, {"model": "companies.masterprocedure", "pk": 74, "fields": {"created": "2024-03-13T10:34:34.572Z", "modified": "2024-03-13T10:34:34.572Z", "archived": null, "procedure": 85, "employee": 44, "price": 22320, "coef": 0.0}}, {"model": "companies.masterprocedure", "pk": 75, "fields": {"created": "2024-03-13T10:34:34.576Z", "modified": "2024-03-13T10:34:34.576Z", "archived": null, "procedure": 1, "employee": 93, "price": 44341, "coef": 0.0}}, {"model": "companies.masterprocedure", "pk": 76, "fields": {"created": "2024-03-13T10:34:34.579Z", "modified": "2024-03-13T10:34:34.579Z", "archived": null, "procedure": 19, "employee": 83, "price": 29763, "coef": 0.0}}, {"model": "companies.masterprocedure", "pk": 77, "fields": {"created": "2024-03-13T10:34:34.583Z", "modified": "2024-03-13T10:34:34.583Z", "archived": null, "procedure": 58, "employee": 29, "price": 22136, "coef": 0.0}}, {"model": "companies.masterprocedure", "pk": 78, "fields": {"created": "2024-03-13T10:34:34.587Z", "modified": "2024-03-13T10:34:34.587Z", "archived": null, "procedure": 43, "employee": 86, "price": 19616, "coef": 0.0}}, {"model": "companies.masterprocedure", "pk": 79, "fields": {"created": "2024-03-13T10:34:34.590Z", "modified": "2024-03-13T10:34:34.590Z", "archived": null, "procedure": 11, "employee": 20, "price": 30428, "coef": 0.0}}, {"model": "companies.masterprocedure", "pk": 80, "fields": {"created": "2024-03-13T10:34:34.594Z", "modified": "2024-03-13T10:34:34.594Z", "archived": null, "procedure": 37, "employee": 76, "price": 44643, "coef": 0.0}}, {"model": "companies.masterprocedure", "pk": 81, "fields": {"created": "2024-03-13T10:34:34.598Z", "modified": "2024-03-13T10:34:34.598Z", "archived": null, "procedure": 82, "employee": 71, "price": 2707, "coef": 0.0}}, {"model": "companies.masterprocedure", "pk": 82, "fields": {"created": "2024-03-13T10:34:34.601Z", "modified": "2024-03-13T10:34:34.601Z", "archived": null, "procedure": 37, "employee": 24, "price": 598, "coef": 0.0}}, {"model": "companies.masterprocedure", "pk": 83, "fields": {"created": "2024-03-13T10:34:34.605Z", "modified": "2024-03-13T10:34:34.605Z", "archived": null, "procedure": 56, "employee": 90, "price": 44172, "coef": 0.0}}, {"model": "companies.masterprocedure", "pk": 84, "fields": {"created": "2024-03-13T10:34:34.609Z", "modified": "2024-03-13T10:34:34.609Z", "archived": null, "procedure": 13, "employee": 10, "price": 28606, "coef": 0.0}}, {"model": "companies.masterprocedure", "pk": 85, "fields": {"created": "2024-03-13T10:34:34.612Z", "modified": "2024-03-13T10:34:34.612Z", "archived": null, "procedure": 30, "employee": 76, "price": 44884, "coef": 0.0}}, {"model": "companies.masterprocedure", "pk": 86, "fields": {"created": "2024-03-13T10:34:34.616Z", "modified": "2024-03-13T10:34:34.616Z", "archived": null, "procedure": 70, "employee": 82, "price": 47277, "coef": 0.0}}, {"model": "companies.masterprocedure", "pk": 87, "fields": {"created": "2024-03-13T10:34:34.619Z", "modified": "2024-03-13T10:34:34.619Z", "archived": null, "procedure": 14, "employee": 68, "price": 49223, "coef": 0.0}}, {"model": "companies.masterprocedure", "pk": 88, "fields": {"created": "2024-03-13T10:34:34.623Z", "modified": "2024-03-13T10:34:34.623Z", "archived": null, "procedure": 67, "employee": 8, "price": 29969, "coef": 0.0}}, {"model": "companies.masterprocedure", "pk": 89, "fields": {"created": "2024-03-13T10:34:34.627Z", "modified": "2024-03-13T10:34:34.627Z", "archived": null, "procedure": 57, "employee": 79, "price": 37019, "coef": 0.0}}, {"model": "companies.masterprocedure", "pk": 90, "fields": {"created": "2024-03-13T10:34:34.630Z", "modified": "2024-03-13T10:34:34.630Z", "archived": null, "procedure": 50, "employee": 71, "price": 19003, "coef": 0.0}}, {"model": "companies.masterprocedure", "pk": 91, "fields": {"created": "2024-03-13T10:34:34.634Z", "modified": "2024-03-13T10:34:34.634Z", "archived": null, "procedure": 66, "employee": 50, "price": 12690, "coef": 0.0}}, {"model": "companies.masterprocedure", "pk": 92, "fields": {"created": "2024-03-13T10:34:34.638Z", "modified": "2024-03-13T10:34:34.638Z", "archived": null, "procedure": 100, "employee": 87, "price": 33617, "coef": 0.0}}, {"model": "companies.masterprocedure", "pk": 93, "fields": {"created": "2024-03-13T10:34:34.641Z", "modified": "2024-03-13T10:34:34.641Z", "archived": null, "procedure": 23, "employee": 80, "price": 38545, "coef": 0.0}}, {"model": "companies.masterprocedure", "pk": 94, "fields": {"created": "2024-03-13T10:34:34.645Z", "modified": "2024-03-13T10:34:34.645Z", "archived": null, "procedure": 69, "employee": 15, "price": 17309, "coef": 0.0}}, {"model": "companies.masterprocedure", "pk": 95, "fields": {"created": "2024-03-13T10:34:34.649Z", "modified": "2024-03-13T10:34:34.649Z", "archived": null, "procedure": 13, "employee": 33, "price": 16102, "coef": 0.0}}, {"model": "companies.masterprocedure", "pk": 96, "fields": {"created": "2024-03-13T10:34:34.653Z", "modified": "2024-03-13T10:34:34.653Z", "archived": null, "procedure": 34, "employee": 72, "price": 22744, "coef": 0.0}}, {"model": "companies.masterprocedure", "pk": 97, "fields": {"created": "2024-03-13T10:34:34.657Z", "modified": "2024-03-13T10:34:34.657Z", "archived": null, "procedure": 82, "employee": 70, "price": 14858, "coef": 0.0}}, {"model": "companies.masterprocedure", "pk": 98, "fields": {"created": "2024-03-13T10:34:34.661Z", "modified": "2024-03-13T10:34:34.661Z", "archived": null, "procedure": 15, "employee": 44, "price": 1594, "coef": 0.0}}, {"model": "companies.masterprocedure", "pk": 99, "fields": {"created": "2024-03-13T10:34:34.665Z", "modified": "2024-03-13T10:34:34.665Z", "archived": null, "procedure": 30, "employee": 8, "price": 37846, "coef": 0.0}}, {"model": "companies.masterprocedure", "pk": 100, "fields": {"created": "2024-03-13T10:34:34.669Z", "modified": "2024-03-13T10:34:34.669Z", "archived": null, "procedure": 23, "employee": 14, "price": 33770, "coef": 0.0}}, {"model": "companies.point", "pk": 1, "fields": {"created": "2024-03-13T10:34:31.426Z", "modified": "2024-03-13T10:34:31.426Z", "company": 2, "address": "362 Elmira Pike"}}, {"model": "companies.point", "pk": 2, "fields": {"created": "2024-03-13T10:34:31.429Z", "modified": "2024-03-13T10:34:31.429Z", "company": 1, "address": "177 Kern Glen"}}, {"model": "companies.point", "pk": 3, "fields": {"created": "2024-03-13T10:34:31.432Z", "modified": "2024-03-13T10:34:31.432Z", "company": 1, "address": "1302 Jamestown Stravenue"}}, {"model": "companies.point", "pk": 4, "fields": {"created": "2024-03-13T10:34:31.435Z", "modified": "2024-03-13T10:34:31.435Z", "company": 3, "address": "393 Balmy Junction"}}, {"model": "companies.point", "pk": 5, "fields": {"created": "2024-03-13T10:34:31.438Z", "modified": "2024-03-13T10:34:31.438Z", "company": 2, "address": "643 Alberta Freeway"}}, {"model": "companies.point", "pk": 6, "fields": {"created": "2024-03-13T10:34:31.441Z", "modified": "2024-03-13T10:34:31.441Z", "company": 3, "address": "281 Bosworth Court"}}, {"model": "companies.point", "pk": 7, "fields": {"created": "2024-03-13T10:34:31.444Z", "modified": "2024-03-13T10:34:31.444Z", "company": 3, "address": "906 Quincy Pine"}}, {"model": "companies.point", "pk": 8, "fields": {"created": "2024-03-13T10:34:31.446Z", "modified": "2024-03-13T10:34:31.446Z", "company": 2, "address": "661 Elk Walk"}}, {"model": "companies.point", "pk": 9, "fields": {"created": "2024-03-13T10:34:31.449Z", "modified": "2024-03-13T10:34:31.449Z", "company": 1, "address": "374 Weldon Lake"}}, {"model": "companies.point", "pk": 10, "fields": {"created": "2024-03-13T10:34:31.453Z", "modified": "2024-03-13T10:34:31.453Z", "company": 3, "address": "466 Patterson Highway"}}, {"model": "companies.point", "pk": 11, "fields": {"created": "2024-03-13T10:34:31.456Z", "modified": "2024-03-13T10:34:31.456Z", "company": 1, "address": "444 Lori Ranch"}}, {"model": "companies.point", "pk": 12, "fields": {"created": "2024-03-13T10:34:31.459Z", "modified": "2024-03-13T10:34:31.459Z", "company": 4, "address": "172 Rutledge Shore"}}, {"model": "companies.point", "pk": 13, "fields": {"created": "2024-03-13T10:34:31.462Z", "modified": "2024-03-13T10:34:31.462Z", "company": 1, "address": "1257 Orchard Parkway"}}, {"model": "companies.point", "pk": 14, "fields": {"created": "2024-03-13T10:34:31.465Z", "modified": "2024-03-13T10:34:31.465Z", "company": 5, "address": "1054 Chula Cove"}}, {"model": "companies.point", "pk": 15, "fields": {"created": "2024-03-13T10:34:31.468Z", "modified": "2024-03-13T10:34:31.468Z", "company": 3, "address": "1279 Santa Monica Rapids"}}, {"model": "companies.point", "pk": 16, "fields": {"created": "2024-03-13T10:34:31.472Z", "modified": "2024-03-13T10:34:31.472Z", "company": 3, "address": "1212 Beachmont Creek"}}, {"model": "companies.point", "pk": 17, "fields": {"created": "2024-03-13T10:34:31.475Z", "modified": "2024-03-13T10:34:31.475Z", "company": 3, "address": "1044 Drake Ferry"}}, {"model": "companies.point", "pk": 18, "fields": {"created": "2024-03-13T10:34:31.479Z", "modified": "2024-03-13T10:34:31.479Z", "company": 3, "address": "346 Mercato Station"}}, {"model": "companies.point", "pk": 19, "fields": {"created": "2024-03-13T10:34:31.482Z", "modified": "2024-03-13T10:34:31.482Z", "company": 4, "address": "807 Geary Circle"}}, {"model": "companies.point", "pk": 20, "fields": {"created": "2024-03-13T10:34:31.486Z", "modified": "2024-03-13T10:34:31.486Z", "company": 4, "address": "572 Morningside Junction"}}, {"model": "companies.point", "pk": 21, "fields": {"created": "2024-03-13T10:34:31.488Z", "modified": "2024-03-13T10:34:31.489Z", "company": 4, "address": "735 Spear Hill"}}, {"model": "companies.point", "pk": 22, "fields": {"created": "2024-03-13T10:34:31.491Z", "modified": "2024-03-13T10:34:31.491Z", "company": 3, "address": "1350 Minerva Route"}}, {"model": "companies.point", "pk": 23, "fields": {"created": "2024-03-13T10:34:31.494Z", "modified": "2024-03-13T10:34:31.494Z", "company": 4, "address": "77 Lurline Rapids"}}, {"model": "companies.point", "pk": 24, "fields": {"created": "2024-03-13T10:34:31.497Z", "modified": "2024-03-13T10:34:31.497Z", "company": 4, "address": "472 Appleton Lake"}}, {"model": "companies.point", "pk": 25, "fields": {"created": "2024-03-13T10:34:31.500Z", "modified": "2024-03-13T10:34:31.500Z", "company": 5, "address": "642 Jose Sarria Avenue"}}, {"model": "companies.point", "pk": 26, "fields": {"created": "2024-03-13T10:34:31.503Z", "modified": "2024-03-13T10:34:31.503Z", "company": 3, "address": "1145 Naples Shore"}}, {"model": "companies.point", "pk": 27, "fields": {"created": "2024-03-13T10:34:31.506Z", "modified": "2024-03-13T10:34:31.506Z", "company": 5, "address": "558 Safira Crescent"}}, {"model": "companies.point", "pk": 28, "fields": {"created": "2024-03-13T10:34:31.509Z", "modified": "2024-03-13T10:34:31.509Z", "company": 1, "address": "199 Hernandez Circle"}}, {"model": "companies.point", "pk": 29, "fields": {"created": "2024-03-13T10:34:31.512Z", "modified": "2024-03-13T10:34:31.512Z", "company": 5, "address": "155 Macondray Row"}}, {"model": "companies.point", "pk": 30, "fields": {"created": "2024-03-13T10:34:31.515Z", "modified": "2024-03-13T10:34:31.515Z", "company": 3, "address": "478 Sutro Heights Road"}}, {"model": "companies.point", "pk": 31, "fields": {"created": "2024-03-13T10:34:31.518Z", "modified": "2024-03-13T10:34:31.518Z", "company": 3, "address": "1296 Capp Freeway"}}, {"model": "companies.point", "pk": 32, "fields": {"created": "2024-03-13T10:34:31.521Z", "modified": "2024-03-13T10:34:31.521Z", "company": 5, "address": "614 Cumberland Bend"}}, {"model": "companies.point", "pk": 33, "fields": {"created": "2024-03-13T10:34:31.524Z", "modified": "2024-03-13T10:34:31.524Z", "company": 1, "address": "1119 Washington Lodge"}}, {"model": "companies.point", "pk": 34, "fields": {"created": "2024-03-13T10:34:31.527Z", "modified": "2024-03-13T10:34:31.527Z", "company": 2, "address": "786 North Gate Heights"}}, {"model": "companies.point", "pk": 35, "fields": {"created": "2024-03-13T10:34:31.529Z", "modified": "2024-03-13T10:34:31.529Z", "company": 3, "address": "1189 Girard Court"}}, {"model": "companies.point", "pk": 36, "fields": {"created": "2024-03-13T10:34:31.532Z", "modified": "2024-03-13T10:34:31.532Z", "company": 1, "address": "400 Battery Cranston Ranch"}}, {"model": "companies.point", "pk": 37, "fields": {"created": "2024-03-13T10:34:31.535Z", "modified": "2024-03-13T10:34:31.535Z", "company": 5, "address": "1081 Emma Glen"}}, {"model": "companies.point", "pk": 38, "fields": {"created": "2024-03-13T10:34:31.538Z", "modified": "2024-03-13T10:34:31.538Z", "company": 4, "address": "382 Restani Ranch"}}, {"model": "companies.point", "pk": 39, "fields": {"created": "2024-03-13T10:34:31.541Z", "modified": "2024-03-13T10:34:31.541Z", "company": 4, "address": "23 Bellair Viaduct"}}, {"model": "companies.point", "pk": 40, "fields": {"created": "2024-03-13T10:34:31.544Z", "modified": "2024-03-13T10:34:31.544Z", "company": 3, "address": "787 Fitzgerald Trail"}}, {"model": "companies.point", "pk": 41, "fields": {"created": "2024-03-13T10:34:31.547Z", "modified": "2024-03-13T10:34:31.547Z", "company": 5, "address": "33 Whitfield Ferry"}}, {"model": "companies.point", "pk": 42, "fields": {"created": "2024-03-13T10:34:31.550Z", "modified": "2024-03-13T10:34:31.550Z", "company": 1, "address": "566 Beaver Rapids"}}, {"model": "companies.point", "pk": 43, "fields": {"created": "2024-03-13T10:34:31.553Z", "modified": "2024-03-13T10:34:31.553Z", "company": 4, "address": "394 Neptune Crescent"}}, {"model": "companies.point", "pk": 44, "fields": {"created": "2024-03-13T10:34:31.556Z", "modified": "2024-03-13T10:34:31.556Z", "company": 5, "address": "239 Sotelo Avenue"}}, {"model": "companies.point", "pk": 45, "fields": {"created": "2024-03-13T10:34:31.559Z", "modified": "2024-03-13T10:34:31.559Z", "company": 1, "address": "54 Aloha Arcade"}}, {"model": "companies.point", "pk": 46, "fields": {"created": "2024-03-13T10:34:31.562Z", "modified": "2024-03-13T10:34:31.562Z", "company": 1, "address": "975 Kate Plaza"}}, {"model": "companies.point", "pk": 47, "fields": {"created": "2024-03-13T10:34:31.565Z", "modified": "2024-03-13T10:34:31.565Z", "company": 2, "address": "311 Acevedo Hills"}}, {"model": "companies.point", "pk": 48, "fields": {"created": "2024-03-13T10:34:31.568Z", "modified": "2024-03-13T10:34:31.568Z", "company": 4, "address": "612 Pioche Avenue"}}, {"model": "companies.point", "pk": 49, "fields": {"created": "2024-03-13T10:34:31.571Z", "modified": "2024-03-13T10:34:31.571Z", "company": 2, "address": "1177 Hooper Extension"}}, {"model": "companies.point", "pk": 50, "fields": {"created": "2024-03-13T10:34:31.574Z", "modified": "2024-03-13T10:34:31.574Z", "company": 2, "address": "1009 Andrew Glen"}}, {"model": "companies.point", "pk": 51, "fields": {"created": "2024-03-13T10:34:31.577Z", "modified": "2024-03-13T10:34:31.577Z", "company": 1, "address": "660 Lansing Glen"}}, {"model": "companies.point", "pk": 52, "fields": {"created": "2024-03-13T10:34:31.584Z", "modified": "2024-03-13T10:34:31.584Z", "company": 1, "address": "1067 St. Paul Street-Calvert Street"}}, {"model": "companies.point", "pk": 53, "fields": {"created": "2024-03-13T10:34:31.590Z", "modified": "2024-03-13T10:34:31.590Z", "company": 1, "address": "408 Santa Monica Annex"}}, {"model": "companies.point", "pk": 54, "fields": {"created": "2024-03-13T10:34:31.593Z", "modified": "2024-03-13T10:34:31.593Z", "company": 1, "address": "135 Bucareli Stravenue"}}, {"model": "companies.point", "pk": 55, "fields": {"created": "2024-03-13T10:34:31.598Z", "modified": "2024-03-13T10:34:31.598Z", "company": 2, "address": "868 Selby Drive"}}, {"model": "companies.point", "pk": 56, "fields": {"created": "2024-03-13T10:34:31.601Z", "modified": "2024-03-13T10:34:31.601Z", "company": 4, "address": "1248 La Playa Row"}}, {"model": "companies.point", "pk": 57, "fields": {"created": "2024-03-13T10:34:31.604Z", "modified": "2024-03-13T10:34:31.604Z", "company": 3, "address": "574 Hegal Crossing"}}, {"model": "companies.point", "pk": 58, "fields": {"created": "2024-03-13T10:34:31.607Z", "modified": "2024-03-13T10:34:31.607Z", "company": 3, "address": "230 Wilson Path"}}, {"model": "companies.point", "pk": 59, "fields": {"created": "2024-03-13T10:34:31.610Z", "modified": "2024-03-13T10:34:31.610Z", "company": 5, "address": "1121 Isola Route"}}, {"model": "companies.point", "pk": 60, "fields": {"created": "2024-03-13T10:34:31.613Z", "modified": "2024-03-13T10:34:31.613Z", "company": 1, "address": "526 Pagoda Freeway"}}, {"model": "companies.point", "pk": 61, "fields": {"created": "2024-03-13T10:34:31.616Z", "modified": "2024-03-13T10:34:31.616Z", "company": 4, "address": "1399 Hemway Drive"}}, {"model": "companies.point", "pk": 62, "fields": {"created": "2024-03-13T10:34:31.619Z", "modified": "2024-03-13T10:34:31.619Z", "company": 2, "address": "943 Reddy Junction"}}, {"model": "companies.point", "pk": 63, "fields": {"created": "2024-03-13T10:34:31.622Z", "modified": "2024-03-13T10:34:31.622Z", "company": 5, "address": "64 Fayette Expressway"}}, {"model": "companies.point", "pk": 64, "fields": {"created": "2024-03-13T10:34:31.625Z", "modified": "2024-03-13T10:34:31.625Z", "company": 1, "address": "690 Dogwood Expressway"}}, {"model": "companies.point", "pk": 65, "fields": {"created": "2024-03-13T10:34:31.629Z", "modified": "2024-03-13T10:34:31.629Z", "company": 1, "address": "815 Forest Junction"}}, {"model": "companies.point", "pk": 66, "fields": {"created": "2024-03-13T10:34:31.632Z", "modified": "2024-03-13T10:34:31.632Z", "company": 3, "address": "1270 Reposa Turnpike"}}, {"model": "companies.point", "pk": 67, "fields": {"created": "2024-03-13T10:34:31.635Z", "modified": "2024-03-13T10:34:31.635Z", "company": 1, "address": "200 Sumner Hills"}}, {"model": "companies.point", "pk": 68, "fields": {"created": "2024-03-13T10:34:31.639Z", "modified": "2024-03-13T10:34:31.639Z", "company": 1, "address": "35 Russ Mall"}}, {"model": "companies.point", "pk": 69, "fields": {"created": "2024-03-13T10:34:31.644Z", "modified": "2024-03-13T10:34:31.644Z", "company": 1, "address": "617 Pennington Pass"}}, {"model": "companies.point", "pk": 70, "fields": {"created": "2024-03-13T10:34:31.648Z", "modified": "2024-03-13T10:34:31.648Z", "company": 3, "address": "1282 Watchman Field"}}, {"model": "companies.point", "pk": 71, "fields": {"created": "2024-03-13T10:34:31.654Z", "modified": "2024-03-13T10:34:31.654Z", "company": 1, "address": "646 Glenview Rapids"}}, {"model": "companies.point", "pk": 72, "fields": {"created": "2024-03-13T10:34:31.658Z", "modified": "2024-03-13T10:34:31.658Z", "company": 4, "address": "341 Marist Bayou"}}, {"model": "companies.point", "pk": 73, "fields": {"created": "2024-03-13T10:34:31.662Z", "modified": "2024-03-13T10:34:31.662Z", "company": 5, "address": "1252 Nelson Rising Avenue"}}, {"model": "companies.point", "pk": 74, "fields": {"created": "2024-03-13T10:34:31.665Z", "modified": "2024-03-13T10:34:31.665Z", "company": 2, "address": "639 Chinook Hills"}}, {"model": "companies.point", "pk": 75, "fields": {"created": "2024-03-13T10:34:31.668Z", "modified": "2024-03-13T10:34:31.668Z", "company": 1, "address": "233 Montgomery Extension"}}, {"model": "companies.point", "pk": 76, "fields": {"created": "2024-03-13T10:34:31.671Z", "modified": "2024-03-13T10:34:31.671Z", "company": 4, "address": "813 Lathrop Lane"}}, {"model": "companies.point", "pk": 77, "fields": {"created": "2024-03-13T10:34:31.674Z", "modified": "2024-03-13T10:34:31.674Z", "company": 5, "address": "240 Franklin Place"}}, {"model": "companies.point", "pk": 78, "fields": {"created": "2024-03-13T10:34:31.676Z", "modified": "2024-03-13T10:34:31.676Z", "company": 4, "address": "952 Saddleback Crossing"}}, {"model": "companies.point", "pk": 79, "fields": {"created": "2024-03-13T10:34:31.679Z", "modified": "2024-03-13T10:34:31.679Z", "company": 3, "address": "1366 Sparta Alley"}}, {"model": "companies.point", "pk": 80, "fields": {"created": "2024-03-13T10:34:31.682Z", "modified": "2024-03-13T10:34:31.682Z", "company": 4, "address": "1200 East Fort Miley Bypass"}}, {"model": "companies.point", "pk": 81, "fields": {"created": "2024-03-13T10:34:31.685Z", "modified": "2024-03-13T10:34:31.685Z", "company": 3, "address": "651 Naples Terrace"}}, {"model": "companies.point", "pk": 82, "fields": {"created": "2024-03-13T10:34:31.688Z", "modified": "2024-03-13T10:34:31.688Z", "company": 4, "address": "216 Seward Canyon"}}, {"model": "companies.point", "pk": 83, "fields": {"created": "2024-03-13T10:34:31.692Z", "modified": "2024-03-13T10:34:31.692Z", "company": 5, "address": "1030 Georgia Road"}}, {"model": "companies.point", "pk": 84, "fields": {"created": "2024-03-13T10:34:31.695Z", "modified": "2024-03-13T10:34:31.695Z", "company": 2, "address": "1228 Tevis Landing"}}, {"model": "companies.point", "pk": 85, "fields": {"created": "2024-03-13T10:34:31.698Z", "modified": "2024-03-13T10:34:31.698Z", "company": 2, "address": "118 Nebraska Hill"}}, {"model": "companies.point", "pk": 86, "fields": {"created": "2024-03-13T10:34:31.701Z", "modified": "2024-03-13T10:34:31.701Z", "company": 1, "address": "1080 Robinhood Parkway"}}, {"model": "companies.point", "pk": 87, "fields": {"created": "2024-03-13T10:34:31.704Z", "modified": "2024-03-13T10:34:31.704Z", "company": 2, "address": "355 Bancroft Loop"}}, {"model": "companies.point", "pk": 88, "fields": {"created": "2024-03-13T10:34:31.707Z", "modified": "2024-03-13T10:34:31.707Z", "company": 5, "address": "796 Amatista Green"}}, {"model": "companies.point", "pk": 89, "fields": {"created": "2024-03-13T10:34:31.710Z", "modified": "2024-03-13T10:34:31.710Z", "company": 1, "address": "523 Central Magazine Crossing"}}, {"model": "companies.point", "pk": 90, "fields": {"created": "2024-03-13T10:34:31.713Z", "modified": "2024-03-13T10:34:31.713Z", "company": 3, "address": "1004 Mayflower Place"}}, {"model": "companies.point", "pk": 91, "fields": {"created": "2024-03-13T10:34:31.716Z", "modified": "2024-03-13T10:34:31.716Z", "company": 5, "address": "180 Cesar Chavez Spur"}}, {"model": "companies.point", "pk": 92, "fields": {"created": "2024-03-13T10:34:31.719Z", "modified": "2024-03-13T10:34:31.719Z", "company": 5, "address": "657 Berry Extension Junction"}}, {"model": "companies.point", "pk": 93, "fields": {"created": "2024-03-13T10:34:31.722Z", "modified": "2024-03-13T10:34:31.722Z", "company": 1, "address": "1180 Aquavista Loop"}}, {"model": "companies.point", "pk": 94, "fields": {"created": "2024-03-13T10:34:31.724Z", "modified": "2024-03-13T10:34:31.724Z", "company": 4, "address": "1380 Canyon Mall"}}, {"model": "companies.point", "pk": 95, "fields": {"created": "2024-03-13T10:34:31.727Z", "modified": "2024-03-13T10:34:31.727Z", "company": 3, "address": "1161 Juniper Boulevard"}}, {"model": "companies.point", "pk": 96, "fields": {"created": "2024-03-13T10:34:31.730Z", "modified": "2024-03-13T10:34:31.730Z", "company": 5, "address": "1023 Rose Green"}}, {"model": "companies.point", "pk": 97, "fields": {"created": "2024-03-13T10:34:31.733Z", "modified": "2024-03-13T10:34:31.733Z", "company": 2, "address": "39 Pfeiffer Bypass"}}, {"model": "companies.point", "pk": 98, "fields": {"created": "2024-03-13T10:34:31.736Z", "modified": "2024-03-13T10:34:31.736Z", "company": 3, "address": "333 Cabrillo Viaduct"}}, {"model": "companies.point", "pk": 99, "fields": {"created": "2024-03-13T10:34:31.739Z", "modified": "2024-03-13T10:34:31.739Z", "company": 4, "address": "1129 Entrada Path"}}, {"model": "companies.point", "pk": 100, "fields": {"created": "2024-03-13T10:34:31.742Z", "modified": "2024-03-13T10:34:31.742Z", "company": 3, "address": "1030 Admiral Alley"}}, {"model": "companies.materialtype", "pk": 1, "fields": {"name": "Dr. Duane Sawyer"}}, {"model": "companies.material", "pk": 1, "fields": {"brand": "neither", "name": "child", "unit": "326", "kind": 1}}, {"model": "companies.material", "pk": 2, "fields": {"brand": "returns", "name": "assumed", "unit": "613", "kind": 1}}, {"model": "companies.material", "pk": 3, "fields": {"brand": "fight", "name": "trans", "unit": "318", "kind": 1}}, {"model": "companies.material", "pk": 4, "fields": {"brand": "decor", "name": "directions", "unit": "233", "kind": 1}}, {"model": "companies.material", "pk": 5, "fields": {"brand": "crimes", "name": "suffering", "unit": "510", "kind": 1}}, {"model": "companies.material", "pk": 6, "fields": {"brand": "lower", "name": "basis", "unit": "930", "kind": 1}}, {"model": "companies.material", "pk": 7, "fields": {"brand": "visitor", "name": "victim", "unit": "170", "kind": 1}}, {"model": "companies.material", "pk": 8, "fields": {"brand": "obtained", "name": "ex", "unit": "350", "kind": 1}}, {"model": "companies.material", "pk": 9, "fields": {"brand": "net", "name": "standing", "unit": "919", "kind": 1}}, {"model": "companies.material", "pk": 10, "fields": {"brand": "wiki", "name": "watching", "unit": "471", "kind": 1}}, {"model": "companies.material", "pk": 11, "fields": {"brand": "boston", "name": "conservative", "unit": "408", "kind": 1}}, {"model": "companies.material", "pk": 12, "fields": {"brand": "chris", "name": "platforms", "unit": "946", "kind": 1}}, {"model": "companies.material", "pk": 13, "fields": {"brand": "speaker", "name": "liberal", "unit": "786", "kind": 1}}, {"model": "companies.material", "pk": 14, "fields": {"brand": "drug", "name": "remarks", "unit": "949", "kind": 1}}, {"model": "companies.material", "pk": 15, "fields": {"brand": "admissions", "name": "rentals", "unit": "986", "kind": 1}}, {"model": "companies.material", "pk": 16, "fields": {"brand": "betting", "name": "gr", "unit": "436", "kind": 1}}, {"model": "companies.material", "pk": 17, "fields": {"brand": "mom", "name": "lb", "unit": "156", "kind": 1}}, {"model": "companies.material", "pk": 18, "fields": {"brand": "complex", "name": "thoughts", "unit": "521", "kind": 1}}, {"model": "companies.material", "pk": 19, "fields": {"brand": "launched", "name": "buy", "unit": "379", "kind": 1}}, {"model": "companies.material", "pk": 20, "fields": {"brand": "tomorrow", "name": "circumstances", "unit": "162", "kind": 1}}, {"model": "companies.material", "pk": 21, "fields": {"brand": "score", "name": "step", "unit": "27", "kind": 1}}, {"model": "companies.material", "pk": 22, "fields": {"brand": "threat", "name": "managers", "unit": "221", "kind": 1}}, {"model": "companies.material", "pk": 23, "fields": {"brand": "na", "name": "marc", "unit": "388", "kind": 1}}, {"model": "companies.material", "pk": 24, "fields": {"brand": "brought", "name": "mile", "unit": "841", "kind": 1}}, {"model": "companies.material", "pk": 25, "fields": {"brand": "roles", "name": "day", "unit": "626", "kind": 1}}, {"model": "companies.material", "pk": 26, "fields": {"brand": "fair", "name": "pe", "unit": "174", "kind": 1}}, {"model": "companies.material", "pk": 27, "fields": {"brand": "spyware", "name": "branch", "unit": "958", "kind": 1}}, {"model": "companies.material", "pk": 28, "fields": {"brand": "cloudy", "name": "hunt", "unit": "295", "kind": 1}}, {"model": "companies.material", "pk": 29, "fields": {"brand": "xx", "name": "tiger", "unit": "941", "kind": 1}}, {"model": "companies.material", "pk": 30, "fields": {"brand": "god", "name": "outcome", "unit": "588", "kind": 1}}, {"model": "companies.material", "pk": 31, "fields": {"brand": "animated", "name": "venture", "unit": "537", "kind": 1}}, {"model": "companies.material", "pk": 32, "fields": {"brand": "wonderful", "name": "cook", "unit": "692", "kind": 1}}, {"model": "companies.material", "pk": 33, "fields": {"brand": "small", "name": "liver", "unit": "277", "kind": 1}}, {"model": "companies.material", "pk": 34, "fields": {"brand": "amd", "name": "families", "unit": "692", "kind": 1}}, {"model": "companies.material", "pk": 35, "fields": {"brand": "jr", "name": "drinks", "unit": "7", "kind": 1}}, {"model": "companies.material", "pk": 36, "fields": {"brand": "requiring", "name": "threads", "unit": "97", "kind": 1}}, {"model": "companies.material", "pk": 37, "fields": {"brand": "rush", "name": "courses", "unit": "258", "kind": 1}}, {"model": "companies.material", "pk": 38, "fields": {"brand": "browsing", "name": "coupon", "unit": "739", "kind": 1}}, {"model": "companies.material", "pk": 39, "fields": {"brand": "northern", "name": "job", "unit": "750", "kind": 1}}, {"model": "companies.material", "pk": 40, "fields": {"brand": "wikipedia", "name": "bringing", "unit": "792", "kind": 1}}, {"model": "companies.material", "pk": 41, "fields": {"brand": "bulk", "name": "bathroom", "unit": "848", "kind": 1}}, {"model": "companies.material", "pk": 42, "fields": {"brand": "desire", "name": "theme", "unit": "553", "kind": 1}}, {"model": "companies.material", "pk": 43, "fields": {"brand": "yesterday", "name": "knowledge", "unit": "408", "kind": 1}}, {"model": "companies.material", "pk": 44, "fields": {"brand": "spectacular", "name": "usd", "unit": "571", "kind": 1}}, {"model": "companies.material", "pk": 45, "fields": {"brand": "malaysia", "name": "example", "unit": "285", "kind": 1}}, {"model": "companies.material", "pk": 46, "fields": {"brand": "song", "name": "roots", "unit": "362", "kind": 1}}, {"model": "companies.material", "pk": 47, "fields": {"brand": "relative", "name": "private", "unit": "978", "kind": 1}}, {"model": "companies.material", "pk": 48, "fields": {"brand": "equally", "name": "volunteer", "unit": "770", "kind": 1}}, {"model": "companies.material", "pk": 49, "fields": {"brand": "neutral", "name": "yeah", "unit": "756", "kind": 1}}, {"model": "companies.material", "pk": 50, "fields": {"brand": "turkish", "name": "recommendation", "unit": "515", "kind": 1}}, {"model": "companies.material", "pk": 51, "fields": {"brand": "citizens", "name": "acceptable", "unit": "529", "kind": 1}}, {"model": "companies.material", "pk": 52, "fields": {"brand": "inventory", "name": "castle", "unit": "942", "kind": 1}}, {"model": "companies.material", "pk": 53, "fields": {"brand": "trembl", "name": "sold", "unit": "871", "kind": 1}}, {"model": "companies.material", "pk": 54, "fields": {"brand": "rankings", "name": "patient", "unit": "762", "kind": 1}}, {"model": "companies.material", "pk": 55, "fields": {"brand": "summer", "name": "italy", "unit": "640", "kind": 1}}, {"model": "companies.material", "pk": 56, "fields": {"brand": "turn", "name": "induced", "unit": "85", "kind": 1}}, {"model": "companies.material", "pk": 57, "fields": {"brand": "counts", "name": "gaming", "unit": "234", "kind": 1}}, {"model": "companies.material", "pk": 58, "fields": {"brand": "by", "name": "rise", "unit": "400", "kind": 1}}, {"model": "companies.material", "pk": 59, "fields": {"brand": "finger", "name": "studios", "unit": "641", "kind": 1}}, {"model": "companies.material", "pk": 60, "fields": {"brand": "francis", "name": "experiment", "unit": "715", "kind": 1}}, {"model": "companies.material", "pk": 61, "fields": {"brand": "morning", "name": "style", "unit": "73", "kind": 1}}, {"model": "companies.material", "pk": 62, "fields": {"brand": "paperback", "name": "committed", "unit": "623", "kind": 1}}, {"model": "companies.material", "pk": 63, "fields": {"brand": "help", "name": "postal", "unit": "489", "kind": 1}}, {"model": "companies.material", "pk": 64, "fields": {"brand": "dry", "name": "century", "unit": "636", "kind": 1}}, {"model": "companies.material", "pk": 65, "fields": {"brand": "oracle", "name": "listen", "unit": "673", "kind": 1}}, {"model": "companies.material", "pk": 66, "fields": {"brand": "rape", "name": "dragon", "unit": "931", "kind": 1}}, {"model": "companies.material", "pk": 67, "fields": {"brand": "immigration", "name": "sign", "unit": "687", "kind": 1}}, {"model": "companies.material", "pk": 68, "fields": {"brand": "typically", "name": "adam", "unit": "292", "kind": 1}}, {"model": "companies.material", "pk": 69, "fields": {"brand": "respectively", "name": "spain", "unit": "549", "kind": 1}}, {"model": "companies.material", "pk": 70, "fields": {"brand": "efforts", "name": "frame", "unit": "207", "kind": 1}}, {"model": "companies.material", "pk": 71, "fields": {"brand": "adopt", "name": "edge", "unit": "570", "kind": 1}}, {"model": "companies.material", "pk": 72, "fields": {"brand": "scene", "name": "salary", "unit": "873", "kind": 1}}, {"model": "companies.material", "pk": 73, "fields": {"brand": "classical", "name": "explore", "unit": "106", "kind": 1}}, {"model": "companies.material", "pk": 74, "fields": {"brand": "subscription", "name": "trial", "unit": "170", "kind": 1}}, {"model": "companies.material", "pk": 75, "fields": {"brand": "selecting", "name": "updated", "unit": "815", "kind": 1}}, {"model": "companies.material", "pk": 76, "fields": {"brand": "stocks", "name": "competition", "unit": "116", "kind": 1}}, {"model": "companies.material", "pk": 77, "fields": {"brand": "foster", "name": "projects", "unit": "136", "kind": 1}}, {"model": "companies.material", "pk": 78, "fields": {"brand": "winds", "name": "robot", "unit": "551", "kind": 1}}, {"model": "companies.material", "pk": 79, "fields": {"brand": "garden", "name": "rank", "unit": "542", "kind": 1}}, {"model": "companies.material", "pk": 80, "fields": {"brand": "canvas", "name": "jam", "unit": "16", "kind": 1}}, {"model": "companies.material", "pk": 81, "fields": {"brand": "abc", "name": "linked", "unit": "628", "kind": 1}}, {"model": "companies.material", "pk": 82, "fields": {"brand": "exist", "name": "know", "unit": "138", "kind": 1}}, {"model": "companies.material", "pk": 83, "fields": {"brand": "stamps", "name": "install", "unit": "230", "kind": 1}}, {"model": "companies.material", "pk": 84, "fields": {"brand": "finance", "name": "principal", "unit": "284", "kind": 1}}, {"model": "companies.material", "pk": 85, "fields": {"brand": "philadelphia", "name": "counties", "unit": "972", "kind": 1}}, {"model": "companies.material", "pk": 86, "fields": {"brand": "deposit", "name": "candidates", "unit": "891", "kind": 1}}, {"model": "companies.material", "pk": 87, "fields": {"brand": "algorithm", "name": "bed", "unit": "318", "kind": 1}}, {"model": "companies.material", "pk": 88, "fields": {"brand": "ten", "name": "programmes", "unit": "651", "kind": 1}}, {"model": "companies.material", "pk": 89, "fields": {"brand": "word", "name": "deep", "unit": "639", "kind": 1}}, {"model": "companies.material", "pk": 90, "fields": {"brand": "month", "name": "purchases", "unit": "654", "kind": 1}}, {"model": "companies.material", "pk": 91, "fields": {"brand": "indianapolis", "name": "usage", "unit": "369", "kind": 1}}, {"model": "companies.material", "pk": 92, "fields": {"brand": "brown", "name": "latter", "unit": "15", "kind": 1}}, {"model": "companies.material", "pk": 93, "fields": {"brand": "packaging", "name": "decline", "unit": "886", "kind": 1}}, {"model": "companies.material", "pk": 94, "fields": {"brand": "pets", "name": "header", "unit": "866", "kind": 1}}, {"model": "companies.material", "pk": 95, "fields": {"brand": "editorial", "name": "mike", "unit": "17", "kind": 1}}, {"model": "companies.material", "pk": 96, "fields": {"brand": "file", "name": "petition", "unit": "332", "kind": 1}}, {"model": "companies.material", "pk": 97, "fields": {"brand": "blogging", "name": "licensed", "unit": "383", "kind": 1}}, {"model": "companies.material", "pk": 98, "fields": {"brand": "meets", "name": "applicant", "unit": "954", "kind": 1}}, {"model": "companies.material", "pk": 99, "fields": {"brand": "hungary", "name": "tony", "unit": "204", "kind": 1}}, {"model": "companies.material", "pk": 100, "fields": {"brand": "impossible", "name": "database", "unit": "816", "kind": 1}}, {"model": "companies.stockmaterial", "pk": 1, "fields": {"material": 72, "price": "20416.00", "quantity": 833, "stock": 61}}, {"model": "companies.stockmaterial", "pk": 2, "fields": {"material": 8, "price": "14976.00", "quantity": 451, "stock": 57}}, {"model": "companies.stockmaterial", "pk": 3, "fields": {"material": 35, "price": "13989.00", "quantity": 65, "stock": 83}}, {"model": "companies.stockmaterial", "pk": 4, "fields": {"material": 42, "price": "25036.00", "quantity": 828, "stock": 8}}, {"model": "companies.stockmaterial", "pk": 5, "fields": {"material": 63, "price": "7694.00", "quantity": 451, "stock": 21}}, {"model": "companies.stockmaterial", "pk": 6, "fields": {"material": 15, "price": "21235.00", "quantity": 926, "stock": 72}}, {"model": "companies.stockmaterial", "pk": 7, "fields": {"material": 82, "price": "41758.00", "quantity": 232, "stock": 58}}, {"model": "companies.stockmaterial", "pk": 8, "fields": {"material": 89, "price": "26224.00", "quantity": 496, "stock": 97}}, {"model": "companies.stockmaterial", "pk": 9, "fields": {"material": 27, "price": "21471.00", "quantity": 425, "stock": 42}}, {"model": "companies.stockmaterial", "pk": 10, "fields": {"material": 47, "price": "11096.00", "quantity": 974, "stock": 55}}, {"model": "companies.stockmaterial", "pk": 11, "fields": {"material": 14, "price": "31593.00", "quantity": 443, "stock": 89}}, {"model": "companies.stockmaterial", "pk": 12, "fields": {"material": 74, "price": "13940.00", "quantity": 123, "stock": 1}}, {"model": "companies.stockmaterial", "pk": 13, "fields": {"material": 31, "price": "39751.00", "quantity": 168, "stock": 36}}, {"model": "companies.stockmaterial", "pk": 14, "fields": {"material": 40, "price": "33948.00", "quantity": 703, "stock": 24}}, {"model": "companies.stockmaterial", "pk": 15, "fields": {"material": 42, "price": "34806.00", "quantity": 879, "stock": 53}}, {"model": "companies.stockmaterial", "pk": 16, "fields": {"material": 61, "price": "26785.00", "quantity": 399, "stock": 81}}, {"model": "companies.stockmaterial", "pk": 17, "fields": {"material": 40, "price": "32819.00", "quantity": 457, "stock": 69}}, {"model": "companies.stockmaterial", "pk": 18, "fields": {"material": 61, "price": "5241.00", "quantity": 173, "stock": 70}}, {"model": "companies.stockmaterial", "pk": 19, "fields": {"material": 37, "price": "34015.00", "quantity": 420, "stock": 86}}, {"model": "companies.stockmaterial", "pk": 20, "fields": {"material": 77, "price": "28330.00", "quantity": 135, "stock": 28}}, {"model": "companies.stockmaterial", "pk": 21, "fields": {"material": 78, "price": "24238.00", "quantity": 346, "stock": 20}}, {"model": "companies.stockmaterial", "pk": 22, "fields": {"material": 32, "price": "40674.00", "quantity": 423, "stock": 43}}, {"model": "companies.stockmaterial", "pk": 23, "fields": {"material": 41, "price": "23034.00", "quantity": 432, "stock": 44}}, {"model": "companies.stockmaterial", "pk": 24, "fields": {"material": 18, "price": "43427.00", "quantity": 752, "stock": 68}}, {"model": "companies.stockmaterial", "pk": 25, "fields": {"material": 38, "price": "33743.00", "quantity": 338, "stock": 15}}, {"model": "companies.stockmaterial", "pk": 26, "fields": {"material": 72, "price": "17849.00", "quantity": 473, "stock": 71}}, {"model": "companies.stockmaterial", "pk": 27, "fields": {"material": 37, "price": "15817.00", "quantity": 106, "stock": 16}}, {"model": "companies.stockmaterial", "pk": 28, "fields": {"material": 33, "price": "22072.00", "quantity": 384, "stock": 52}}, {"model": "companies.stockmaterial", "pk": 29, "fields": {"material": 32, "price": "44120.00", "quantity": 544, "stock": 46}}, {"model": "companies.stockmaterial", "pk": 30, "fields": {"material": 13, "price": "31653.00", "quantity": 177, "stock": 49}}, {"model": "companies.stockmaterial", "pk": 31, "fields": {"material": 60, "price": "11869.00", "quantity": 535, "stock": 51}}, {"model": "companies.stockmaterial", "pk": 32, "fields": {"material": 16, "price": "29978.00", "quantity": 423, "stock": 50}}, {"model": "companies.stockmaterial", "pk": 33, "fields": {"material": 45, "price": "31793.00", "quantity": 202, "stock": 58}}, {"model": "companies.stockmaterial", "pk": 34, "fields": {"material": 42, "price": "15022.00", "quantity": 5, "stock": 88}}, {"model": "companies.stockmaterial", "pk": 35, "fields": {"material": 26, "price": "7461.00", "quantity": 888, "stock": 38}}, {"model": "companies.stockmaterial", "pk": 36, "fields": {"material": 16, "price": "14366.00", "quantity": 777, "stock": 87}}, {"model": "companies.stockmaterial", "pk": 37, "fields": {"material": 33, "price": "3644.00", "quantity": 3, "stock": 46}}, {"model": "companies.stockmaterial", "pk": 38, "fields": {"material": 40, "price": "25934.00", "quantity": 852, "stock": 56}}, {"model": "companies.stockmaterial", "pk": 39, "fields": {"material": 94, "price": "26443.00", "quantity": 785, "stock": 48}}, {"model": "companies.stockmaterial", "pk": 40, "fields": {"material": 5, "price": "11367.00", "quantity": 455, "stock": 44}}, {"model": "companies.stockmaterial", "pk": 41, "fields": {"material": 51, "price": "5913.00", "quantity": 22, "stock": 36}}, {"model": "companies.stockmaterial", "pk": 42, "fields": {"material": 47, "price": "26177.00", "quantity": 185, "stock": 23}}, {"model": "companies.stockmaterial", "pk": 43, "fields": {"material": 9, "price": "30336.00", "quantity": 571, "stock": 38}}, {"model": "companies.stockmaterial", "pk": 44, "fields": {"material": 24, "price": "21042.00", "quantity": 985, "stock": 50}}, {"model": "companies.stockmaterial", "pk": 45, "fields": {"material": 50, "price": "42571.00", "quantity": 102, "stock": 45}}, {"model": "companies.stockmaterial", "pk": 46, "fields": {"material": 82, "price": "5117.00", "quantity": 941, "stock": 57}}, {"model": "companies.stockmaterial", "pk": 47, "fields": {"material": 9, "price": "18828.00", "quantity": 284, "stock": 12}}, {"model": "companies.stockmaterial", "pk": 48, "fields": {"material": 100, "price": "33603.00", "quantity": 442, "stock": 23}}, {"model": "companies.stockmaterial", "pk": 49, "fields": {"material": 95, "price": "40275.00", "quantity": 814, "stock": 25}}, {"model": "companies.stockmaterial", "pk": 50, "fields": {"material": 21, "price": "25290.00", "quantity": 325, "stock": 20}}, {"model": "companies.stockmaterial", "pk": 51, "fields": {"material": 100, "price": "31452.00", "quantity": 994, "stock": 64}}, {"model": "companies.stockmaterial", "pk": 52, "fields": {"material": 42, "price": "13613.00", "quantity": 981, "stock": 93}}, {"model": "companies.stockmaterial", "pk": 53, "fields": {"material": 41, "price": "3291.00", "quantity": 782, "stock": 58}}, {"model": "companies.stockmaterial", "pk": 54, "fields": {"material": 17, "price": "34878.00", "quantity": 517, "stock": 7}}, {"model": "companies.stockmaterial", "pk": 55, "fields": {"material": 89, "price": "41927.00", "quantity": 440, "stock": 8}}, {"model": "companies.stockmaterial", "pk": 56, "fields": {"material": 66, "price": "49507.00", "quantity": 407, "stock": 2}}, {"model": "companies.stockmaterial", "pk": 57, "fields": {"material": 11, "price": "29440.00", "quantity": 855, "stock": 17}}, {"model": "companies.stockmaterial", "pk": 58, "fields": {"material": 35, "price": "2620.00", "quantity": 209, "stock": 22}}, {"model": "companies.stockmaterial", "pk": 59, "fields": {"material": 90, "price": "36961.00", "quantity": 315, "stock": 91}}, {"model": "companies.stockmaterial", "pk": 60, "fields": {"material": 49, "price": "36490.00", "quantity": 472, "stock": 86}}, {"model": "companies.stockmaterial", "pk": 61, "fields": {"material": 67, "price": "26009.00", "quantity": 673, "stock": 22}}, {"model": "companies.stockmaterial", "pk": 62, "fields": {"material": 55, "price": "21186.00", "quantity": 752, "stock": 12}}, {"model": "companies.stockmaterial", "pk": 63, "fields": {"material": 45, "price": "29241.00", "quantity": 993, "stock": 73}}, {"model": "companies.stockmaterial", "pk": 64, "fields": {"material": 47, "price": "18726.00", "quantity": 923, "stock": 97}}, {"model": "companies.stockmaterial", "pk": 65, "fields": {"material": 40, "price": "8348.00", "quantity": 639, "stock": 21}}, {"model": "companies.stockmaterial", "pk": 66, "fields": {"material": 75, "price": "33317.00", "quantity": 942, "stock": 45}}, {"model": "companies.stockmaterial", "pk": 67, "fields": {"material": 92, "price": "26431.00", "quantity": 793, "stock": 83}}, {"model": "companies.stockmaterial", "pk": 68, "fields": {"material": 42, "price": "28422.00", "quantity": 556, "stock": 41}}, {"model": "companies.stockmaterial", "pk": 69, "fields": {"material": 59, "price": "6940.00", "quantity": 985, "stock": 33}}, {"model": "companies.stockmaterial", "pk": 70, "fields": {"material": 56, "price": "3864.00", "quantity": 759, "stock": 26}}, {"model": "companies.stockmaterial", "pk": 71, "fields": {"material": 16, "price": "6997.00", "quantity": 114, "stock": 48}}, {"model": "companies.stockmaterial", "pk": 72, "fields": {"material": 44, "price": "3194.00", "quantity": 820, "stock": 80}}, {"model": "companies.stockmaterial", "pk": 73, "fields": {"material": 60, "price": "43005.00", "quantity": 93, "stock": 78}}, {"model": "companies.stockmaterial", "pk": 74, "fields": {"material": 55, "price": "28786.00", "quantity": 963, "stock": 31}}, {"model": "companies.stockmaterial", "pk": 75, "fields": {"material": 40, "price": "45897.00", "quantity": 165, "stock": 74}}, {"model": "companies.stockmaterial", "pk": 76, "fields": {"material": 37, "price": "48077.00", "quantity": 663, "stock": 22}}, {"model": "companies.stockmaterial", "pk": 77, "fields": {"material": 99, "price": "33762.00", "quantity": 293, "stock": 64}}, {"model": "companies.stockmaterial", "pk": 78, "fields": {"material": 94, "price": "18912.00", "quantity": 890, "stock": 75}}, {"model": "companies.stockmaterial", "pk": 79, "fields": {"material": 21, "price": "13385.00", "quantity": 657, "stock": 54}}, {"model": "companies.stockmaterial", "pk": 80, "fields": {"material": 66, "price": "24587.00", "quantity": 998, "stock": 10}}, {"model": "companies.stockmaterial", "pk": 81, "fields": {"material": 85, "price": "20518.00", "quantity": 514, "stock": 92}}, {"model": "companies.stockmaterial", "pk": 82, "fields": {"material": 61, "price": "46161.00", "quantity": 465, "stock": 45}}, {"model": "companies.stockmaterial", "pk": 83, "fields": {"material": 63, "price": "31802.00", "quantity": 349, "stock": 79}}, {"model": "companies.stockmaterial", "pk": 84, "fields": {"material": 94, "price": "3920.00", "quantity": 978, "stock": 88}}, {"model": "companies.stockmaterial", "pk": 85, "fields": {"material": 81, "price": "9511.00", "quantity": 410, "stock": 78}}, {"model": "companies.stockmaterial", "pk": 86, "fields": {"material": 75, "price": "36285.00", "quantity": 805, "stock": 60}}, {"model": "companies.stockmaterial", "pk": 87, "fields": {"material": 95, "price": "15237.00", "quantity": 895, "stock": 66}}, {"model": "companies.stockmaterial", "pk": 88, "fields": {"material": 63, "price": "14269.00", "quantity": 238, "stock": 50}}, {"model": "companies.stockmaterial", "pk": 89, "fields": {"material": 41, "price": "2039.00", "quantity": 569, "stock": 23}}, {"model": "companies.stockmaterial", "pk": 90, "fields": {"material": 90, "price": "16718.00", "quantity": 999, "stock": 35}}, {"model": "companies.stockmaterial", "pk": 91, "fields": {"material": 33, "price": "24531.00", "quantity": 270, "stock": 57}}, {"model": "companies.stockmaterial", "pk": 92, "fields": {"material": 64, "price": "34124.00", "quantity": 220, "stock": 51}}, {"model": "companies.stockmaterial", "pk": 93, "fields": {"material": 92, "price": "45323.00", "quantity": 362, "stock": 83}}, {"model": "companies.stockmaterial", "pk": 94, "fields": {"material": 47, "price": "651.00", "quantity": 955, "stock": 33}}, {"model": "companies.stockmaterial", "pk": 95, "fields": {"material": 37, "price": "11907.00", "quantity": 607, "stock": 83}}, {"model": "companies.stockmaterial", "pk": 96, "fields": {"material": 44, "price": "41975.00", "quantity": 286, "stock": 87}}, {"model": "companies.stockmaterial", "pk": 97, "fields": {"material": 39, "price": "46695.00", "quantity": 613, "stock": 78}}, {"model": "companies.stockmaterial", "pk": 98, "fields": {"material": 53, "price": "21641.00", "quantity": 13, "stock": 31}}, {"model": "companies.stockmaterial", "pk": 99, "fields": {"material": 100, "price": "25014.00", "quantity": 80, "stock": 16}}, {"model": "companies.stockmaterial", "pk": 100, "fields": {"material": 19, "price": "187.00", "quantity": 237, "stock": 13}}, {"model": "companies.stock", "pk": 1, "fields": {"date": "2009-06-16", "point": 81, "status": "canceled"}}, {"model": "companies.stock", "pk": 2, "fields": {"date": "2019-02-08", "point": 13, "status": "done"}}, {"model": "companies.stock", "pk": 3, "fields": {"date": "2006-05-24", "point": 73, "status": "done"}}, {"model": "companies.stock", "pk": 4, "fields": {"date": "2023-09-07", "point": 11, "status": "canceled"}}, {"model": "companies.stock", "pk": 5, "fields": {"date": "2019-08-02", "point": 40, "status": "progress"}}, {"model": "companies.stock", "pk": 6, "fields": {"date": "2010-03-02", "point": 9, "status": "draft"}}, {"model": "companies.stock", "pk": 7, "fields": {"date": "2019-07-22", "point": 73, "status": "done"}}, {"model": "companies.stock", "pk": 8, "fields": {"date": "2002-08-27", "point": 6, "status": "canceled"}}, {"model": "companies.stock", "pk": 9, "fields": {"date": "2021-09-08", "point": 18, "status": "progress"}}, {"model": "companies.stock", "pk": 10, "fields": {"date": "2000-02-15", "point": 17, "status": "canceled"}}, {"model": "companies.stock", "pk": 11, "fields": {"date": "2006-09-19", "point": 24, "status": "canceled"}}, {"model": "companies.stock", "pk": 12, "fields": {"date": "2021-12-10", "point": 91, "status": "canceled"}}, {"model": "companies.stock", "pk": 13, "fields": {"date": "2015-10-09", "point": 30, "status": "progress"}}, {"model": "companies.stock", "pk": 14, "fields": {"date": "2003-11-10", "point": 43, "status": "draft"}}, {"model": "companies.stock", "pk": 15, "fields": {"date": "2023-11-05", "point": 82, "status": "canceled"}}, {"model": "companies.stock", "pk": 16, "fields": {"date": "2011-11-28", "point": 40, "status": "done"}}, {"model": "companies.stock", "pk": 17, "fields": {"date": "2003-12-13", "point": 85, "status": "progress"}}, {"model": "companies.stock", "pk": 18, "fields": {"date": "2023-09-18", "point": 80, "status": "progress"}}, {"model": "companies.stock", "pk": 19, "fields": {"date": "2023-12-07", "point": 62, "status": "progress"}}, {"model": "companies.stock", "pk": 20, "fields": {"date": "2011-01-31", "point": 53, "status": "draft"}}, {"model": "companies.stock", "pk": 21, "fields": {"date": "2009-11-06", "point": 93, "status": "draft"}}, {"model": "companies.stock", "pk": 22, "fields": {"date": "2015-02-15", "point": 16, "status": "progress"}}, {"model": "companies.stock", "pk": 23, "fields": {"date": "2005-11-10", "point": 87, "status": "done"}}, {"model": "companies.stock", "pk": 24, "fields": {"date": "2002-05-27", "point": 26, "status": "progress"}}, {"model": "companies.stock", "pk": 25, "fields": {"date": "2009-11-07", "point": 76, "status": "done"}}, {"model": "companies.stock", "pk": 26, "fields": {"date": "2016-06-14", "point": 53, "status": "canceled"}}, {"model": "companies.stock", "pk": 27, "fields": {"date": "2010-03-09", "point": 73, "status": "canceled"}}, {"model": "companies.stock", "pk": 28, "fields": {"date": "2019-09-25", "point": 94, "status": "done"}}, {"model": "companies.stock", "pk": 29, "fields": {"date": "2020-04-10", "point": 18, "status": "done"}}, {"model": "companies.stock", "pk": 30, "fields": {"date": "2004-07-02", "point": 76, "status": "progress"}}, {"model": "companies.stock", "pk": 31, "fields": {"date": "2012-12-30", "point": 50, "status": "done"}}, {"model": "companies.stock", "pk": 32, "fields": {"date": "2009-11-10", "point": 32, "status": "progress"}}, {"model": "companies.stock", "pk": 33, "fields": {"date": "2018-04-23", "point": 86, "status": "draft"}}, {"model": "companies.stock", "pk": 34, "fields": {"date": "2017-07-13", "point": 47, "status": "canceled"}}, {"model": "companies.stock", "pk": 35, "fields": {"date": "2006-05-17", "point": 29, "status": "progress"}}, {"model": "companies.stock", "pk": 36, "fields": {"date": "2024-05-16", "point": 30, "status": "progress"}}, {"model": "companies.stock", "pk": 37, "fields": {"date": "2001-05-14", "point": 32, "status": "done"}}, {"model": "companies.stock", "pk": 38, "fields": {"date": "2011-03-24", "point": 10, "status": "progress"}}, {"model": "companies.stock", "pk": 39, "fields": {"date": "2016-04-29", "point": 29, "status": "canceled"}}, {"model": "companies.stock", "pk": 40, "fields": {"date": "2016-11-18", "point": 73, "status": "draft"}}, {"model": "companies.stock", "pk": 41, "fields": {"date": "2013-05-20", "point": 34, "status": "progress"}}, {"model": "companies.stock", "pk": 42, "fields": {"date": "2003-12-02", "point": 58, "status": "draft"}}, {"model": "companies.stock", "pk": 43, "fields": {"date": "2004-05-27", "point": 75, "status": "canceled"}}, {"model": "companies.stock", "pk": 44, "fields": {"date": "2021-08-22", "point": 1, "status": "done"}}, {"model": "companies.stock", "pk": 45, "fields": {"date": "2005-11-02", "point": 19, "status": "draft"}}, {"model": "companies.stock", "pk": 46, "fields": {"date": "2014-10-07", "point": 20, "status": "canceled"}}, {"model": "companies.stock", "pk": 47, "fields": {"date": "2005-08-01", "point": 44, "status": "progress"}}, {"model": "companies.stock", "pk": 48, "fields": {"date": "2014-04-09", "point": 60, "status": "progress"}}, {"model": "companies.stock", "pk": 49, "fields": {"date": "2000-04-09", "point": 6, "status": "draft"}}, {"model": "companies.stock", "pk": 50, "fields": {"date": "2007-02-12", "point": 24, "status": "progress"}}, {"model": "companies.stock", "pk": 51, "fields": {"date": "2005-12-16", "point": 8, "status": "done"}}, {"model": "companies.stock", "pk": 52, "fields": {"date": "2020-11-16", "point": 50, "status": "progress"}}, {"model": "companies.stock", "pk": 53, "fields": {"date": "2023-08-10", "point": 53, "status": "progress"}}, {"model": "companies.stock", "pk": 54, "fields": {"date": "2019-12-21", "point": 22, "status": "canceled"}}, {"model": "companies.stock", "pk": 55, "fields": {"date": "2009-02-03", "point": 15, "status": "draft"}}, {"model": "companies.stock", "pk": 56, "fields": {"date": "2019-03-30", "point": 40, "status": "draft"}}, {"model": "companies.stock", "pk": 57, "fields": {"date": "2011-02-10", "point": 83, "status": "draft"}}, {"model": "companies.stock", "pk": 58, "fields": {"date": "2009-03-27", "point": 22, "status": "progress"}}, {"model": "companies.stock", "pk": 59, "fields": {"date": "2015-07-21", "point": 58, "status": "progress"}}, {"model": "companies.stock", "pk": 60, "fields": {"date": "2021-12-29", "point": 40, "status": "canceled"}}, {"model": "companies.stock", "pk": 61, "fields": {"date": "2011-11-27", "point": 77, "status": "done"}}, {"model": "companies.stock", "pk": 62, "fields": {"date": "2012-11-09", "point": 32, "status": "done"}}, {"model": "companies.stock", "pk": 63, "fields": {"date": "2002-04-14", "point": 85, "status": "draft"}}, {"model": "companies.stock", "pk": 64, "fields": {"date": "2002-08-25", "point": 34, "status": "done"}}, {"model": "companies.stock", "pk": 65, "fields": {"date": "2009-01-16", "point": 99, "status": "done"}}, {"model": "companies.stock", "pk": 66, "fields": {"date": "2014-10-27", "point": 82, "status": "done"}}, {"model": "companies.stock", "pk": 67, "fields": {"date": "2002-12-01", "point": 32, "status": "draft"}}, {"model": "companies.stock", "pk": 68, "fields": {"date": "2020-07-10", "point": 10, "status": "progress"}}, {"model": "companies.stock", "pk": 69, "fields": {"date": "2012-12-28", "point": 27, "status": "canceled"}}, {"model": "companies.stock", "pk": 70, "fields": {"date": "2001-04-02", "point": 69, "status": "canceled"}}, {"model": "companies.stock", "pk": 71, "fields": {"date": "2021-04-22", "point": 77, "status": "done"}}, {"model": "companies.stock", "pk": 72, "fields": {"date": "2007-10-26", "point": 64, "status": "progress"}}, {"model": "companies.stock", "pk": 73, "fields": {"date": "2002-11-13", "point": 2, "status": "progress"}}, {"model": "companies.stock", "pk": 74, "fields": {"date": "2004-02-23", "point": 99, "status": "draft"}}, {"model": "companies.stock", "pk": 75, "fields": {"date": "2019-08-27", "point": 89, "status": "done"}}, {"model": "companies.stock", "pk": 76, "fields": {"date": "2000-03-08", "point": 42, "status": "done"}}, {"model": "companies.stock", "pk": 77, "fields": {"date": "2019-05-16", "point": 20, "status": "draft"}}, {"model": "companies.stock", "pk": 78, "fields": {"date": "2015-09-14", "point": 97, "status": "canceled"}}, {"model": "companies.stock", "pk": 79, "fields": {"date": "2022-10-06", "point": 78, "status": "draft"}}, {"model": "companies.stock", "pk": 80, "fields": {"date": "2004-11-19", "point": 41, "status": "canceled"}}, {"model": "companies.stock", "pk": 81, "fields": {"date": "2000-03-01", "point": 72, "status": "canceled"}}, {"model": "companies.stock", "pk": 82, "fields": {"date": "2017-04-19", "point": 75, "status": "done"}}, {"model": "companies.stock", "pk": 83, "fields": {"date": "2001-04-02", "point": 9, "status": "canceled"}}, {"model": "companies.stock", "pk": 84, "fields": {"date": "2015-09-17", "point": 19, "status": "done"}}, {"model": "companies.stock", "pk": 85, "fields": {"date": "2017-04-15", "point": 41, "status": "progress"}}, {"model": "companies.stock", "pk": 86, "fields": {"date": "2008-11-03", "point": 80, "status": "draft"}}, {"model": "companies.stock", "pk": 87, "fields": {"date": "2017-02-04", "point": 97, "status": "canceled"}}, {"model": "companies.stock", "pk": 88, "fields": {"date": "2001-12-09", "point": 90, "status": "draft"}}, {"model": "companies.stock", "pk": 89, "fields": {"date": "2002-10-18", "point": 94, "status": "canceled"}}, {"model": "companies.stock", "pk": 90, "fields": {"date": "2019-12-04", "point": 37, "status": "progress"}}, {"model": "companies.stock", "pk": 91, "fields": {"date": "2003-09-24", "point": 82, "status": "done"}}, {"model": "companies.stock", "pk": 92, "fields": {"date": "2019-12-12", "point": 52, "status": "progress"}}, {"model": "companies.stock", "pk": 93, "fields": {"date": "2006-12-12", "point": 97, "status": "draft"}}, {"model": "companies.stock", "pk": 94, "fields": {"date": "2000-02-20", "point": 14, "status": "progress"}}, {"model": "companies.stock", "pk": 95, "fields": {"date": "2017-03-17", "point": 52, "status": "canceled"}}, {"model": "companies.stock", "pk": 96, "fields": {"date": "2013-06-11", "point": 15, "status": "done"}}, {"model": "companies.stock", "pk": 97, "fields": {"date": "2024-04-12", "point": 16, "status": "draft"}}, {"model": "companies.stock", "pk": 98, "fields": {"date": "2023-07-10", "point": 68, "status": "draft"}}, {"model": "companies.stock", "pk": 99, "fields": {"date": "2015-06-29", "point": 82, "status": "draft"}}, {"model": "companies.stock", "pk": 100, "fields": {"date": "2007-01-07", "point": 23, "status": "done"}}, {"model": "purchases.productmaterial", "pk": 1, "fields": {"created": "2024-03-13T10:34:35.036Z", "modified": "2024-03-13T10:34:35.036Z", "archived": null, "material": 15, "price": "3085.00"}}, {"model": "purchases.productmaterial", "pk": 2, "fields": {"created": "2024-03-13T10:34:35.039Z", "modified": "2024-03-13T10:34:35.039Z", "archived": null, "material": 53, "price": "26798.00"}}, {"model": "purchases.productmaterial", "pk": 3, "fields": {"created": "2024-03-13T10:34:35.042Z", "modified": "2024-03-13T10:34:35.042Z", "archived": null, "material": 21, "price": "18489.00"}}, {"model": "purchases.productmaterial", "pk": 4, "fields": {"created": "2024-03-13T10:34:35.045Z", "modified": "2024-03-13T10:34:35.045Z", "archived": null, "material": 85, "price": "35434.00"}}, {"model": "purchases.productmaterial", "pk": 5, "fields": {"created": "2024-03-13T10:34:35.049Z", "modified": "2024-03-13T10:34:35.049Z", "archived": null, "material": 89, "price": "24762.00"}}, {"model": "purchases.productmaterial", "pk": 6, "fields": {"created": "2024-03-13T10:34:35.052Z", "modified": "2024-03-13T10:34:35.052Z", "archived": null, "material": 28, "price": "29944.00"}}, {"model": "purchases.productmaterial", "pk": 7, "fields": {"created": "2024-03-13T10:34:35.055Z", "modified": "2024-03-13T10:34:35.055Z", "archived": null, "material": 79, "price": "45486.00"}}, {"model": "purchases.productmaterial", "pk": 8, "fields": {"created": "2024-03-13T10:34:35.058Z", "modified": "2024-03-13T10:34:35.058Z", "archived": null, "material": 25, "price": "34176.00"}}, {"model": "purchases.productmaterial", "pk": 9, "fields": {"created": "2024-03-13T10:34:35.061Z", "modified": "2024-03-13T10:34:35.061Z", "archived": null, "material": 17, "price": "26242.00"}}, {"model": "purchases.productmaterial", "pk": 10, "fields": {"created": "2024-03-13T10:34:35.064Z", "modified": "2024-03-13T10:34:35.064Z", "archived": null, "material": 13, "price": "40916.00"}}, {"model": "purchases.productmaterial", "pk": 11, "fields": {"created": "2024-03-13T10:34:35.067Z", "modified": "2024-03-13T10:34:35.067Z", "archived": null, "material": 15, "price": "1195.00"}}, {"model": "purchases.productmaterial", "pk": 12, "fields": {"created": "2024-03-13T10:34:35.070Z", "modified": "2024-03-13T10:34:35.071Z", "archived": null, "material": 50, "price": "557.00"}}, {"model": "purchases.productmaterial", "pk": 13, "fields": {"created": "2024-03-13T10:34:35.074Z", "modified": "2024-03-13T10:34:35.074Z", "archived": null, "material": 9, "price": "46737.00"}}, {"model": "purchases.productmaterial", "pk": 14, "fields": {"created": "2024-03-13T10:34:35.077Z", "modified": "2024-03-13T10:34:35.077Z", "archived": null, "material": 83, "price": "23247.00"}}, {"model": "purchases.productmaterial", "pk": 15, "fields": {"created": "2024-03-13T10:34:35.080Z", "modified": "2024-03-13T10:34:35.080Z", "archived": null, "material": 32, "price": "25113.00"}}, {"model": "purchases.productmaterial", "pk": 16, "fields": {"created": "2024-03-13T10:34:35.083Z", "modified": "2024-03-13T10:34:35.083Z", "archived": null, "material": 25, "price": "5701.00"}}, {"model": "purchases.productmaterial", "pk": 17, "fields": {"created": "2024-03-13T10:34:35.086Z", "modified": "2024-03-13T10:34:35.086Z", "archived": null, "material": 98, "price": "16377.00"}}, {"model": "purchases.productmaterial", "pk": 18, "fields": {"created": "2024-03-13T10:34:35.089Z", "modified": "2024-03-13T10:34:35.089Z", "archived": null, "material": 83, "price": "49472.00"}}, {"model": "purchases.productmaterial", "pk": 19, "fields": {"created": "2024-03-13T10:34:35.092Z", "modified": "2024-03-13T10:34:35.092Z", "archived": null, "material": 46, "price": "20478.00"}}, {"model": "purchases.productmaterial", "pk": 20, "fields": {"created": "2024-03-13T10:34:35.095Z", "modified": "2024-03-13T10:34:35.095Z", "archived": null, "material": 93, "price": "33716.00"}}, {"model": "purchases.productmaterial", "pk": 21, "fields": {"created": "2024-03-13T10:34:35.098Z", "modified": "2024-03-13T10:34:35.098Z", "archived": null, "material": 89, "price": "11978.00"}}, {"model": "purchases.productmaterial", "pk": 22, "fields": {"created": "2024-03-13T10:34:35.101Z", "modified": "2024-03-13T10:34:35.101Z", "archived": null, "material": 45, "price": "36820.00"}}, {"model": "purchases.productmaterial", "pk": 23, "fields": {"created": "2024-03-13T10:34:35.104Z", "modified": "2024-03-13T10:34:35.104Z", "archived": null, "material": 90, "price": "2003.00"}}, {"model": "purchases.productmaterial", "pk": 24, "fields": {"created": "2024-03-13T10:34:35.108Z", "modified": "2024-03-13T10:34:35.108Z", "archived": null, "material": 100, "price": "38486.00"}}, {"model": "purchases.productmaterial", "pk": 25, "fields": {"created": "2024-03-13T10:34:35.111Z", "modified": "2024-03-13T10:34:35.111Z", "archived": null, "material": 99, "price": "31905.00"}}, {"model": "purchases.productmaterial", "pk": 26, "fields": {"created": "2024-03-13T10:34:35.114Z", "modified": "2024-03-13T10:34:35.114Z", "archived": null, "material": 7, "price": "15266.00"}}, {"model": "purchases.productmaterial", "pk": 27, "fields": {"created": "2024-03-13T10:34:35.117Z", "modified": "2024-03-13T10:34:35.117Z", "archived": null, "material": 70, "price": "19082.00"}}, {"model": "purchases.productmaterial", "pk": 28, "fields": {"created": "2024-03-13T10:34:35.120Z", "modified": "2024-03-13T10:34:35.120Z", "archived": null, "material": 31, "price": "5230.00"}}, {"model": "purchases.productmaterial", "pk": 29, "fields": {"created": "2024-03-13T10:34:35.123Z", "modified": "2024-03-13T10:34:35.123Z", "archived": null, "material": 85, "price": "34124.00"}}, {"model": "purchases.productmaterial", "pk": 30, "fields": {"created": "2024-03-13T10:34:35.126Z", "modified": "2024-03-13T10:34:35.126Z", "archived": null, "material": 82, "price": "48534.00"}}, {"model": "purchases.productmaterial", "pk": 31, "fields": {"created": "2024-03-13T10:34:35.130Z", "modified": "2024-03-13T10:34:35.130Z", "archived": null, "material": 73, "price": "43019.00"}}, {"model": "purchases.productmaterial", "pk": 32, "fields": {"created": "2024-03-13T10:34:35.133Z", "modified": "2024-03-13T10:34:35.133Z", "archived": null, "material": 46, "price": "42600.00"}}, {"model": "purchases.productmaterial", "pk": 33, "fields": {"created": "2024-03-13T10:34:35.136Z", "modified": "2024-03-13T10:34:35.136Z", "archived": null, "material": 75, "price": "49941.00"}}, {"model": "purchases.productmaterial", "pk": 34, "fields": {"created": "2024-03-13T10:34:35.139Z", "modified": "2024-03-13T10:34:35.139Z", "archived": null, "material": 100, "price": "21611.00"}}, {"model": "purchases.productmaterial", "pk": 35, "fields": {"created": "2024-03-13T10:34:35.142Z", "modified": "2024-03-13T10:34:35.143Z", "archived": null, "material": 9, "price": "29751.00"}}, {"model": "purchases.productmaterial", "pk": 36, "fields": {"created": "2024-03-13T10:34:35.146Z", "modified": "2024-03-13T10:34:35.146Z", "archived": null, "material": 27, "price": "12584.00"}}, {"model": "purchases.productmaterial", "pk": 37, "fields": {"created": "2024-03-13T10:34:35.149Z", "modified": "2024-03-13T10:34:35.149Z", "archived": null, "material": 17, "price": "45723.00"}}, {"model": "purchases.productmaterial", "pk": 38, "fields": {"created": "2024-03-13T10:34:35.152Z", "modified": "2024-03-13T10:34:35.152Z", "archived": null, "material": 36, "price": "44687.00"}}, {"model": "purchases.productmaterial", "pk": 39, "fields": {"created": "2024-03-13T10:34:35.155Z", "modified": "2024-03-13T10:34:35.155Z", "archived": null, "material": 76, "price": "18724.00"}}, {"model": "purchases.productmaterial", "pk": 40, "fields": {"created": "2024-03-13T10:34:35.158Z", "modified": "2024-03-13T10:34:35.158Z", "archived": null, "material": 65, "price": "8864.00"}}, {"model": "purchases.productmaterial", "pk": 41, "fields": {"created": "2024-03-13T10:34:35.161Z", "modified": "2024-03-13T10:34:35.161Z", "archived": null, "material": 6, "price": "29355.00"}}, {"model": "purchases.productmaterial", "pk": 42, "fields": {"created": "2024-03-13T10:34:35.164Z", "modified": "2024-03-13T10:34:35.164Z", "archived": null, "material": 76, "price": "11803.00"}}, {"model": "purchases.productmaterial", "pk": 43, "fields": {"created": "2024-03-13T10:34:35.167Z", "modified": "2024-03-13T10:34:35.167Z", "archived": null, "material": 64, "price": "20894.00"}}, {"model": "purchases.productmaterial", "pk": 44, "fields": {"created": "2024-03-13T10:34:35.170Z", "modified": "2024-03-13T10:34:35.170Z", "archived": null, "material": 41, "price": "36957.00"}}, {"model": "purchases.productmaterial", "pk": 45, "fields": {"created": "2024-03-13T10:34:35.173Z", "modified": "2024-03-13T10:34:35.173Z", "archived": null, "material": 12, "price": "15056.00"}}, {"model": "purchases.productmaterial", "pk": 46, "fields": {"created": "2024-03-13T10:34:35.176Z", "modified": "2024-03-13T10:34:35.176Z", "archived": null, "material": 78, "price": "25418.00"}}, {"model": "purchases.productmaterial", "pk": 47, "fields": {"created": "2024-03-13T10:34:35.179Z", "modified": "2024-03-13T10:34:35.179Z", "archived": null, "material": 4, "price": "40093.00"}}, {"model": "purchases.productmaterial", "pk": 48, "fields": {"created": "2024-03-13T10:34:35.182Z", "modified": "2024-03-13T10:34:35.182Z", "archived": null, "material": 93, "price": "37813.00"}}, {"model": "purchases.productmaterial", "pk": 49, "fields": {"created": "2024-03-13T10:34:35.185Z", "modified": "2024-03-13T10:34:35.185Z", "archived": null, "material": 82, "price": "12171.00"}}, {"model": "purchases.productmaterial", "pk": 50, "fields": {"created": "2024-03-13T10:34:35.188Z", "modified": "2024-03-13T10:34:35.188Z", "archived": null, "material": 25, "price": "8513.00"}}, {"model": "purchases.productmaterial", "pk": 51, "fields": {"created": "2024-03-13T10:34:35.192Z", "modified": "2024-03-13T10:34:35.192Z", "archived": null, "material": 88, "price": "15491.00"}}, {"model": "purchases.productmaterial", "pk": 52, "fields": {"created": "2024-03-13T10:34:35.195Z", "modified": "2024-03-13T10:34:35.195Z", "archived": null, "material": 63, "price": "47853.00"}}, {"model": "purchases.productmaterial", "pk": 53, "fields": {"created": "2024-03-13T10:34:35.198Z", "modified": "2024-03-13T10:34:35.198Z", "archived": null, "material": 28, "price": "25500.00"}}, {"model": "purchases.productmaterial", "pk": 54, "fields": {"created": "2024-03-13T10:34:35.201Z", "modified": "2024-03-13T10:34:35.201Z", "archived": null, "material": 32, "price": "25111.00"}}, {"model": "purchases.productmaterial", "pk": 55, "fields": {"created": "2024-03-13T10:34:35.204Z", "modified": "2024-03-13T10:34:35.204Z", "archived": null, "material": 81, "price": "36762.00"}}, {"model": "purchases.productmaterial", "pk": 56, "fields": {"created": "2024-03-13T10:34:35.207Z", "modified": "2024-03-13T10:34:35.207Z", "archived": null, "material": 41, "price": "3840.00"}}, {"model": "purchases.productmaterial", "pk": 57, "fields": {"created": "2024-03-13T10:34:35.210Z", "modified": "2024-03-13T10:34:35.210Z", "archived": null, "material": 60, "price": "42626.00"}}, {"model": "purchases.productmaterial", "pk": 58, "fields": {"created": "2024-03-13T10:34:35.214Z", "modified": "2024-03-13T10:34:35.214Z", "archived": null, "material": 22, "price": "21479.00"}}, {"model": "purchases.productmaterial", "pk": 59, "fields": {"created": "2024-03-13T10:34:35.217Z", "modified": "2024-03-13T10:34:35.217Z", "archived": null, "material": 20, "price": "7531.00"}}, {"model": "purchases.productmaterial", "pk": 60, "fields": {"created": "2024-03-13T10:34:35.220Z", "modified": "2024-03-13T10:34:35.220Z", "archived": null, "material": 23, "price": "32338.00"}}, {"model": "purchases.productmaterial", "pk": 61, "fields": {"created": "2024-03-13T10:34:35.223Z", "modified": "2024-03-13T10:34:35.223Z", "archived": null, "material": 96, "price": "49131.00"}}, {"model": "purchases.productmaterial", "pk": 62, "fields": {"created": "2024-03-13T10:34:35.226Z", "modified": "2024-03-13T10:34:35.226Z", "archived": null, "material": 7, "price": "23390.00"}}, {"model": "purchases.productmaterial", "pk": 63, "fields": {"created": "2024-03-13T10:34:35.230Z", "modified": "2024-03-13T10:34:35.230Z", "archived": null, "material": 4, "price": "16141.00"}}, {"model": "purchases.productmaterial", "pk": 64, "fields": {"created": "2024-03-13T10:34:35.233Z", "modified": "2024-03-13T10:34:35.233Z", "archived": null, "material": 37, "price": "32783.00"}}, {"model": "purchases.productmaterial", "pk": 65, "fields": {"created": "2024-03-13T10:34:35.236Z", "modified": "2024-03-13T10:34:35.236Z", "archived": null, "material": 44, "price": "11778.00"}}, {"model": "purchases.productmaterial", "pk": 66, "fields": {"created": "2024-03-13T10:34:35.239Z", "modified": "2024-03-13T10:34:35.239Z", "archived": null, "material": 58, "price": "48132.00"}}, {"model": "purchases.productmaterial", "pk": 67, "fields": {"created": "2024-03-13T10:34:35.242Z", "modified": "2024-03-13T10:34:35.243Z", "archived": null, "material": 4, "price": "12787.00"}}, {"model": "purchases.productmaterial", "pk": 68, "fields": {"created": "2024-03-13T10:34:35.246Z", "modified": "2024-03-13T10:34:35.246Z", "archived": null, "material": 40, "price": "12033.00"}}, {"model": "purchases.productmaterial", "pk": 69, "fields": {"created": "2024-03-13T10:34:35.249Z", "modified": "2024-03-13T10:34:35.249Z", "archived": null, "material": 38, "price": "43565.00"}}, {"model": "purchases.productmaterial", "pk": 70, "fields": {"created": "2024-03-13T10:34:35.252Z", "modified": "2024-03-13T10:34:35.252Z", "archived": null, "material": 10, "price": "29512.00"}}, {"model": "purchases.productmaterial", "pk": 71, "fields": {"created": "2024-03-13T10:34:35.255Z", "modified": "2024-03-13T10:34:35.255Z", "archived": null, "material": 81, "price": "41568.00"}}, {"model": "purchases.productmaterial", "pk": 72, "fields": {"created": "2024-03-13T10:34:35.258Z", "modified": "2024-03-13T10:34:35.258Z", "archived": null, "material": 73, "price": "1116.00"}}, {"model": "purchases.productmaterial", "pk": 73, "fields": {"created": "2024-03-13T10:34:35.261Z", "modified": "2024-03-13T10:34:35.261Z", "archived": null, "material": 33, "price": "1773.00"}}, {"model": "purchases.productmaterial", "pk": 74, "fields": {"created": "2024-03-13T10:34:35.266Z", "modified": "2024-03-13T10:34:35.266Z", "archived": null, "material": 70, "price": "36149.00"}}, {"model": "purchases.productmaterial", "pk": 75, "fields": {"created": "2024-03-13T10:34:35.269Z", "modified": "2024-03-13T10:34:35.269Z", "archived": null, "material": 89, "price": "12417.00"}}, {"model": "purchases.productmaterial", "pk": 76, "fields": {"created": "2024-03-13T10:34:35.272Z", "modified": "2024-03-13T10:34:35.272Z", "archived": null, "material": 89, "price": "16498.00"}}, {"model": "purchases.productmaterial", "pk": 77, "fields": {"created": "2024-03-13T10:34:35.275Z", "modified": "2024-03-13T10:34:35.275Z", "archived": null, "material": 96, "price": "29435.00"}}, {"model": "purchases.productmaterial", "pk": 78, "fields": {"created": "2024-03-13T10:34:35.278Z", "modified": "2024-03-13T10:34:35.278Z", "archived": null, "material": 34, "price": "38194.00"}}, {"model": "purchases.productmaterial", "pk": 79, "fields": {"created": "2024-03-13T10:34:35.281Z", "modified": "2024-03-13T10:34:35.281Z", "archived": null, "material": 33, "price": "21751.00"}}, {"model": "purchases.productmaterial", "pk": 80, "fields": {"created": "2024-03-13T10:34:35.284Z", "modified": "2024-03-13T10:34:35.284Z", "archived": null, "material": 58, "price": "36459.00"}}, {"model": "purchases.productmaterial", "pk": 81, "fields": {"created": "2024-03-13T10:34:35.287Z", "modified": "2024-03-13T10:34:35.287Z", "archived": null, "material": 20, "price": "43863.00"}}, {"model": "purchases.productmaterial", "pk": 82, "fields": {"created": "2024-03-13T10:34:35.291Z", "modified": "2024-03-13T10:34:35.291Z", "archived": null, "material": 27, "price": "15812.00"}}, {"model": "purchases.productmaterial", "pk": 83, "fields": {"created": "2024-03-13T10:34:35.294Z", "modified": "2024-03-13T10:34:35.294Z", "archived": null, "material": 74, "price": "254.00"}}, {"model": "purchases.productmaterial", "pk": 84, "fields": {"created": "2024-03-13T10:34:35.297Z", "modified": "2024-03-13T10:34:35.297Z", "archived": null, "material": 27, "price": "36055.00"}}, {"model": "purchases.productmaterial", "pk": 85, "fields": {"created": "2024-03-13T10:34:35.300Z", "modified": "2024-03-13T10:34:35.300Z", "archived": null, "material": 41, "price": "27842.00"}}, {"model": "purchases.productmaterial", "pk": 86, "fields": {"created": "2024-03-13T10:34:35.303Z", "modified": "2024-03-13T10:34:35.303Z", "archived": null, "material": 81, "price": "24163.00"}}, {"model": "purchases.productmaterial", "pk": 87, "fields": {"created": "2024-03-13T10:34:35.306Z", "modified": "2024-03-13T10:34:35.306Z", "archived": null, "material": 57, "price": "46127.00"}}, {"model": "purchases.productmaterial", "pk": 88, "fields": {"created": "2024-03-13T10:34:35.309Z", "modified": "2024-03-13T10:34:35.309Z", "archived": null, "material": 34, "price": "10603.00"}}, {"model": "purchases.productmaterial", "pk": 89, "fields": {"created": "2024-03-13T10:34:35.313Z", "modified": "2024-03-13T10:34:35.313Z", "archived": null, "material": 83, "price": "12940.00"}}, {"model": "purchases.productmaterial", "pk": 90, "fields": {"created": "2024-03-13T10:34:35.316Z", "modified": "2024-03-13T10:34:35.316Z", "archived": null, "material": 79, "price": "8218.00"}}, {"model": "purchases.productmaterial", "pk": 91, "fields": {"created": "2024-03-13T10:34:35.319Z", "modified": "2024-03-13T10:34:35.319Z", "archived": null, "material": 33, "price": "8381.00"}}, {"model": "purchases.productmaterial", "pk": 92, "fields": {"created": "2024-03-13T10:34:35.323Z", "modified": "2024-03-13T10:34:35.323Z", "archived": null, "material": 55, "price": "17934.00"}}, {"model": "purchases.productmaterial", "pk": 93, "fields": {"created": "2024-03-13T10:34:35.326Z", "modified": "2024-03-13T10:34:35.326Z", "archived": null, "material": 16, "price": "20924.00"}}, {"model": "purchases.productmaterial", "pk": 94, "fields": {"created": "2024-03-13T10:34:35.329Z", "modified": "2024-03-13T10:34:35.329Z", "archived": null, "material": 21, "price": "42937.00"}}, {"model": "purchases.productmaterial", "pk": 95, "fields": {"created": "2024-03-13T10:34:35.332Z", "modified": "2024-03-13T10:34:35.332Z", "archived": null, "material": 78, "price": "22020.00"}}, {"model": "purchases.productmaterial", "pk": 96, "fields": {"created": "2024-03-13T10:34:35.335Z", "modified": "2024-03-13T10:34:35.335Z", "archived": null, "material": 9, "price": "5139.00"}}, {"model": "purchases.productmaterial", "pk": 97, "fields": {"created": "2024-03-13T10:34:35.338Z", "modified": "2024-03-13T10:34:35.338Z", "archived": null, "material": 69, "price": "39790.00"}}, {"model": "purchases.productmaterial", "pk": 98, "fields": {"created": "2024-03-13T10:34:35.341Z", "modified": "2024-03-13T10:34:35.341Z", "archived": null, "material": 61, "price": "48040.00"}}, {"model": "purchases.productmaterial", "pk": 99, "fields": {"created": "2024-03-13T10:34:35.344Z", "modified": "2024-03-13T10:34:35.345Z", "archived": null, "material": 1, "price": "29675.00"}}, {"model": "purchases.productmaterial", "pk": 100, "fields": {"created": "2024-03-13T10:34:35.348Z", "modified": "2024-03-13T10:34:35.348Z", "archived": null, "material": 44, "price": "12671.00"}}, {"model": "purchases.purchase", "pk": 1, "fields": {"created": "2024-03-13T10:34:31.421Z", "archived": null, "is_paid_by_card": true}}, {"model": "purchases.purchaseprocedure", "pk": 1, "fields": {"archived": null, "purchase": 1, "procedure": 69}}, {"model": "purchases.purchaseprocedure", "pk": 2, "fields": {"archived": null, "purchase": 1, "procedure": 35}}, {"model": "purchases.purchaseprocedure", "pk": 3, "fields": {"archived": null, "purchase": 1, "procedure": 40}}, {"model": "purchases.purchaseprocedure", "pk": 4, "fields": {"archived": null, "purchase": 1, "procedure": 57}}, {"model": "purchases.purchaseprocedure", "pk": 5, "fields": {"archived": null, "purchase": 1, "procedure": 8}}, {"model": "purchases.purchaseprocedure", "pk": 6, "fields": {"archived": null, "purchase": 1, "procedure": 56}}, {"model": "purchases.purchaseprocedure", "pk": 7, "fields": {"archived": null, "purchase": 1, "procedure": 77}}, {"model": "purchases.purchaseprocedure", "pk": 8, "fields": {"archived": null, "purchase": 1, "procedure": 58}}, {"model": "purchases.purchaseprocedure", "pk": 9, "fields": {"archived": null, "purchase": 1, "procedure": 31}}, {"model": "purchases.purchaseprocedure", "pk": 10, "fields": {"archived": null, "purchase": 1, "procedure": 43}}, {"model": "purchases.purchaseprocedure", "pk": 11, "fields": {"archived": null, "purchase": 1, "procedure": 56}}, {"model": "purchases.purchaseprocedure", "pk": 12, "fields": {"archived": null, "purchase": 1, "procedure": 62}}, {"model": "purchases.purchaseprocedure", "pk": 13, "fields": {"archived": null, "purchase": 1, "procedure": 15}}, {"model": "purchases.purchaseprocedure", "pk": 14, "fields": {"archived": null, "purchase": 1, "procedure": 40}}, {"model": "purchases.purchaseprocedure", "pk": 15, "fields": {"archived": null, "purchase": 1, "procedure": 5}}, {"model": "purchases.purchaseprocedure", "pk": 16, "fields": {"archived": null, "purchase": 1, "procedure": 33}}, {"model": "purchases.purchaseprocedure", "pk": 17, "fields": {"archived": null, "purchase": 1, "procedure": 27}}, {"model": "purchases.purchaseprocedure", "pk": 18, "fields": {"archived": null, "purchase": 1, "procedure": 26}}, {"model": "purchases.purchaseprocedure", "pk": 19, "fields": {"archived": null, "purchase": 1, "procedure": 2}}, {"model": "purchases.purchaseprocedure", "pk": 20, "fields": {"archived": null, "purchase": 1, "procedure": 75}}, {"model": "purchases.purchaseprocedure", "pk": 21, "fields": {"archived": null, "purchase": 1, "procedure": 38}}, {"model": "purchases.purchaseprocedure", "pk": 22, "fields": {"archived": null, "purchase": 1, "procedure": 32}}, {"model": "purchases.purchaseprocedure", "pk": 23, "fields": {"archived": null, "purchase": 1, "procedure": 52}}, {"model": "purchases.purchaseprocedure", "pk": 24, "fields": {"archived": null, "purchase": 1, "procedure": 56}}, {"model": "purchases.purchaseprocedure", "pk": 25, "fields": {"archived": null, "purchase": 1, "procedure": 13}}, {"model": "purchases.purchaseprocedure", "pk": 26, "fields": {"archived": null, "purchase": 1, "procedure": 31}}, {"model": "purchases.purchaseprocedure", "pk": 27, "fields": {"archived": null, "purchase": 1, "procedure": 26}}, {"model": "purchases.purchaseprocedure", "pk": 28, "fields": {"archived": null, "purchase": 1, "procedure": 80}}, {"model": "purchases.purchaseprocedure", "pk": 29, "fields": {"archived": null, "purchase": 1, "procedure": 64}}, {"model": "purchases.purchaseprocedure", "pk": 30, "fields": {"archived": null, "purchase": 1, "procedure": 96}}, {"model": "purchases.purchaseprocedure", "pk": 31, "fields": {"archived": null, "purchase": 1, "procedure": 82}}, {"model": "purchases.purchaseprocedure", "pk": 32, "fields": {"archived": null, "purchase": 1, "procedure": 27}}, {"model": "purchases.purchaseprocedure", "pk": 33, "fields": {"archived": null, "purchase": 1, "procedure": 37}}, {"model": "purchases.purchaseprocedure", "pk": 34, "fields": {"archived": null, "purchase": 1, "procedure": 48}}, {"model": "purchases.purchaseprocedure", "pk": 35, "fields": {"archived": null, "purchase": 1, "procedure": 97}}, {"model": "purchases.purchaseprocedure", "pk": 36, "fields": {"archived": null, "purchase": 1, "procedure": 32}}, {"model": "purchases.purchaseprocedure", "pk": 37, "fields": {"archived": null, "purchase": 1, "procedure": 10}}, {"model": "purchases.purchaseprocedure", "pk": 38, "fields": {"archived": null, "purchase": 1, "procedure": 99}}, {"model": "purchases.purchaseprocedure", "pk": 39, "fields": {"archived": null, "purchase": 1, "procedure": 1}}, {"model": "purchases.purchaseprocedure", "pk": 40, "fields": {"archived": null, "purchase": 1, "procedure": 81}}, {"model": "purchases.purchaseprocedure", "pk": 41, "fields": {"archived": null, "purchase": 1, "procedure": 67}}, {"model": "purchases.purchaseprocedure", "pk": 42, "fields": {"archived": null, "purchase": 1, "procedure": 4}}, {"model": "purchases.purchaseprocedure", "pk": 43, "fields": {"archived": null, "purchase": 1, "procedure": 100}}, {"model": "purchases.purchaseprocedure", "pk": 44, "fields": {"archived": null, "purchase": 1, "procedure": 9}}, {"model": "purchases.purchaseprocedure", "pk": 45, "fields": {"archived": null, "purchase": 1, "procedure": 37}}, {"model": "purchases.purchaseprocedure", "pk": 46, "fields": {"archived": null, "purchase": 1, "procedure": 50}}, {"model": "purchases.purchaseprocedure", "pk": 47, "fields": {"archived": null, "purchase": 1, "procedure": 9}}, {"model": "purchases.purchaseprocedure", "pk": 48, "fields": {"archived": null, "purchase": 1, "procedure": 10}}, {"model": "purchases.purchaseprocedure", "pk": 49, "fields": {"archived": null, "purchase": 1, "procedure": 77}}, {"model": "purchases.purchaseprocedure", "pk": 50, "fields": {"archived": null, "purchase": 1, "procedure": 44}}, {"model": "purchases.purchaseprocedure", "pk": 51, "fields": {"archived": null, "purchase": 1, "procedure": 44}}, {"model": "purchases.purchaseprocedure", "pk": 52, "fields": {"archived": null, "purchase": 1, "procedure": 56}}, {"model": "purchases.purchaseprocedure", "pk": 53, "fields": {"archived": null, "purchase": 1, "procedure": 94}}, {"model": "purchases.purchaseprocedure", "pk": 54, "fields": {"archived": null, "purchase": 1, "procedure": 90}}, {"model": "purchases.purchaseprocedure", "pk": 55, "fields": {"archived": null, "purchase": 1, "procedure": 51}}, {"model": "purchases.purchaseprocedure", "pk": 56, "fields": {"archived": null, "purchase": 1, "procedure": 51}}, {"model": "purchases.purchaseprocedure", "pk": 57, "fields": {"archived": null, "purchase": 1, "procedure": 29}}, {"model": "purchases.purchaseprocedure", "pk": 58, "fields": {"archived": null, "purchase": 1, "procedure": 2}}, {"model": "purchases.purchaseprocedure", "pk": 59, "fields": {"archived": null, "purchase": 1, "procedure": 38}}, {"model": "purchases.purchaseprocedure", "pk": 60, "fields": {"archived": null, "purchase": 1, "procedure": 31}}, {"model": "purchases.purchaseprocedure", "pk": 61, "fields": {"archived": null, "purchase": 1, "procedure": 87}}, {"model": "purchases.purchaseprocedure", "pk": 62, "fields": {"archived": null, "purchase": 1, "procedure": 46}}, {"model": "purchases.purchaseprocedure", "pk": 63, "fields": {"archived": null, "purchase": 1, "procedure": 54}}, {"model": "purchases.purchaseprocedure", "pk": 64, "fields": {"archived": null, "purchase": 1, "procedure": 93}}, {"model": "purchases.purchaseprocedure", "pk": 65, "fields": {"archived": null, "purchase": 1, "procedure": 42}}, {"model": "purchases.purchaseprocedure", "pk": 66, "fields": {"archived": null, "purchase": 1, "procedure": 57}}, {"model": "purchases.purchaseprocedure", "pk": 67, "fields": {"archived": null, "purchase": 1, "procedure": 19}}, {"model": "purchases.purchaseprocedure", "pk": 68, "fields": {"archived": null, "purchase": 1, "procedure": 5}}, {"model": "purchases.purchaseprocedure", "pk": 69, "fields": {"archived": null, "purchase": 1, "procedure": 12}}, {"model": "purchases.purchaseprocedure", "pk": 70, "fields": {"archived": null, "purchase": 1, "procedure": 63}}, {"model": "purchases.purchaseprocedure", "pk": 71, "fields": {"archived": null, "purchase": 1, "procedure": 11}}, {"model": "purchases.purchaseprocedure", "pk": 72, "fields": {"archived": null, "purchase": 1, "procedure": 33}}, {"model": "purchases.purchaseprocedure", "pk": 73, "fields": {"archived": null, "purchase": 1, "procedure": 88}}, {"model": "purchases.purchaseprocedure", "pk": 74, "fields": {"archived": null, "purchase": 1, "procedure": 98}}, {"model": "purchases.purchaseprocedure", "pk": 75, "fields": {"archived": null, "purchase": 1, "procedure": 66}}, {"model": "purchases.purchaseprocedure", "pk": 76, "fields": {"archived": null, "purchase": 1, "procedure": 72}}, {"model": "purchases.purchaseprocedure", "pk": 77, "fields": {"archived": null, "purchase": 1, "procedure": 67}}, {"model": "purchases.purchaseprocedure", "pk": 78, "fields": {"archived": null, "purchase": 1, "procedure": 20}}, {"model": "purchases.purchaseprocedure", "pk": 79, "fields": {"archived": null, "purchase": 1, "procedure": 10}}, {"model": "purchases.purchaseprocedure", "pk": 80, "fields": {"archived": null, "purchase": 1, "procedure": 79}}, {"model": "purchases.purchaseprocedure", "pk": 81, "fields": {"archived": null, "purchase": 1, "procedure": 69}}, {"model": "purchases.purchaseprocedure", "pk": 82, "fields": {"archived": null, "purchase": 1, "procedure": 43}}, {"model": "purchases.purchaseprocedure", "pk": 83, "fields": {"archived": null, "purchase": 1, "procedure": 48}}, {"model": "purchases.purchaseprocedure", "pk": 84, "fields": {"archived": null, "purchase": 1, "procedure": 38}}, {"model": "purchases.purchaseprocedure", "pk": 85, "fields": {"archived": null, "purchase": 1, "procedure": 13}}, {"model": "purchases.purchaseprocedure", "pk": 86, "fields": {"archived": null, "purchase": 1, "procedure": 64}}, {"model": "purchases.purchaseprocedure", "pk": 87, "fields": {"archived": null, "purchase": 1, "procedure": 33}}, {"model": "purchases.purchaseprocedure", "pk": 88, "fields": {"archived": null, "purchase": 1, "procedure": 14}}, {"model": "purchases.purchaseprocedure", "pk": 89, "fields": {"archived": null, "purchase": 1, "procedure": 21}}, {"model": "purchases.purchaseprocedure", "pk": 90, "fields": {"archived": null, "purchase": 1, "procedure": 56}}, {"model": "purchases.purchaseprocedure", "pk": 91, "fields": {"archived": null, "purchase": 1, "procedure": 51}}, {"model": "purchases.purchaseprocedure", "pk": 92, "fields": {"archived": null, "purchase": 1, "procedure": 81}}, {"model": "purchases.purchaseprocedure", "pk": 93, "fields": {"archived": null, "purchase": 1, "procedure": 98}}, {"model": "purchases.purchaseprocedure", "pk": 94, "fields": {"archived": null, "purchase": 1, "procedure": 64}}, {"model": "purchases.purchaseprocedure", "pk": 95, "fields": {"archived": null, "purchase": 1, "procedure": 97}}, {"model": "purchases.purchaseprocedure", "pk": 96, "fields": {"archived": null, "purchase": 1, "procedure": 90}}, {"model": "purchases.purchaseprocedure", "pk": 97, "fields": {"archived": null, "purchase": 1, "procedure": 7}}, {"model": "purchases.purchaseprocedure", "pk": 98, "fields": {"archived": null, "purchase": 1, "procedure": 77}}, {"model": "purchases.purchaseprocedure", "pk": 99, "fields": {"archived": null, "purchase": 1, "procedure": 87}}, {"model": "purchases.purchaseprocedure", "pk": 100, "fields": {"archived": null, "purchase": 1, "procedure": 9}}, {"model": "purchases.usedmaterial", "pk": 1, "fields": {"created": "2024-03-13T10:34:35.354Z", "modified": "2024-03-13T10:34:35.354Z", "archived": null, "procedure": 76, "material": 25, "amount": 14}}, {"model": "purchases.usedmaterial", "pk": 2, "fields": {"created": "2024-03-13T10:34:35.359Z", "modified": "2024-03-13T10:34:35.359Z", "archived": null, "procedure": 27, "material": 33, "amount": 18}}, {"model": "purchases.usedmaterial", "pk": 3, "fields": {"created": "2024-03-13T10:34:35.364Z", "modified": "2024-03-13T10:34:35.364Z", "archived": null, "procedure": 34, "material": 90, "amount": 49}}, {"model": "purchases.usedmaterial", "pk": 4, "fields": {"created": "2024-03-13T10:34:35.369Z", "modified": "2024-03-13T10:34:35.369Z", "archived": null, "procedure": 68, "material": 45, "amount": 60}}, {"model": "purchases.usedmaterial", "pk": 5, "fields": {"created": "2024-03-13T10:34:35.374Z", "modified": "2024-03-13T10:34:35.374Z", "archived": null, "procedure": 43, "material": 5, "amount": 76}}, {"model": "purchases.usedmaterial", "pk": 6, "fields": {"created": "2024-03-13T10:34:35.379Z", "modified": "2024-03-13T10:34:35.379Z", "archived": null, "procedure": 100, "material": 28, "amount": 57}}, {"model": "purchases.usedmaterial", "pk": 7, "fields": {"created": "2024-03-13T10:34:35.385Z", "modified": "2024-03-13T10:34:35.385Z", "archived": null, "procedure": 35, "material": 69, "amount": 65}}, {"model": "purchases.usedmaterial", "pk": 8, "fields": {"created": "2024-03-13T10:34:35.390Z", "modified": "2024-03-13T10:34:35.390Z", "archived": null, "procedure": 17, "material": 34, "amount": 54}}, {"model": "purchases.usedmaterial", "pk": 9, "fields": {"created": "2024-03-13T10:34:35.395Z", "modified": "2024-03-13T10:34:35.395Z", "archived": null, "procedure": 24, "material": 53, "amount": 96}}, {"model": "purchases.usedmaterial", "pk": 10, "fields": {"created": "2024-03-13T10:34:35.400Z", "modified": "2024-03-13T10:34:35.400Z", "archived": null, "procedure": 43, "material": 35, "amount": 11}}, {"model": "purchases.usedmaterial", "pk": 11, "fields": {"created": "2024-03-13T10:34:35.405Z", "modified": "2024-03-13T10:34:35.405Z", "archived": null, "procedure": 44, "material": 59, "amount": 98}}, {"model": "purchases.usedmaterial", "pk": 12, "fields": {"created": "2024-03-13T10:34:35.410Z", "modified": "2024-03-13T10:34:35.410Z", "archived": null, "procedure": 76, "material": 31, "amount": 28}}, {"model": "purchases.usedmaterial", "pk": 13, "fields": {"created": "2024-03-13T10:34:35.415Z", "modified": "2024-03-13T10:34:35.415Z", "archived": null, "procedure": 18, "material": 20, "amount": 10}}, {"model": "purchases.usedmaterial", "pk": 14, "fields": {"created": "2024-03-13T10:34:35.420Z", "modified": "2024-03-13T10:34:35.420Z", "archived": null, "procedure": 96, "material": 26, "amount": 32}}, {"model": "purchases.usedmaterial", "pk": 15, "fields": {"created": "2024-03-13T10:34:35.426Z", "modified": "2024-03-13T10:34:35.426Z", "archived": null, "procedure": 43, "material": 19, "amount": 21}}, {"model": "purchases.usedmaterial", "pk": 16, "fields": {"created": "2024-03-13T10:34:35.431Z", "modified": "2024-03-13T10:34:35.431Z", "archived": null, "procedure": 11, "material": 16, "amount": 25}}, {"model": "purchases.usedmaterial", "pk": 17, "fields": {"created": "2024-03-13T10:34:35.436Z", "modified": "2024-03-13T10:34:35.436Z", "archived": null, "procedure": 49, "material": 16, "amount": 8}}, {"model": "purchases.usedmaterial", "pk": 18, "fields": {"created": "2024-03-13T10:34:35.441Z", "modified": "2024-03-13T10:34:35.441Z", "archived": null, "procedure": 47, "material": 18, "amount": 18}}, {"model": "purchases.usedmaterial", "pk": 19, "fields": {"created": "2024-03-13T10:34:35.447Z", "modified": "2024-03-13T10:34:35.447Z", "archived": null, "procedure": 82, "material": 65, "amount": 5}}, {"model": "purchases.usedmaterial", "pk": 20, "fields": {"created": "2024-03-13T10:34:35.452Z", "modified": "2024-03-13T10:34:35.452Z", "archived": null, "procedure": 26, "material": 42, "amount": 89}}, {"model": "purchases.usedmaterial", "pk": 21, "fields": {"created": "2024-03-13T10:34:35.457Z", "modified": "2024-03-13T10:34:35.457Z", "archived": null, "procedure": 5, "material": 92, "amount": 86}}, {"model": "purchases.usedmaterial", "pk": 22, "fields": {"created": "2024-03-13T10:34:35.462Z", "modified": "2024-03-13T10:34:35.462Z", "archived": null, "procedure": 17, "material": 65, "amount": 25}}, {"model": "purchases.usedmaterial", "pk": 23, "fields": {"created": "2024-03-13T10:34:35.467Z", "modified": "2024-03-13T10:34:35.467Z", "archived": null, "procedure": 32, "material": 63, "amount": 21}}, {"model": "purchases.usedmaterial", "pk": 24, "fields": {"created": "2024-03-13T10:34:35.472Z", "modified": "2024-03-13T10:34:35.472Z", "archived": null, "procedure": 91, "material": 20, "amount": 59}}, {"model": "purchases.usedmaterial", "pk": 25, "fields": {"created": "2024-03-13T10:34:35.477Z", "modified": "2024-03-13T10:34:35.477Z", "archived": null, "procedure": 92, "material": 100, "amount": 84}}, {"model": "purchases.usedmaterial", "pk": 26, "fields": {"created": "2024-03-13T10:34:35.482Z", "modified": "2024-03-13T10:34:35.482Z", "archived": null, "procedure": 24, "material": 72, "amount": 71}}, {"model": "purchases.usedmaterial", "pk": 27, "fields": {"created": "2024-03-13T10:34:35.487Z", "modified": "2024-03-13T10:34:35.488Z", "archived": null, "procedure": 17, "material": 86, "amount": 51}}, {"model": "purchases.usedmaterial", "pk": 28, "fields": {"created": "2024-03-13T10:34:35.493Z", "modified": "2024-03-13T10:34:35.493Z", "archived": null, "procedure": 63, "material": 67, "amount": 5}}, {"model": "purchases.usedmaterial", "pk": 29, "fields": {"created": "2024-03-13T10:34:35.498Z", "modified": "2024-03-13T10:34:35.498Z", "archived": null, "procedure": 31, "material": 92, "amount": 43}}, {"model": "purchases.usedmaterial", "pk": 30, "fields": {"created": "2024-03-13T10:34:35.503Z", "modified": "2024-03-13T10:34:35.503Z", "archived": null, "procedure": 59, "material": 68, "amount": 48}}, {"model": "purchases.usedmaterial", "pk": 31, "fields": {"created": "2024-03-13T10:34:35.508Z", "modified": "2024-03-13T10:34:35.508Z", "archived": null, "procedure": 76, "material": 26, "amount": 50}}, {"model": "purchases.usedmaterial", "pk": 32, "fields": {"created": "2024-03-13T10:34:35.513Z", "modified": "2024-03-13T10:34:35.513Z", "archived": null, "procedure": 16, "material": 10, "amount": 44}}, {"model": "purchases.usedmaterial", "pk": 33, "fields": {"created": "2024-03-13T10:34:35.519Z", "modified": "2024-03-13T10:34:35.519Z", "archived": null, "procedure": 87, "material": 37, "amount": 73}}, {"model": "purchases.usedmaterial", "pk": 34, "fields": {"created": "2024-03-13T10:34:35.524Z", "modified": "2024-03-13T10:34:35.524Z", "archived": null, "procedure": 51, "material": 82, "amount": 72}}, {"model": "purchases.usedmaterial", "pk": 35, "fields": {"created": "2024-03-13T10:34:35.529Z", "modified": "2024-03-13T10:34:35.529Z", "archived": null, "procedure": 25, "material": 93, "amount": 40}}, {"model": "purchases.usedmaterial", "pk": 36, "fields": {"created": "2024-03-13T10:34:35.534Z", "modified": "2024-03-13T10:34:35.534Z", "archived": null, "procedure": 84, "material": 31, "amount": 68}}, {"model": "purchases.usedmaterial", "pk": 37, "fields": {"created": "2024-03-13T10:34:35.539Z", "modified": "2024-03-13T10:34:35.539Z", "archived": null, "procedure": 6, "material": 30, "amount": 26}}, {"model": "purchases.usedmaterial", "pk": 38, "fields": {"created": "2024-03-13T10:34:35.545Z", "modified": "2024-03-13T10:34:35.545Z", "archived": null, "procedure": 13, "material": 55, "amount": 96}}, {"model": "purchases.usedmaterial", "pk": 39, "fields": {"created": "2024-03-13T10:34:35.550Z", "modified": "2024-03-13T10:34:35.550Z", "archived": null, "procedure": 34, "material": 47, "amount": 66}}, {"model": "purchases.usedmaterial", "pk": 40, "fields": {"created": "2024-03-13T10:34:35.555Z", "modified": "2024-03-13T10:34:35.555Z", "archived": null, "procedure": 53, "material": 25, "amount": 18}}, {"model": "purchases.usedmaterial", "pk": 41, "fields": {"created": "2024-03-13T10:34:35.560Z", "modified": "2024-03-13T10:34:35.560Z", "archived": null, "procedure": 72, "material": 4, "amount": 32}}, {"model": "purchases.usedmaterial", "pk": 42, "fields": {"created": "2024-03-13T10:34:35.565Z", "modified": "2024-03-13T10:34:35.565Z", "archived": null, "procedure": 98, "material": 42, "amount": 12}}, {"model": "purchases.usedmaterial", "pk": 43, "fields": {"created": "2024-03-13T10:34:35.570Z", "modified": "2024-03-13T10:34:35.570Z", "archived": null, "procedure": 48, "material": 78, "amount": 76}}, {"model": "purchases.usedmaterial", "pk": 44, "fields": {"created": "2024-03-13T10:34:35.576Z", "modified": "2024-03-13T10:34:35.576Z", "archived": null, "procedure": 64, "material": 37, "amount": 39}}, {"model": "purchases.usedmaterial", "pk": 45, "fields": {"created": "2024-03-13T10:34:35.581Z", "modified": "2024-03-13T10:34:35.581Z", "archived": null, "procedure": 10, "material": 3, "amount": 40}}, {"model": "purchases.usedmaterial", "pk": 46, "fields": {"created": "2024-03-13T10:34:35.587Z", "modified": "2024-03-13T10:34:35.587Z", "archived": null, "procedure": 64, "material": 53, "amount": 11}}, {"model": "purchases.usedmaterial", "pk": 47, "fields": {"created": "2024-03-13T10:34:35.592Z", "modified": "2024-03-13T10:34:35.592Z", "archived": null, "procedure": 9, "material": 61, "amount": 83}}, {"model": "purchases.usedmaterial", "pk": 48, "fields": {"created": "2024-03-13T10:34:35.597Z", "modified": "2024-03-13T10:34:35.597Z", "archived": null, "procedure": 8, "material": 41, "amount": 50}}, {"model": "purchases.usedmaterial", "pk": 49, "fields": {"created": "2024-03-13T10:34:35.602Z", "modified": "2024-03-13T10:34:35.602Z", "archived": null, "procedure": 2, "material": 54, "amount": 57}}, {"model": "purchases.usedmaterial", "pk": 50, "fields": {"created": "2024-03-13T10:34:35.618Z", "modified": "2024-03-13T10:34:35.618Z", "archived": null, "procedure": 89, "material": 30, "amount": 20}}, {"model": "purchases.usedmaterial", "pk": 51, "fields": {"created": "2024-03-13T10:34:35.624Z", "modified": "2024-03-13T10:34:35.624Z", "archived": null, "procedure": 37, "material": 94, "amount": 65}}, {"model": "purchases.usedmaterial", "pk": 52, "fields": {"created": "2024-03-13T10:34:35.630Z", "modified": "2024-03-13T10:34:35.630Z", "archived": null, "procedure": 43, "material": 98, "amount": 24}}, {"model": "purchases.usedmaterial", "pk": 53, "fields": {"created": "2024-03-13T10:34:35.636Z", "modified": "2024-03-13T10:34:35.636Z", "archived": null, "procedure": 92, "material": 96, "amount": 65}}, {"model": "purchases.usedmaterial", "pk": 54, "fields": {"created": "2024-03-13T10:34:35.642Z", "modified": "2024-03-13T10:34:35.642Z", "archived": null, "procedure": 38, "material": 35, "amount": 17}}, {"model": "purchases.usedmaterial", "pk": 55, "fields": {"created": "2024-03-13T10:34:35.648Z", "modified": "2024-03-13T10:34:35.648Z", "archived": null, "procedure": 92, "material": 5, "amount": 93}}, {"model": "purchases.usedmaterial", "pk": 56, "fields": {"created": "2024-03-13T10:34:35.653Z", "modified": "2024-03-13T10:34:35.653Z", "archived": null, "procedure": 64, "material": 79, "amount": 54}}, {"model": "purchases.usedmaterial", "pk": 57, "fields": {"created": "2024-03-13T10:34:35.659Z", "modified": "2024-03-13T10:34:35.659Z", "archived": null, "procedure": 38, "material": 15, "amount": 87}}, {"model": "purchases.usedmaterial", "pk": 58, "fields": {"created": "2024-03-13T10:34:35.665Z", "modified": "2024-03-13T10:34:35.665Z", "archived": null, "procedure": 77, "material": 9, "amount": 48}}, {"model": "purchases.usedmaterial", "pk": 59, "fields": {"created": "2024-03-13T10:34:35.671Z", "modified": "2024-03-13T10:34:35.671Z", "archived": null, "procedure": 18, "material": 97, "amount": 15}}, {"model": "purchases.usedmaterial", "pk": 60, "fields": {"created": "2024-03-13T10:34:35.677Z", "modified": "2024-03-13T10:34:35.677Z", "archived": null, "procedure": 87, "material": 51, "amount": 17}}, {"model": "purchases.usedmaterial", "pk": 61, "fields": {"created": "2024-03-13T10:34:35.683Z", "modified": "2024-03-13T10:34:35.683Z", "archived": null, "procedure": 24, "material": 3, "amount": 3}}, {"model": "purchases.usedmaterial", "pk": 62, "fields": {"created": "2024-03-13T10:34:35.689Z", "modified": "2024-03-13T10:34:35.689Z", "archived": null, "procedure": 37, "material": 50, "amount": 35}}, {"model": "purchases.usedmaterial", "pk": 63, "fields": {"created": "2024-03-13T10:34:35.695Z", "modified": "2024-03-13T10:34:35.695Z", "archived": null, "procedure": 92, "material": 55, "amount": 11}}, {"model": "purchases.usedmaterial", "pk": 64, "fields": {"created": "2024-03-13T10:34:35.701Z", "modified": "2024-03-13T10:34:35.701Z", "archived": null, "procedure": 52, "material": 98, "amount": 99}}, {"model": "purchases.usedmaterial", "pk": 65, "fields": {"created": "2024-03-13T10:34:35.707Z", "modified": "2024-03-13T10:34:35.707Z", "archived": null, "procedure": 33, "material": 98, "amount": 36}}, {"model": "purchases.usedmaterial", "pk": 66, "fields": {"created": "2024-03-13T10:34:35.713Z", "modified": "2024-03-13T10:34:35.713Z", "archived": null, "procedure": 21, "material": 64, "amount": 69}}, {"model": "purchases.usedmaterial", "pk": 67, "fields": {"created": "2024-03-13T10:34:35.719Z", "modified": "2024-03-13T10:34:35.719Z", "archived": null, "procedure": 17, "material": 64, "amount": 86}}, {"model": "purchases.usedmaterial", "pk": 68, "fields": {"created": "2024-03-13T10:34:35.725Z", "modified": "2024-03-13T10:34:35.725Z", "archived": null, "procedure": 95, "material": 82, "amount": 39}}, {"model": "purchases.usedmaterial", "pk": 69, "fields": {"created": "2024-03-13T10:34:35.731Z", "modified": "2024-03-13T10:34:35.731Z", "archived": null, "procedure": 26, "material": 97, "amount": 25}}, {"model": "purchases.usedmaterial", "pk": 70, "fields": {"created": "2024-03-13T10:34:35.737Z", "modified": "2024-03-13T10:34:35.737Z", "archived": null, "procedure": 29, "material": 51, "amount": 7}}, {"model": "purchases.usedmaterial", "pk": 71, "fields": {"created": "2024-03-13T10:34:35.742Z", "modified": "2024-03-13T10:34:35.742Z", "archived": null, "procedure": 64, "material": 91, "amount": 64}}, {"model": "purchases.usedmaterial", "pk": 72, "fields": {"created": "2024-03-13T10:34:35.748Z", "modified": "2024-03-13T10:34:35.748Z", "archived": null, "procedure": 56, "material": 48, "amount": 4}}, {"model": "purchases.usedmaterial", "pk": 73, "fields": {"created": "2024-03-13T10:34:35.754Z", "modified": "2024-03-13T10:34:35.754Z", "archived": null, "procedure": 82, "material": 12, "amount": 2}}, {"model": "purchases.usedmaterial", "pk": 74, "fields": {"created": "2024-03-13T10:34:35.759Z", "modified": "2024-03-13T10:34:35.759Z", "archived": null, "procedure": 54, "material": 23, "amount": 51}}, {"model": "purchases.usedmaterial", "pk": 75, "fields": {"created": "2024-03-13T10:34:35.765Z", "modified": "2024-03-13T10:34:35.765Z", "archived": null, "procedure": 19, "material": 42, "amount": 35}}, {"model": "purchases.usedmaterial", "pk": 76, "fields": {"created": "2024-03-13T10:34:35.771Z", "modified": "2024-03-13T10:34:35.771Z", "archived": null, "procedure": 28, "material": 74, "amount": 75}}, {"model": "purchases.usedmaterial", "pk": 77, "fields": {"created": "2024-03-13T10:34:35.777Z", "modified": "2024-03-13T10:34:35.777Z", "archived": null, "procedure": 54, "material": 88, "amount": 87}}, {"model": "purchases.usedmaterial", "pk": 78, "fields": {"created": "2024-03-13T10:34:35.783Z", "modified": "2024-03-13T10:34:35.783Z", "archived": null, "procedure": 40, "material": 50, "amount": 56}}, {"model": "purchases.usedmaterial", "pk": 79, "fields": {"created": "2024-03-13T10:34:35.789Z", "modified": "2024-03-13T10:34:35.789Z", "archived": null, "procedure": 57, "material": 85, "amount": 84}}, {"model": "purchases.usedmaterial", "pk": 80, "fields": {"created": "2024-03-13T10:34:35.795Z", "modified": "2024-03-13T10:34:35.795Z", "archived": null, "procedure": 7, "material": 54, "amount": 82}}, {"model": "purchases.usedmaterial", "pk": 81, "fields": {"created": "2024-03-13T10:34:35.801Z", "modified": "2024-03-13T10:34:35.801Z", "archived": null, "procedure": 73, "material": 41, "amount": 68}}, {"model": "purchases.usedmaterial", "pk": 82, "fields": {"created": "2024-03-13T10:34:35.807Z", "modified": "2024-03-13T10:34:35.807Z", "archived": null, "procedure": 43, "material": 39, "amount": 57}}, {"model": "purchases.usedmaterial", "pk": 83, "fields": {"created": "2024-03-13T10:34:35.813Z", "modified": "2024-03-13T10:34:35.813Z", "archived": null, "procedure": 54, "material": 54, "amount": 1}}, {"model": "purchases.usedmaterial", "pk": 84, "fields": {"created": "2024-03-13T10:34:35.819Z", "modified": "2024-03-13T10:34:35.819Z", "archived": null, "procedure": 97, "material": 66, "amount": 18}}, {"model": "purchases.usedmaterial", "pk": 85, "fields": {"created": "2024-03-13T10:34:35.825Z", "modified": "2024-03-13T10:34:35.825Z", "archived": null, "procedure": 59, "material": 79, "amount": 60}}, {"model": "purchases.usedmaterial", "pk": 86, "fields": {"created": "2024-03-13T10:34:35.831Z", "modified": "2024-03-13T10:34:35.831Z", "archived": null, "procedure": 64, "material": 47, "amount": 4}}, {"model": "purchases.usedmaterial", "pk": 87, "fields": {"created": "2024-03-13T10:34:35.837Z", "modified": "2024-03-13T10:34:35.837Z", "archived": null, "procedure": 84, "material": 60, "amount": 63}}, {"model": "purchases.usedmaterial", "pk": 88, "fields": {"created": "2024-03-13T10:34:35.843Z", "modified": "2024-03-13T10:34:35.843Z", "archived": null, "procedure": 53, "material": 81, "amount": 31}}, {"model": "purchases.usedmaterial", "pk": 89, "fields": {"created": "2024-03-13T10:34:35.849Z", "modified": "2024-03-13T10:34:35.849Z", "archived": null, "procedure": 35, "material": 20, "amount": 35}}, {"model": "purchases.usedmaterial", "pk": 90, "fields": {"created": "2024-03-13T10:34:35.855Z", "modified": "2024-03-13T10:34:35.855Z", "archived": null, "procedure": 89, "material": 24, "amount": 54}}, {"model": "purchases.usedmaterial", "pk": 91, "fields": {"created": "2024-03-13T10:34:35.861Z", "modified": "2024-03-13T10:34:35.861Z", "archived": null, "procedure": 38, "material": 23, "amount": 15}}, {"model": "purchases.usedmaterial", "pk": 92, "fields": {"created": "2024-03-13T10:34:35.867Z", "modified": "2024-03-13T10:34:35.867Z", "archived": null, "procedure": 3, "material": 9, "amount": 10}}, {"model": "purchases.usedmaterial", "pk": 93, "fields": {"created": "2024-03-13T10:34:35.872Z", "modified": "2024-03-13T10:34:35.872Z", "archived": null, "procedure": 8, "material": 66, "amount": 77}}, {"model": "purchases.usedmaterial", "pk": 94, "fields": {"created": "2024-03-13T10:34:35.879Z", "modified": "2024-03-13T10:34:35.879Z", "archived": null, "procedure": 58, "material": 2, "amount": 87}}, {"model": "purchases.usedmaterial", "pk": 95, "fields": {"created": "2024-03-13T10:34:35.886Z", "modified": "2024-03-13T10:34:35.886Z", "archived": null, "procedure": 18, "material": 91, "amount": 30}}, {"model": "purchases.usedmaterial", "pk": 96, "fields": {"created": "2024-03-13T10:34:35.892Z", "modified": "2024-03-13T10:34:35.892Z", "archived": null, "procedure": 48, "material": 35, "amount": 53}}, {"model": "purchases.usedmaterial", "pk": 97, "fields": {"created": "2024-03-13T10:34:35.899Z", "modified": "2024-03-13T10:34:35.899Z", "archived": null, "procedure": 19, "material": 49, "amount": 97}}, {"model": "purchases.usedmaterial", "pk": 98, "fields": {"created": "2024-03-13T10:34:36.026Z", "modified": "2024-03-13T10:34:36.026Z", "archived": null, "procedure": 67, "material": 13, "amount": 80}}, {"model": "purchases.usedmaterial", "pk": 99, "fields": {"created": "2024-03-13T10:34:36.154Z", "modified": "2024-03-13T10:34:36.154Z", "archived": null, "procedure": 10, "material": 52, "amount": 94}}, {"model": "purchases.usedmaterial", "pk": 100, "fields": {"created": "2024-03-13T10:34:36.346Z", "modified": "2024-03-13T10:34:36.346Z", "archived": null, "procedure": 81, "material": 31, "amount": 16}}, {"model": "auth.permission", "pk": 1, "fields": {"name": "Can add user", "content_type": 1, "codename": "add_user"}}, {"model": "auth.permission", "pk": 2, "fields": {"name": "Can change user", "content_type": 1, "codename": "change_user"}}, {"model": "auth.permission", "pk": 3, "fields": {"name": "Can delete user", "content_type": 1, "codename": "delete_user"}}, {"model": "auth.permission", "pk": 4, "fields": {"name": "Can view user", "content_type": 1, "codename": "view_user"}}, {"model": "auth.permission", "pk": 5, "fields": {"name": "Can add company", "content_type": 2, "codename": "add_company"}}, {"model": "auth.permission", "pk": 6, "fields": {"name": "Can change company", "content_type": 2, "codename": "change_company"}}, {"model": "auth.permission", "pk": 7, "fields": {"name": "Can delete company", "content_type": 2, "codename": "delete_company"}}, {"model": "auth.permission", "pk": 8, "fields": {"name": "Can view company", "content_type": 2, "codename": "view_company"}}, {"model": "auth.permission", "pk": 9, "fields": {"name": "Can add department", "content_type": 3, "codename": "add_department"}}, {"model": "auth.permission", "pk": 10, "fields": {"name": "Can change department", "content_type": 3, "codename": "change_department"}}, {"model": "auth.permission", "pk": 11, "fields": {"name": "Can delete department", "content_type": 3, "codename": "delete_department"}}, {"model": "auth.permission", "pk": 12, "fields": {"name": "Can view department", "content_type": 3, "codename": "view_department"}}, {"model": "auth.permission", "pk": 13, "fields": {"name": "Can add material", "content_type": 4, "codename": "add_material"}}, {"model": "auth.permission", "pk": 14, "fields": {"name": "Can change material", "content_type": 4, "codename": "change_material"}}, {"model": "auth.permission", "pk": 15, "fields": {"name": "Can delete material", "content_type": 4, "codename": "delete_material"}}, {"model": "auth.permission", "pk": 16, "fields": {"name": "Can view material", "content_type": 4, "codename": "view_material"}}, {"model": "auth.permission", "pk": 17, "fields": {"name": "Can add material type", "content_type": 5, "codename": "add_materialtype"}}, {"model": "auth.permission", "pk": 18, "fields": {"name": "Can change material type", "content_type": 5, "codename": "change_materialtype"}}, {"model": "auth.permission", "pk": 19, "fields": {"name": "Can delete material type", "content_type": 5, "codename": "delete_materialtype"}}, {"model": "auth.permission", "pk": 20, "fields": {"name": "Can view material type", "content_type": 5, "codename": "view_materialtype"}}, {"model": "auth.permission", "pk": 21, "fields": {"name": "Can add point", "content_type": 6, "codename": "add_point"}}, {"model": "auth.permission", "pk": 22, "fields": {"name": "Can change point", "content_type": 6, "codename": "change_point"}}, {"model": "auth.permission", "pk": 23, "fields": {"name": "Can delete point", "content_type": 6, "codename": "delete_point"}}, {"model": "auth.permission", "pk": 24, "fields": {"name": "Can view point", "content_type": 6, "codename": "view_point"}}, {"model": "auth.permission", "pk": 25, "fields": {"name": "Can add stock", "content_type": 7, "codename": "add_stock"}}, {"model": "auth.permission", "pk": 26, "fields": {"name": "Can change stock", "content_type": 7, "codename": "change_stock"}}, {"model": "auth.permission", "pk": 27, "fields": {"name": "Can delete stock", "content_type": 7, "codename": "delete_stock"}}, {"model": "auth.permission", "pk": 28, "fields": {"name": "Can view stock", "content_type": 7, "codename": "view_stock"}}, {"model": "auth.permission", "pk": 29, "fields": {"name": "Can add stock material", "content_type": 8, "codename": "add_stockmaterial"}}, {"model": "auth.permission", "pk": 30, "fields": {"name": "Can change stock material", "content_type": 8, "codename": "change_stockmaterial"}}, {"model": "auth.permission", "pk": 31, "fields": {"name": "Can delete stock material", "content_type": 8, "codename": "delete_stockmaterial"}}, {"model": "auth.permission", "pk": 32, "fields": {"name": "Can view stock material", "content_type": 8, "codename": "view_stockmaterial"}}, {"model": "auth.permission", "pk": 33, "fields": {"name": "Can add employee", "content_type": 9, "codename": "add_employee"}}, {"model": "auth.permission", "pk": 34, "fields": {"name": "Can change employee", "content_type": 9, "codename": "change_employee"}}, {"model": "auth.permission", "pk": 35, "fields": {"name": "Can delete employee", "content_type": 9, "codename": "delete_employee"}}, {"model": "auth.permission", "pk": 36, "fields": {"name": "Can view employee", "content_type": 9, "codename": "view_employee"}}, {"model": "auth.permission", "pk": 37, "fields": {"name": "Can add procedure", "content_type": 10, "codename": "add_procedure"}}, {"model": "auth.permission", "pk": 38, "fields": {"name": "Can change procedure", "content_type": 10, "codename": "change_procedure"}}, {"model": "auth.permission", "pk": 39, "fields": {"name": "Can delete procedure", "content_type": 10, "codename": "delete_procedure"}}, {"model": "auth.permission", "pk": 40, "fields": {"name": "Can view procedure", "content_type": 10, "codename": "view_procedure"}}, {"model": "auth.permission", "pk": 41, "fields": {"name": "Can add procedure category", "content_type": 11, "codename": "add_category"}}, {"model": "auth.permission", "pk": 42, "fields": {"name": "Can change procedure category", "content_type": 11, "codename": "change_category"}}, {"model": "auth.permission", "pk": 43, "fields": {"name": "Can delete procedure category", "content_type": 11, "codename": "delete_category"}}, {"model": "auth.permission", "pk": 44, "fields": {"name": "Can view procedure category", "content_type": 11, "codename": "view_category"}}, {"model": "auth.permission", "pk": 45, "fields": {"name": "Can add procedure master", "content_type": 12, "codename": "add_masterprocedure"}}, {"model": "auth.permission", "pk": 46, "fields": {"name": "Can change procedure master", "content_type": 12, "codename": "change_masterprocedure"}}, {"model": "auth.permission", "pk": 47, "fields": {"name": "Can delete procedure master", "content_type": 12, "codename": "delete_masterprocedure"}}, {"model": "auth.permission", "pk": 48, "fields": {"name": "Can view procedure master", "content_type": 12, "codename": "view_masterprocedure"}}, {"model": "auth.permission", "pk": 49, "fields": {"name": "Can add product material", "content_type": 13, "codename": "add_productmaterial"}}, {"model": "auth.permission", "pk": 50, "fields": {"name": "Can change product material", "content_type": 13, "codename": "change_productmaterial"}}, {"model": "auth.permission", "pk": 51, "fields": {"name": "Can delete product material", "content_type": 13, "codename": "delete_productmaterial"}}, {"model": "auth.permission", "pk": 52, "fields": {"name": "Can view product material", "content_type": 13, "codename": "view_productmaterial"}}, {"model": "auth.permission", "pk": 53, "fields": {"name": "Can add purchase", "content_type": 14, "codename": "add_purchase"}}, {"model": "auth.permission", "pk": 54, "fields": {"name": "Can change purchase", "content_type": 14, "codename": "change_purchase"}}, {"model": "auth.permission", "pk": 55, "fields": {"name": "Can delete purchase", "content_type": 14, "codename": "delete_purchase"}}, {"model": "auth.permission", "pk": 56, "fields": {"name": "Can view purchase", "content_type": 14, "codename": "view_purchase"}}, {"model": "auth.permission", "pk": 57, "fields": {"name": "Can add purchase of procedure", "content_type": 15, "codename": "add_purchaseprocedure"}}, {"model": "auth.permission", "pk": 58, "fields": {"name": "Can change purchase of procedure", "content_type": 15, "codename": "change_purchaseprocedure"}}, {"model": "auth.permission", "pk": 59, "fields": {"name": "Can delete purchase of procedure", "content_type": 15, "codename": "delete_purchaseprocedure"}}, {"model": "auth.permission", "pk": 60, "fields": {"name": "Can view purchase of procedure", "content_type": 15, "codename": "view_purchaseprocedure"}}, {"model": "auth.permission", "pk": 61, "fields": {"name": "Can add used material", "content_type": 16, "codename": "add_usedmaterial"}}, {"model": "auth.permission", "pk": 62, "fields": {"name": "Can change used material", "content_type": 16, "codename": "change_usedmaterial"}}, {"model": "auth.permission", "pk": 63, "fields": {"name": "Can delete used material", "content_type": 16, "codename": "delete_usedmaterial"}}, {"model": "auth.permission", "pk": 64, "fields": {"name": "Can view used material", "content_type": 16, "codename": "view_usedmaterial"}}, {"model": "auth.permission", "pk": 65, "fields": {"name": "Can add log entry", "content_type": 17, "codename": "add_logentry"}}, {"model": "auth.permission", "pk": 66, "fields": {"name": "Can change log entry", "content_type": 17, "codename": "change_logentry"}}, {"model": "auth.permission", "pk": 67, "fields": {"name": "Can delete log entry", "content_type": 17, "codename": "delete_logentry"}}, {"model": "auth.permission", "pk": 68, "fields": {"name": "Can view log entry", "content_type": 17, "codename": "view_logentry"}}, {"model": "auth.permission", "pk": 69, "fields": {"name": "Can add permission", "content_type": 18, "codename": "add_permission"}}, {"model": "auth.permission", "pk": 70, "fields": {"name": "Can change permission", "content_type": 18, "codename": "change_permission"}}, {"model": "auth.permission", "pk": 71, "fields": {"name": "Can delete permission", "content_type": 18, "codename": "delete_permission"}}, {"model": "auth.permission", "pk": 72, "fields": {"name": "Can view permission", "content_type": 18, "codename": "view_permission"}}, {"model": "auth.permission", "pk": 73, "fields": {"name": "Can add group", "content_type": 19, "codename": "add_group"}}, {"model": "auth.permission", "pk": 74, "fields": {"name": "Can change group", "content_type": 19, "codename": "change_group"}}, {"model": "auth.permission", "pk": 75, "fields": {"name": "Can delete group", "content_type": 19, "codename": "delete_group"}}, {"model": "auth.permission", "pk": 76, "fields": {"name": "Can view group", "content_type": 19, "codename": "view_group"}}, {"model": "auth.permission", "pk": 77, "fields": {"name": "Can add content type", "content_type": 20, "codename": "add_contenttype"}}, {"model": "auth.permission", "pk": 78, "fields": {"name": "Can change content type", "content_type": 20, "codename": "change_contenttype"}}, {"model": "auth.permission", "pk": 79, "fields": {"name": "Can delete content type", "content_type": 20, "codename": "delete_contenttype"}}, {"model": "auth.permission", "pk": 80, "fields": {"name": "Can view content type", "content_type": 20, "codename": "view_contenttype"}}, {"model": "auth.permission", "pk": 81, "fields": {"name": "Can add session", "content_type": 21, "codename": "add_session"}}, {"model": "auth.permission", "pk": 82, "fields": {"name": "Can change session", "content_type": 21, "codename": "change_session"}}, {"model": "auth.permission", "pk": 83, "fields": {"name": "Can delete session", "content_type": 21, "codename": "delete_session"}}, {"model": "auth.permission", "pk": 84, "fields": {"name": "Can view session", "content_type": 21, "codename": "view_session"}}, {"model": "auth.permission", "pk": 85, "fields": {"name": "Can add Token", "content_type": 22, "codename": "add_token"}}, {"model": "auth.permission", "pk": 86, "fields": {"name": "Can change Token", "content_type": 22, "codename": "change_token"}}, {"model": "auth.permission", "pk": 87, "fields": {"name": "Can delete Token", "content_type": 22, "codename": "delete_token"}}, {"model": "auth.permission", "pk": 88, "fields": {"name": "Can view Token", "content_type": 22, "codename": "view_token"}}, {"model": "auth.permission", "pk": 89, "fields": {"name": "Can add token", "content_type": 23, "codename": "add_tokenproxy"}}, {"model": "auth.permission", "pk": 90, "fields": {"name": "Can change token", "content_type": 23, "codename": "change_tokenproxy"}}, {"model": "auth.permission", "pk": 91, "fields": {"name": "Can delete token", "content_type": 23, "codename": "delete_tokenproxy"}}, {"model": "auth.permission", "pk": 92, "fields": {"name": "Can view token", "content_type": 23, "codename": "view_tokenproxy"}}, {"model": "auth.permission", "pk": 93, "fields": {"name": "Can add blacklisted token", "content_type": 24, "codename": "add_blacklistedtoken"}}, {"model": "auth.permission", "pk": 94, "fields": {"name": "Can change blacklisted token", "content_type": 24, "codename": "change_blacklistedtoken"}}, {"model": "auth.permission", "pk": 95, "fields": {"name": "Can delete blacklisted token", "content_type": 24, "codename": "delete_blacklistedtoken"}}, {"model": "auth.permission", "pk": 96, "fields": {"name": "Can view blacklisted token", "content_type": 24, "codename": "view_blacklistedtoken"}}, {"model": "auth.permission", "pk": 97, "fields": {"name": "Can add access attempt", "content_type": 25, "codename": "add_accessattempt"}}, {"model": "auth.permission", "pk": 98, "fields": {"name": "Can change access attempt", "content_type": 25, "codename": "change_accessattempt"}}, {"model": "auth.permission", "pk": 99, "fields": {"name": "Can delete access attempt", "content_type": 25, "codename": "delete_accessattempt"}}, {"model": "auth.permission", "pk": 100, "fields": {"name": "Can view access attempt", "content_type": 25, "codename": "view_accessattempt"}}, {"model": "auth.permission", "pk": 101, "fields": {"name": "Can add access log", "content_type": 26, "codename": "add_accesslog"}}, {"model": "auth.permission", "pk": 102, "fields": {"name": "Can change access log", "content_type": 26, "codename": "change_accesslog"}}, {"model": "auth.permission", "pk": 103, "fields": {"name": "Can delete access log", "content_type": 26, "codename": "delete_accesslog"}}, {"model": "auth.permission", "pk": 104, "fields": {"name": "Can view access log", "content_type": 26, "codename": "view_accesslog"}}, {"model": "auth.permission", "pk": 105, "fields": {"name": "Can add access failure", "content_type": 27, "codename": "add_accessfailurelog"}}, {"model": "auth.permission", "pk": 106, "fields": {"name": "Can change access failure", "content_type": 27, "codename": "change_accessfailurelog"}}, {"model": "auth.permission", "pk": 107, "fields": {"name": "Can delete access failure", "content_type": 27, "codename": "delete_accessfailurelog"}}, {"model": "auth.permission", "pk": 108, "fields": {"name": "Can view access failure", "content_type": 27, "codename": "view_accessfailurelog"}}, {"model": "contenttypes.contenttype", "pk": 1, "fields": {"app_label": "users", "model": "user"}}, {"model": "contenttypes.contenttype", "pk": 2, "fields": {"app_label": "companies", "model": "company"}}, {"model": "contenttypes.contenttype", "pk": 3, "fields": {"app_label": "companies", "model": "department"}}, {"model": "contenttypes.contenttype", "pk": 4, "fields": {"app_label": "companies", "model": "material"}}, {"model": "contenttypes.contenttype", "pk": 5, "fields": {"app_label": "companies", "model": "materialtype"}}, {"model": "contenttypes.contenttype", "pk": 6, "fields": {"app_label": "companies", "model": "point"}}, {"model": "contenttypes.contenttype", "pk": 7, "fields": {"app_label": "companies", "model": "stock"}}, {"model": "contenttypes.contenttype", "pk": 8, "fields": {"app_label": "companies", "model": "stockmaterial"}}, {"model": "contenttypes.contenttype", "pk": 9, "fields": {"app_label": "companies", "model": "employee"}}, {"model": "contenttypes.contenttype", "pk": 10, "fields": {"app_label": "companies", "model": "procedure"}}, {"model": "contenttypes.contenttype", "pk": 11, "fields": {"app_label": "companies", "model": "category"}}, {"model": "contenttypes.contenttype", "pk": 12, "fields": {"app_label": "companies", "model": "masterprocedure"}}, {"model": "contenttypes.contenttype", "pk": 13, "fields": {"app_label": "purchases", "model": "productmaterial"}}, {"model": "contenttypes.contenttype", "pk": 14, "fields": {"app_label": "purchases", "model": "purchase"}}, {"model": "contenttypes.contenttype", "pk": 15, "fields": {"app_label": "purchases", "model": "purchaseprocedure"}}, {"model": "contenttypes.contenttype", "pk": 16, "fields": {"app_label": "purchases", "model": "usedmaterial"}}, {"model": "contenttypes.contenttype", "pk": 17, "fields": {"app_label": "admin", "model": "logentry"}}, {"model": "contenttypes.contenttype", "pk": 18, "fields": {"app_label": "auth", "model": "permission"}}, {"model": "contenttypes.contenttype", "pk": 19, "fields": {"app_label": "auth", "model": "group"}}, {"model": "contenttypes.contenttype", "pk": 20, "fields": {"app_label": "contenttypes", "model": "contenttype"}}, {"model": "contenttypes.contenttype", "pk": 21, "fields": {"app_label": "sessions", "model": "session"}}, {"model": "contenttypes.contenttype", "pk": 22, "fields": {"app_label": "authtoken", "model": "token"}}, {"model": "contenttypes.contenttype", "pk": 23, "fields": {"app_label": "authtoken", "model": "tokenproxy"}}, {"model": "contenttypes.contenttype", "pk": 24, "fields": {"app_label": "blacklist", "model": "blacklistedtoken"}}, {"model": "contenttypes.contenttype", "pk": 25, "fields": {"app_label": "axes", "model": "accessattempt"}}, {"model": "contenttypes.contenttype", "pk": 26, "fields": {"app_label": "axes", "model": "accesslog"}}, {"model": "contenttypes.contenttype", "pk": 27, "fields": {"app_label": "axes", "model": "accessfailurelog"}}]