[{"model": "users.user", "pk": 1, "fields": {"password": "dBddnERQryAoKiCHDqaf", "last_login": null, "is_superuser": false, "username": "spent_2069", "first_name": "Mathew", "last_name": "Mullins", "is_staff": false, "is_active": true, "date_joined": "2024-03-13T12:29:22.843Z", "email": "gpl1868@example.com", "bio": "Identify start product study parent arm five. Recognize policy popular firm TV way tax.", "groups": [], "user_permissions": []}}, {"model": "users.user", "pk": 2, "fields": {"password": "CpZCoWwwZEvNYPTLgcVU", "last_login": null, "is_superuser": false, "username": "somerset_2008", "first_name": "Frederick", "last_name": "Smith", "is_staff": false, "is_active": true, "date_joined": "2024-03-13T12:29:22.852Z", "email": "nail2047@example.org", "bio": "Value hotel billion rule forward course miss. Whole morning data power how take. Result that play.\nAlso stock great call. Play several common human relate important through.", "groups": [], "user_permissions": []}}, {"model": "users.user", "pk": 3, "fields": {"password": "WsOdBFvfzbRTstaPArWT", "last_login": null, "is_superuser": false, "username": "sponsorship_1972", "first_name": "Tricia", "last_name": "Neal", "is_staff": false, "is_active": true, "date_joined": "2024-03-13T12:29:22.861Z", "email": "dressed1897@example.org", "bio": "Around turn hotel they language treatment. Political home organization energy sometimes own then today. Finally walk decide move city.", "groups": [], "user_permissions": []}}, {"model": "users.user", "pk": 4, "fields": {"password": "FvgDTyzWolTGqqeQbcvU", "last_login": null, "is_superuser": false, "username": "logo_1990", "first_name": "Brett", "last_name": "Huang", "is_staff": false, "is_active": true, "date_joined": "2024-03-13T12:29:22.866Z", "email": "country2040@outlook.com", "bio": "More save poor factor. First huge collection. Color skill air center ground.\nResponsibility officer need or daughter last. Knowledge thank term pass suggest.", "groups": [], "user_permissions": []}}, {"model": "users.user", "pk": 5, "fields": {"password": "jszvUcVzBdxBflciLCrG", "last_login": null, "is_superuser": false, "username": "eventually_2097", "first_name": "Dakota", "last_name": "Reynolds", "is_staff": false, "is_active": true, "date_joined": "2024-03-13T12:29:22.872Z", "email": "expires2056@outlook.com", "bio": "Result close lot occur modern fire population. Everybody will example training improve Mr mind.\nWould public community write.", "groups": [], "user_permissions": []}}, {"model": "users.user", "pk": 6, "fields": {"password": "GcVjdwiYHQXTSNfSKJZB", "last_login": null, "is_superuser": false, "username": "vaccine_1879", "first_name": "Alexa", "last_name": "Cordova", "is_staff": false, "is_active": true, "date_joined": "2024-03-13T12:29:23.193Z", "email": "kenya2070@protonmail.com", "bio": "Move change baby. I community maintain PM me explain. Voice news present. Interesting wonder threat benefit.\nDifferent color even drive inside sport. Crime property second property.", "groups": [], "user_permissions": []}}, {"model": "users.user", "pk": 7, "fields": {"password": "rjgoIWmoyVNcCwioieTR", "last_login": null, "is_superuser": false, "username": "saint_1891", "first_name": "Priscilla", "last_name": "Underwood", "is_staff": false, "is_active": true, "date_joined": "2024-03-13T12:29:23.202Z", "email": "visited1890@yandex.com", "bio": "Note fly start possible past. Clear building increase stay store final. Exist audience decide live difference. Second remember large consumer significant car hear.", "groups": [], "user_permissions": []}}, {"model": "users.user", "pk": 8, "fields": {"password": "BOkhYagHtPWFrFMvAWaD", "last_login": null, "is_superuser": false, "username": "regarding_1879", "first_name": "Kristina", "last_name": "Baird", "is_staff": false, "is_active": true, "date_joined": "2024-03-13T12:29:23.211Z", "email": "pupils1959@yandex.com", "bio": "Herself company stock for great your. Rule direction brother class.\nFact line learn way community. Fall former people number article.\nThey decade accept order product start.", "groups": [], "user_permissions": []}}, {"model": "users.user", "pk": 9, "fields": {"password": "MxkuqBztmXpjsFMtvSmn", "last_login": null, "is_superuser": false, "username": "retirement_2084", "first_name": "Angel", "last_name": "Zhang", "is_staff": false, "is_active": true, "date_joined": "2024-03-13T12:29:23.221Z", "email": "gravity2076@yandex.com", "bio": "Reason fall beat project discussion eat. Remain religious lose indicate.\nMaybe democratic first experience. Spring sort want question.\nLeave may media.", "groups": [], "user_permissions": []}}, {"model": "users.user", "pk": 10, "fields": {"password": "XaxCnRWlfURDNbzkyeuB", "last_login": null, "is_superuser": false, "username": "perform_1949", "first_name": "Caroline", "last_name": "Mayer", "is_staff": false, "is_active": true, "date_joined": "2024-03-13T12:29:23.230Z", "email": "croatia2054@yahoo.com", "bio": "Dark station look cell keep our perform. May when scene degree might summer attention.", "groups": [], "user_permissions": []}}, {"model": "users.user", "pk": 11, "fields": {"password": "fjfVGrLbIAZHolSXtlQy", "last_login": null, "is_superuser": false, "username": "newspapers_1923", "first_name": "Chloe", "last_name": "Conrad", "is_staff": false, "is_active": true, "date_joined": "2024-03-13T12:29:23.238Z", "email": "episodes1969@yandex.com", "bio": "Behavior civil public American continue. Behavior follow hospital magazine. Art sport medical ever.", "groups": [], "user_permissions": []}}, {"model": "users.user", "pk": 12, "fields": {"password": "sIBrBlEIXLaLbuwXSFOI", "last_login": null, "is_superuser": false, "username": "relax_1950", "first_name": "Pedro", "last_name": "Banks", "is_staff": false, "is_active": true, "date_joined": "2024-03-13T12:29:23.247Z", "email": "cases1862@protonmail.com", "bio": "Design campaign turn husband miss. Along social position physical network easy glass. Toward yes put trial.\nInternational forward coach room whose plant spend. Certain eat letter ago material choose.", "groups": [], "user_permissions": []}}, {"model": "users.user", "pk": 13, "fields": {"password": "xAFIJeQdImtpTCeStXiv", "last_login": null, "is_superuser": false, "username": "pillow_1876", "first_name": "Tasha", "last_name": "Freeman", "is_staff": false, "is_active": true, "date_joined": "2024-03-13T12:29:23.257Z", "email": "toronto1832@live.com", "bio": "Tax market treatment. Peace music consumer trial on third dream sing. Of box political will.\nScene sit alone. Tv employee fill six whatever determine team.", "groups": [], "user_permissions": []}}, {"model": "users.user", "pk": 14, "fields": {"password": "YxjLmcdZCdCIKvDnmyhz", "last_login": null, "is_superuser": false, "username": "task_1982", "first_name": "Abigail", "last_name": "Neal", "is_staff": false, "is_active": true, "date_joined": "2024-03-13T12:29:23.266Z", "email": "tigers2008@gmail.com", "bio": "Deep them reflect level. Research stop reach enough recently strong. None question rise participant unit.\nMoney personal relate return same window bring left. Exist son smile.", "groups": [], "user_permissions": []}}, {"model": "users.user", "pk": 15, "fields": {"password": "RQXgAvYyfoBdoDVKIyOC", "last_login": null, "is_superuser": false, "username": "tries_1961", "first_name": "Richard", "last_name": "Burch", "is_staff": false, "is_active": true, "date_joined": "2024-03-13T12:29:23.276Z", "email": "andorra2089@duck.com", "bio": "Along measure anything himself experience discuss view tend. Everyone require personal guess. Sell wife move play art pretty.\nCourt possible respond agreement. Simply thank player pull.", "groups": [], "user_permissions": []}}, {"model": "users.user", "pk": 16, "fields": {"password": "EDnnjoCLJeXIZCppyjjz", "last_login": null, "is_superuser": false, "username": "broke_1943", "first_name": "Tyler", "last_name": "Berger", "is_staff": false, "is_active": true, "date_joined": "2024-03-13T12:29:23.286Z", "email": "fees2006@example.com", "bio": "Door development student open. Great know improve garden ground partner billion.", "groups": [], "user_permissions": []}}, {"model": "users.user", "pk": 17, "fields": {"password": "nsJzqVoMPWDcDhBUNRiT", "last_login": null, "is_superuser": false, "username": "abstract_1839", "first_name": "Sonya", "last_name": "Harrison", "is_staff": false, "is_active": true, "date_joined": "2024-03-13T12:29:23.296Z", "email": "merchant1840@outlook.com", "bio": "Mind cultural affect stand result life. Suggest assume always thus score enter.\nSay public eat summer. Cut range police full western travel prove food. However brother station trip require do.", "groups": [], "user_permissions": []}}, {"model": "users.user", "pk": 18, "fields": {"password": "XijRiEFxeWlOeetVQXpB", "last_login": null, "is_superuser": false, "username": "survey_2082", "first_name": "Olivia", "last_name": "Mcdowell", "is_staff": false, "is_active": true, "date_joined": "2024-03-13T12:29:23.306Z", "email": "lean1916@yahoo.com", "bio": "Meeting avoid rock pretty. Impact weight effort line. Surface evidence since knowledge.\nThousand bar herself.\nDefense store store day like financial. Through send bank stay man.", "groups": [], "user_permissions": []}}, {"model": "users.user", "pk": 19, "fields": {"password": "TfDxnOHMiQxXZEQItZvK", "last_login": null, "is_superuser": false, "username": "shame_1820", "first_name": "Meredith", "last_name": "Reid", "is_staff": false, "is_active": true, "date_joined": "2024-03-13T12:29:23.315Z", "email": "skins1835@gmail.com", "bio": "Appear character information. Stuff agreement carry cold author. Teacher positive size should detail from need.", "groups": [], "user_permissions": []}}, {"model": "users.user", "pk": 20, "fields": {"password": "LAbwzAbeNBWnEDRuuRwz", "last_login": null, "is_superuser": false, "username": "blair_1919", "first_name": "Thomas", "last_name": "Frazier", "is_staff": false, "is_active": true, "date_joined": "2024-03-13T12:29:23.324Z", "email": "entity1855@gmail.com", "bio": "Win whether or edge investment course paper learn. Information try machine moment great drop. Wonder social film term style son.", "groups": [], "user_permissions": []}}, {"model": "users.user", "pk": 21, "fields": {"password": "yNNXSShOIDSHudwkZhCn", "last_login": null, "is_superuser": false, "username": "typing_2042", "first_name": "Latasha", "last_name": "Todd", "is_staff": false, "is_active": true, "date_joined": "2024-03-13T12:29:23.332Z", "email": "lazy2063@outlook.com", "bio": "There cultural Mrs vote serve organization local find. Age issue system kitchen.", "groups": [], "user_permissions": []}}, {"model": "users.user", "pk": 22, "fields": {"password": "cyStjFEHZDAGYQqhtoiP", "last_login": null, "is_superuser": false, "username": "american_1855", "first_name": "Lindsey", "last_name": "Santana", "is_staff": false, "is_active": true, "date_joined": "2024-03-13T12:29:23.341Z", "email": "astrology2013@outlook.com", "bio": "Hotel worry woman show particular police. Same set suffer ok full determine agreement.\nGet body enjoy expect eight short.\nStore system gun general. No arm apply generation laugh open prove.", "groups": [], "user_permissions": []}}, {"model": "users.user", "pk": 23, "fields": {"password": "WcTRmsBCNzDTCXxMzvBg", "last_login": null, "is_superuser": false, "username": "bryan_1906", "first_name": "Deborah", "last_name": "Stout", "is_staff": false, "is_active": true, "date_joined": "2024-03-13T12:29:23.351Z", "email": "oklahoma2058@duck.com", "bio": "Also east like really audience. Himself option still response research science Republican operation.", "groups": [], "user_permissions": []}}, {"model": "users.user", "pk": 24, "fields": {"password": "osByqJLBusOHxUBrkfUA", "last_login": null, "is_superuser": false, "username": "surprise_1853", "first_name": "Christine", "last_name": "Singh", "is_staff": false, "is_active": true, "date_joined": "2024-03-13T12:29:23.360Z", "email": "specs1970@gmail.com", "bio": "Standard activity possible try brother bed. Growth for term director. Professional management address fast participant.", "groups": [], "user_permissions": []}}, {"model": "users.user", "pk": 25, "fields": {"password": "waTOJvFKVHyRQJbCRHgB", "last_login": null, "is_superuser": false, "username": "premium_2066", "first_name": "Gabrielle", "last_name": "Malone", "is_staff": false, "is_active": true, "date_joined": "2024-03-13T12:29:23.369Z", "email": "oregon1804@duck.com", "bio": "Understand deep mind project despite west. Open three commercial marriage.", "groups": [], "user_permissions": []}}, {"model": "users.user", "pk": 26, "fields": {"password": "xWlCeXYUmMgpSGhzfakl", "last_login": null, "is_superuser": false, "username": "bend_1872", "first_name": "Elaine", "last_name": "Mckay", "is_staff": false, "is_active": true, "date_joined": "2024-03-13T12:29:23.378Z", "email": "quite2062@live.com", "bio": "Watch learn mission himself between. Example free imagine improve career. Must large soon trouble. Identify matter begin.", "groups": [], "user_permissions": []}}, {"model": "users.user", "pk": 27, "fields": {"password": "EbUiJjtfFOqETKjaxTtJ", "last_login": null, "is_superuser": false, "username": "aus_2030", "first_name": "Brenda", "last_name": "Mclean", "is_staff": false, "is_active": true, "date_joined": "2024-03-13T12:29:23.387Z", "email": "harvest1921@outlook.com", "bio": "Career occur left. Bit measure stop believe. Range point it fear student finally.\nRepresent once determine for market away. Year probably ago dream. Authority course night cup family because world.", "groups": [], "user_permissions": []}}, {"model": "users.user", "pk": 28, "fields": {"password": "eqcABtfuqyBjUBayGDjg", "last_login": null, "is_superuser": false, "username": "jewelry_1963", "first_name": "Ricky", "last_name": "Rosales", "is_staff": false, "is_active": true, "date_joined": "2024-03-13T12:29:23.396Z", "email": "firewall1831@gmail.com", "bio": "Especially pretty test popular animal. Event only prevent standard through conference.\nJob drop tell over. If newspaper charge institution. Former us machine sound election eat.", "groups": [], "user_permissions": []}}, {"model": "users.user", "pk": 29, "fields": {"password": "LkjxfOgwdEmDrtILMgGq", "last_login": null, "is_superuser": false, "username": "years_2014", "first_name": "Jimmy", "last_name": "Blanchard", "is_staff": false, "is_active": true, "date_joined": "2024-03-13T12:29:23.405Z", "email": "immediate1932@yahoo.com", "bio": "Prevent I body left street minute. Of company strategy image to. Join continue deal.\nSpace meeting him employee. Language agent word never make. Watch like team culture again.", "groups": [], "user_permissions": []}}, {"model": "users.user", "pk": 30, "fields": {"password": "dMYXmtvXoHDeoTjMycKh", "last_login": null, "is_superuser": false, "username": "karen_1902", "first_name": "Kelly", "last_name": "Turner", "is_staff": false, "is_active": true, "date_joined": "2024-03-13T12:29:23.414Z", "email": "chip2022@yandex.com", "bio": "Close area customer image while. Just during perform thus media. Election may air exist hand.", "groups": [], "user_permissions": []}}, {"model": "users.user", "pk": 31, "fields": {"password": "lPcRfZsfLGgzZeCvriEd", "last_login": null, "is_superuser": false, "username": "variety_1884", "first_name": "Raymond", "last_name": "Burton", "is_staff": false, "is_active": true, "date_joined": "2024-03-13T12:29:23.424Z", "email": "jerusalem1857@protonmail.com", "bio": "Still fly class century house agent. Whose last finish stay probably because husband. Pull no style upon easy TV.\nDifferent still write walk. Son per all computer oil.", "groups": [], "user_permissions": []}}, {"model": "users.user", "pk": 32, "fields": {"password": "drvGFvhSBdZHRTBnCYgF", "last_login": null, "is_superuser": false, "username": "witnesses_1847", "first_name": "Gail", "last_name": "Black", "is_staff": false, "is_active": true, "date_joined": "2024-03-13T12:29:23.434Z", "email": "phrase1870@yahoo.com", "bio": "Garden home here require trial who. Partner difference risk civil. Specific business large fight must movement end.", "groups": [], "user_permissions": []}}, {"model": "users.user", "pk": 33, "fields": {"password": "hHXiVKfWPfBaYEsiYqxX", "last_login": null, "is_superuser": false, "username": "proprietary_1800", "first_name": "Chelsey", "last_name": "Klein", "is_staff": false, "is_active": true, "date_joined": "2024-03-13T12:29:23.444Z", "email": "para2005@duck.com", "bio": "Management method remain recently high draw. Here several have everyone.", "groups": [], "user_permissions": []}}, {"model": "users.user", "pk": 34, "fields": {"password": "fRRzGeuGGzdkQtRRgExJ", "last_login": null, "is_superuser": false, "username": "arctic_1924", "first_name": "Hector", "last_name": "Barber", "is_staff": false, "is_active": true, "date_joined": "2024-03-13T12:29:23.453Z", "email": "book2051@example.com", "bio": "Attack hot case move likely away. Six any hold nice.\nHot those society week. Need attorney thousand likely region figure never. Concern fund avoid respond have particular.", "groups": [], "user_permissions": []}}, {"model": "users.user", "pk": 35, "fields": {"password": "gpdjLeNxnywaSxfmNQgG", "last_login": null, "is_superuser": false, "username": "attract_1942", "first_name": "Jonathon", "last_name": "Ware", "is_staff": false, "is_active": true, "date_joined": "2024-03-13T12:29:23.463Z", "email": "pills2042@example.org", "bio": "Grow successful behavior agent long kitchen. Successful many save another.\nOwner surface statement system relationship citizen. Include so leave sea. Fill leader doctor.", "groups": [], "user_permissions": []}}, {"model": "users.user", "pk": 36, "fields": {"password": "nNqFgjTbNFayqbGSvObl", "last_login": null, "is_superuser": false, "username": "catherine_1818", "first_name": "Peter", "last_name": "Copeland", "is_staff": false, "is_active": true, "date_joined": "2024-03-13T12:29:23.472Z", "email": "advertisers2084@yandex.com", "bio": "Keep under main. Scene southern present my modern food. Full see book wind task painting generation.\nCultural walk send doctor certain piece weight. Pick ok stand environment blood statement wear.", "groups": [], "user_permissions": []}}, {"model": "users.user", "pk": 37, "fields": {"password": "CFZHlwOXDgTopTmyFoRr", "last_login": null, "is_superuser": false, "username": "medal_2068", "first_name": "Heidi", "last_name": "Huang", "is_staff": false, "is_active": true, "date_joined": "2024-03-13T12:29:23.481Z", "email": "choir1879@protonmail.com", "bio": "Professional always few everything difference note. She run pattern performance.", "groups": [], "user_permissions": []}}, {"model": "users.user", "pk": 38, "fields": {"password": "eSkfcQDHGSlJcKDXVptB", "last_login": null, "is_superuser": false, "username": "copy_2000", "first_name": "Darryl", "last_name": "Cline", "is_staff": false, "is_active": true, "date_joined": "2024-03-13T12:29:23.490Z", "email": "exact1954@duck.com", "bio": "Partner hotel many class. Various field religious Mr pattern especially simple. School thousand store pick pressure.\nForeign personal high land. Policy hope court.", "groups": [], "user_permissions": []}}, {"model": "users.user", "pk": 39, "fields": {"password": "OWNmFZaUsuZIklqsswTu", "last_login": null, "is_superuser": false, "username": "andrea_1889", "first_name": "Monique", "last_name": "Ramos", "is_staff": false, "is_active": true, "date_joined": "2024-03-13T12:29:23.499Z", "email": "stem1893@example.org", "bio": "Do into again agree. Personal miss again weight.\nHotel house cup where where author. Choose friend set price check recognize. Ever number include someone soldier.", "groups": [], "user_permissions": []}}, {"model": "users.user", "pk": 40, "fields": {"password": "toUNiYfKRXAtYScjUTjt", "last_login": null, "is_superuser": false, "username": "wheel_1979", "first_name": "Jeremy", "last_name": "Andersen", "is_staff": false, "is_active": true, "date_joined": "2024-03-13T12:29:23.508Z", "email": "given1892@yandex.com", "bio": "If central summer appear crime. Section less better only instead. Happen no next play hot.", "groups": [], "user_permissions": []}}, {"model": "users.user", "pk": 41, "fields": {"password": "xXrwArjCzBdgWYsPzDCu", "last_login": null, "is_superuser": false, "username": "chester_2055", "first_name": "Leonard", "last_name": "Rodriguez", "is_staff": false, "is_active": true, "date_joined": "2024-03-13T12:29:23.517Z", "email": "submitting1858@yahoo.com", "bio": "Push night stuff so debate end. Though popular edge crime start only.\nServe bar prove local his so let. Recent arrive spring.", "groups": [], "user_permissions": []}}, {"model": "users.user", "pk": 42, "fields": {"password": "EdwKyBQUBdPYzXfvQVfl", "last_login": null, "is_superuser": false, "username": "citizen_1979", "first_name": "Taylor", "last_name": "Hill", "is_staff": false, "is_active": true, "date_joined": "2024-03-13T12:29:23.526Z", "email": "wan1802@yahoo.com", "bio": "Hair indeed remember just candidate indicate. Medical support our store just surface.\nWater tough them suggest sit. Soon maybe southern light feeling every.", "groups": [], "user_permissions": []}}, {"model": "users.user", "pk": 43, "fields": {"password": "QqxPkWtLepdulmOxpuNU", "last_login": null, "is_superuser": false, "username": "tribunal_1961", "first_name": "Autumn", "last_name": "Stanton", "is_staff": false, "is_active": true, "date_joined": "2024-03-13T12:29:23.535Z", "email": "tubes1820@gmail.com", "bio": "Between sell head party require. Grow week situation one how. Hot still plant enough us test.\nBe break occur mission five full. Who eight government world. Without number goal both.", "groups": [], "user_permissions": []}}, {"model": "users.user", "pk": 44, "fields": {"password": "wiLeBroNddGwiLzTWsDz", "last_login": null, "is_superuser": false, "username": "incomplete_2010", "first_name": "Claudia", "last_name": "Jennings", "is_staff": false, "is_active": true, "date_joined": "2024-03-13T12:29:23.544Z", "email": "victim2045@duck.com", "bio": "Share nature claim baby program must. His nation with very. Car station international foreign feel.", "groups": [], "user_permissions": []}}, {"model": "users.user", "pk": 45, "fields": {"password": "ezmOsvbLjoLhacnAlomP", "last_login": null, "is_superuser": false, "username": "meta_2098", "first_name": "Jesus", "last_name": "Sutton", "is_staff": false, "is_active": true, "date_joined": "2024-03-13T12:29:23.553Z", "email": "inspection2091@live.com", "bio": "Child employee again. Pay cup hour. Sound few my.\nAnswer agree data. Painting my lay message cost official manager.\nReady summer still message. Friend country relate industry race from collection.", "groups": [], "user_permissions": []}}, {"model": "users.user", "pk": 46, "fields": {"password": "UkLiwUWErOazEEWiGvEs", "last_login": null, "is_superuser": false, "username": "advance_1946", "first_name": "Bianca", "last_name": "Waters", "is_staff": false, "is_active": true, "date_joined": "2024-03-13T12:29:23.562Z", "email": "stuart1891@duck.com", "bio": "Doctor realize air.\nArm trial school any compare represent rule. Tonight feeling moment now plant evening. Now become last.\nWear section rest fall.", "groups": [], "user_permissions": []}}, {"model": "users.user", "pk": 47, "fields": {"password": "bgsCvCFXmrIAxIPKVLYq", "last_login": null, "is_superuser": false, "username": "popular_1981", "first_name": "Frederick", "last_name": "Randolph", "is_staff": false, "is_active": true, "date_joined": "2024-03-13T12:29:23.571Z", "email": "enjoyed1992@example.org", "bio": "Side task and service rise. Around chance seek outside detail world. Various say theory management.\nOut a quality little thought. Market late read.", "groups": [], "user_permissions": []}}, {"model": "users.user", "pk": 48, "fields": {"password": "ADBhstMdOvhnhEvcORQN", "last_login": null, "is_superuser": false, "username": "rankings_1985", "first_name": "Sergio", "last_name": "Griffith", "is_staff": false, "is_active": true, "date_joined": "2024-03-13T12:29:23.581Z", "email": "import2012@live.com", "bio": "Recently fact rule tax he fine. Thing your perhaps large particularly amount stock. Democrat star culture several police third.", "groups": [], "user_permissions": []}}, {"model": "users.user", "pk": 49, "fields": {"password": "TYtBTMUDkxASUXYNWCNA", "last_login": null, "is_superuser": false, "username": "meals_2052", "first_name": "Tanya", "last_name": "Lucas", "is_staff": false, "is_active": true, "date_joined": "2024-03-13T12:29:23.591Z", "email": "tim1932@live.com", "bio": "Want figure act develop. Election billion soldier avoid politics name. Morning east plant power civil a game. Page firm lose may.", "groups": [], "user_permissions": []}}, {"model": "users.user", "pk": 50, "fields": {"password": "AjnoPtNemCSUrJhNgbei", "last_login": null, "is_superuser": false, "username": "convergence_1837", "first_name": "Cynthia", "last_name": "Bennett", "is_staff": false, "is_active": true, "date_joined": "2024-03-13T12:29:23.600Z", "email": "degree1985@yahoo.com", "bio": "Read decade defense view enter. Close myself question institution miss plant.\nKnowledge play girl. Color medical population tend sure measure prepare.", "groups": [], "user_permissions": []}}, {"model": "users.user", "pk": 51, "fields": {"password": "TZeDAroHFoTIGBgXpeVm", "last_login": null, "is_superuser": false, "username": "tuition_1985", "first_name": "George", "last_name": "Roman", "is_staff": false, "is_active": true, "date_joined": "2024-03-13T12:29:23.609Z", "email": "licenses1929@yahoo.com", "bio": "Former young behind machine commercial man. Professor thing institution.\nSeem to situation service nature. Where discuss cell two.", "groups": [], "user_permissions": []}}, {"model": "users.user", "pk": 52, "fields": {"password": "oWzTTMKmePBxYfoMDLDa", "last_login": null, "is_superuser": false, "username": "tracking_1865", "first_name": "Priscilla", "last_name": "Hess", "is_staff": false, "is_active": true, "date_joined": "2024-03-13T12:29:23.618Z", "email": "involve2000@example.com", "bio": "Protect build which someone visit. Money wish me of experience heart spring.\nLevel car weight order future. Reflect admit do run enter whose. Break partner race travel land them.", "groups": [], "user_permissions": []}}, {"model": "users.user", "pk": 53, "fields": {"password": "wKuXiqTuIklZvazgKmIJ", "last_login": null, "is_superuser": false, "username": "eddie_2096", "first_name": "Maria", "last_name": "Bowers", "is_staff": false, "is_active": true, "date_joined": "2024-03-13T12:29:23.627Z", "email": "disabled1830@example.org", "bio": "Eye cost make small expert study despite never. Much appear central real property affect agency record.", "groups": [], "user_permissions": []}}, {"model": "users.user", "pk": 54, "fields": {"password": "HnpSIJqyDbsSgUgjWWKe", "last_login": null, "is_superuser": false, "username": "aspects_2041", "first_name": "Courtney", "last_name": "Fuller", "is_staff": false, "is_active": true, "date_joined": "2024-03-13T12:29:23.636Z", "email": "steal2077@yandex.com", "bio": "Unit hour hotel into resource. Television mother house son.\nSubject training first move. Health some quite author long style. On bed ready.", "groups": [], "user_permissions": []}}, {"model": "users.user", "pk": 55, "fields": {"password": "ANXjgMlVcZbraMhVebtm", "last_login": null, "is_superuser": false, "username": "ciao_1971", "first_name": "Connor", "last_name": "Cuevas", "is_staff": false, "is_active": true, "date_joined": "2024-03-13T12:29:23.647Z", "email": "dividend1938@example.com", "bio": "Score represent his federal economic entire offer. No significant why pick win somebody.\nEconomy media reveal gun rise window. Last money spend over.\nWear trouble south factor. Attention lead what.", "groups": [], "user_permissions": []}}, {"model": "companies.company", "pk": 1, "fields": {"created": "2024-03-13T12:29:22.849Z", "modified": "2024-03-13T12:29:22.849Z", "owner": 1, "name": "Alexis Chase"}}, {"model": "companies.company", "pk": 2, "fields": {"created": "2024-03-13T12:29:22.857Z", "modified": "2024-03-13T12:29:22.857Z", "owner": 2, "name": "Bonnie Middleton"}}, {"model": "companies.company", "pk": 3, "fields": {"created": "2024-03-13T12:29:22.863Z", "modified": "2024-03-13T12:29:22.863Z", "owner": 3, "name": "Ms. Alexandria English DVM"}}, {"model": "companies.company", "pk": 4, "fields": {"created": "2024-03-13T12:29:22.869Z", "modified": "2024-03-13T12:29:22.869Z", "owner": 4, "name": "Dr. Brent Gallegos"}}, {"model": "companies.company", "pk": 5, "fields": {"created": "2024-03-13T12:29:22.875Z", "modified": "2024-03-13T12:29:22.875Z", "owner": 5, "name": "Dr. Erin Romero PhD"}}, {"model": "companies.department", "pk": 1, "fields": {"point": 3, "name": "production"}}, {"model": "companies.department", "pk": 2, "fields": {"point": 8, "name": "mt"}}, {"model": "companies.department", "pk": 3, "fields": {"point": 7, "name": "big"}}, {"model": "companies.department", "pk": 4, "fields": {"point": 9, "name": "third"}}, {"model": "companies.department", "pk": 5, "fields": {"point": 10, "name": "healing"}}, {"model": "companies.department", "pk": 6, "fields": {"point": 9, "name": "totals"}}, {"model": "companies.department", "pk": 7, "fields": {"point": 6, "name": "bondage"}}, {"model": "companies.department", "pk": 8, "fields": {"point": 9, "name": "historical"}}, {"model": "companies.department", "pk": 9, "fields": {"point": 9, "name": "somebody"}}, {"model": "companies.department", "pk": 10, "fields": {"point": 3, "name": "standard"}}, {"model": "companies.department", "pk": 11, "fields": {"point": 6, "name": "lots"}}, {"model": "companies.department", "pk": 12, "fields": {"point": 10, "name": "nikon"}}, {"model": "companies.department", "pk": 13, "fields": {"point": 2, "name": "sony"}}, {"model": "companies.department", "pk": 14, "fields": {"point": 2, "name": "humor"}}, {"model": "companies.department", "pk": 15, "fields": {"point": 5, "name": "original"}}, {"model": "companies.department", "pk": 16, "fields": {"point": 4, "name": "ridge"}}, {"model": "companies.department", "pk": 17, "fields": {"point": 6, "name": "protect"}}, {"model": "companies.department", "pk": 18, "fields": {"point": 3, "name": "food"}}, {"model": "companies.department", "pk": 19, "fields": {"point": 1, "name": "story"}}, {"model": "companies.department", "pk": 20, "fields": {"point": 6, "name": "those"}}, {"model": "companies.department", "pk": 21, "fields": {"point": 5, "name": "camps"}}, {"model": "companies.department", "pk": 22, "fields": {"point": 10, "name": "systems"}}, {"model": "companies.department", "pk": 23, "fields": {"point": 4, "name": "pee"}}, {"model": "companies.department", "pk": 24, "fields": {"point": 2, "name": "ass"}}, {"model": "companies.department", "pk": 25, "fields": {"point": 9, "name": "still"}}, {"model": "companies.department", "pk": 26, "fields": {"point": 2, "name": "got"}}, {"model": "companies.department", "pk": 27, "fields": {"point": 4, "name": "leads"}}, {"model": "companies.department", "pk": 28, "fields": {"point": 10, "name": "practices"}}, {"model": "companies.department", "pk": 29, "fields": {"point": 5, "name": "carrier"}}, {"model": "companies.department", "pk": 30, "fields": {"point": 10, "name": "packaging"}}, {"model": "companies.category", "pk": 1, "fields": {"name": "Miss Katelyn Dominguez DDS"}}, {"model": "companies.category", "pk": 2, "fields": {"name": "Jill Dillon"}}, {"model": "companies.category", "pk": 3, "fields": {"name": "Dr. Sharon Patrick"}}, {"model": "companies.category", "pk": 4, "fields": {"name": "Dr. Misty Bean DVM"}}, {"model": "companies.category", "pk": 5, "fields": {"name": "Peggy Watson MD"}}, {"model": "companies.category", "pk": 6, "fields": {"name": "Dr. Billy Finley DDS"}}, {"model": "companies.category", "pk": 7, "fields": {"name": "Dr. Alejandro Mcfarland DVM"}}, {"model": "companies.category", "pk": 8, "fields": {"name": "Christina Weeks"}}, {"model": "companies.category", "pk": 9, "fields": {"name": "Meagan Benson"}}, {"model": "companies.category", "pk": 10, "fields": {"name": "Dr. Alisha Bruce DDS"}}, {"model": "companies.category", "pk": 11, "fields": {"name": "Mr. Logan Parrish MD"}}, {"model": "companies.category", "pk": 12, "fields": {"name": "Crystal Travis"}}, {"model": "companies.category", "pk": 13, "fields": {"name": "Dr. Charles Palmer"}}, {"model": "companies.category", "pk": 14, "fields": {"name": "Steve Sexton"}}, {"model": "companies.category", "pk": 15, "fields": {"name": "Mandy Chung"}}, {"model": "companies.category", "pk": 16, "fields": {"name": "Mallory Conway MD"}}, {"model": "companies.category", "pk": 17, "fields": {"name": "Madeline Boone"}}, {"model": "companies.category", "pk": 18, "fields": {"name": "Rodney Petty"}}, {"model": "companies.category", "pk": 19, "fields": {"name": "Dr. Ruth Fuentes"}}, {"model": "companies.category", "pk": 20, "fields": {"name": "Mitchell Greer DDS"}}, {"model": "companies.procedure", "pk": 1, "fields": {"name": "lucky", "category": 15, "department": 21}}, {"model": "companies.procedure", "pk": 2, "fields": {"name": "were", "category": 15, "department": 16}}, {"model": "companies.procedure", "pk": 3, "fields": {"name": "selection", "category": 3, "department": 24}}, {"model": "companies.procedure", "pk": 4, "fields": {"name": "tops", "category": 5, "department": 30}}, {"model": "companies.procedure", "pk": 5, "fields": {"name": "kansas", "category": 5, "department": 13}}, {"model": "companies.procedure", "pk": 6, "fields": {"name": "remain", "category": 14, "department": 1}}, {"model": "companies.procedure", "pk": 7, "fields": {"name": "printing", "category": 11, "department": 9}}, {"model": "companies.procedure", "pk": 8, "fields": {"name": "slave", "category": 9, "department": 18}}, {"model": "companies.procedure", "pk": 9, "fields": {"name": "paragraph", "category": 5, "department": 7}}, {"model": "companies.procedure", "pk": 10, "fields": {"name": "sponsored", "category": 10, "department": 26}}, {"model": "companies.procedure", "pk": 11, "fields": {"name": "terrorist", "category": 8, "department": 4}}, {"model": "companies.procedure", "pk": 12, "fields": {"name": "cooling", "category": 6, "department": 30}}, {"model": "companies.procedure", "pk": 13, "fields": {"name": "jefferson", "category": 15, "department": 23}}, {"model": "companies.procedure", "pk": 14, "fields": {"name": "api", "category": 11, "department": 28}}, {"model": "companies.procedure", "pk": 15, "fields": {"name": "bring", "category": 19, "department": 18}}, {"model": "companies.procedure", "pk": 16, "fields": {"name": "pop", "category": 16, "department": 10}}, {"model": "companies.procedure", "pk": 17, "fields": {"name": "recovery", "category": 2, "department": 10}}, {"model": "companies.procedure", "pk": 18, "fields": {"name": "entries", "category": 1, "department": 6}}, {"model": "companies.procedure", "pk": 19, "fields": {"name": "tin", "category": 1, "department": 19}}, {"model": "companies.procedure", "pk": 20, "fields": {"name": "premier", "category": 12, "department": 19}}, {"model": "companies.procedure", "pk": 21, "fields": {"name": "untitled", "category": 1, "department": 20}}, {"model": "companies.procedure", "pk": 22, "fields": {"name": "quarter", "category": 19, "department": 18}}, {"model": "companies.procedure", "pk": 23, "fields": {"name": "tabs", "category": 16, "department": 14}}, {"model": "companies.procedure", "pk": 24, "fields": {"name": "movies", "category": 19, "department": 7}}, {"model": "companies.procedure", "pk": 25, "fields": {"name": "extension", "category": 2, "department": 5}}, {"model": "companies.procedure", "pk": 26, "fields": {"name": "representatives", "category": 1, "department": 28}}, {"model": "companies.procedure", "pk": 27, "fields": {"name": "toward", "category": 5, "department": 26}}, {"model": "companies.procedure", "pk": 28, "fields": {"name": "chinese", "category": 13, "department": 13}}, {"model": "companies.procedure", "pk": 29, "fields": {"name": "transition", "category": 10, "department": 16}}, {"model": "companies.procedure", "pk": 30, "fields": {"name": "titans", "category": 8, "department": 25}}, {"model": "companies.procedure", "pk": 31, "fields": {"name": "power", "category": 7, "department": 5}}, {"model": "companies.procedure", "pk": 32, "fields": {"name": "toyota", "category": 8, "department": 5}}, {"model": "companies.procedure", "pk": 33, "fields": {"name": "bin", "category": 5, "department": 19}}, {"model": "companies.procedure", "pk": 34, "fields": {"name": "rio", "category": 5, "department": 17}}, {"model": "companies.procedure", "pk": 35, "fields": {"name": "puzzle", "category": 7, "department": 3}}, {"model": "companies.procedure", "pk": 36, "fields": {"name": "rr", "category": 18, "department": 16}}, {"model": "companies.procedure", "pk": 37, "fields": {"name": "advertising", "category": 3, "department": 8}}, {"model": "companies.procedure", "pk": 38, "fields": {"name": "playing", "category": 17, "department": 16}}, {"model": "companies.procedure", "pk": 39, "fields": {"name": "occupation", "category": 6, "department": 22}}, {"model": "companies.procedure", "pk": 40, "fields": {"name": "filters", "category": 14, "department": 13}}, {"model": "companies.procedure", "pk": 41, "fields": {"name": "your", "category": 6, "department": 20}}, {"model": "companies.procedure", "pk": 42, "fields": {"name": "establishing", "category": 11, "department": 9}}, {"model": "companies.procedure", "pk": 43, "fields": {"name": "cities", "category": 7, "department": 7}}, {"model": "companies.procedure", "pk": 44, "fields": {"name": "appliances", "category": 20, "department": 29}}, {"model": "companies.procedure", "pk": 45, "fields": {"name": "first", "category": 6, "department": 13}}, {"model": "companies.procedure", "pk": 46, "fields": {"name": "citysearch", "category": 3, "department": 13}}, {"model": "companies.procedure", "pk": 47, "fields": {"name": "symptoms", "category": 11, "department": 16}}, {"model": "companies.procedure", "pk": 48, "fields": {"name": "radio", "category": 8, "department": 28}}, {"model": "companies.procedure", "pk": 49, "fields": {"name": "sing", "category": 4, "department": 22}}, {"model": "companies.procedure", "pk": 50, "fields": {"name": "happened", "category": 3, "department": 26}}, {"model": "companies.employee", "pk": 1, "fields": {"created": "2024-03-13T12:29:23.195Z", "modified": "2024-03-13T12:29:23.195Z", "user": 6, "position": "attached", "fire_date": null, "departments": [2, 28, 17]}}, {"model": "companies.employee", "pk": 2, "fields": {"created": "2024-03-13T12:29:23.204Z", "modified": "2024-03-13T12:29:23.204Z", "user": 7, "position": "provided", "fire_date": null, "departments": [18]}}, {"model": "companies.employee", "pk": 3, "fields": {"created": "2024-03-13T12:29:23.214Z", "modified": "2024-03-13T12:29:23.214Z", "user": 8, "position": "from", "fire_date": null, "departments": [5, 2, 15]}}, {"model": "companies.employee", "pk": 4, "fields": {"created": "2024-03-13T12:29:23.223Z", "modified": "2024-03-13T12:29:23.223Z", "user": 9, "position": "barbara", "fire_date": null, "departments": [29, 14]}}, {"model": "companies.employee", "pk": 5, "fields": {"created": "2024-03-13T12:29:23.232Z", "modified": "2024-03-13T12:29:23.232Z", "user": 10, "position": "lab", "fire_date": null, "departments": [21, 15]}}, {"model": "companies.employee", "pk": 6, "fields": {"created": "2024-03-13T12:29:23.241Z", "modified": "2024-03-13T12:29:23.241Z", "user": 11, "position": "spent", "fire_date": null, "departments": [5, 14]}}, {"model": "companies.employee", "pk": 7, "fields": {"created": "2024-03-13T12:29:23.250Z", "modified": "2024-03-13T12:29:23.250Z", "user": 12, "position": "contests", "fire_date": null, "departments": [5, 15, 10]}}, {"model": "companies.employee", "pk": 8, "fields": {"created": "2024-03-13T12:29:23.260Z", "modified": "2024-03-13T12:29:23.260Z", "user": 13, "position": "rice", "fire_date": null, "departments": [24, 17, 16]}}, {"model": "companies.employee", "pk": 9, "fields": {"created": "2024-03-13T12:29:23.269Z", "modified": "2024-03-13T12:29:23.269Z", "user": 14, "position": "trying", "fire_date": null, "departments": [5, 30, 22]}}, {"model": "companies.employee", "pk": 10, "fields": {"created": "2024-03-13T12:29:23.279Z", "modified": "2024-03-13T12:29:23.279Z", "user": 15, "position": "pre", "fire_date": null, "departments": [2, 1]}}, {"model": "companies.employee", "pk": 11, "fields": {"created": "2024-03-13T12:29:23.290Z", "modified": "2024-03-13T12:29:23.290Z", "user": 16, "position": "black", "fire_date": null, "departments": [14, 11, 15, 28]}}, {"model": "companies.employee", "pk": 12, "fields": {"created": "2024-03-13T12:29:23.299Z", "modified": "2024-03-13T12:29:23.299Z", "user": 17, "position": "mystery", "fire_date": null, "departments": [14, 2]}}, {"model": "companies.employee", "pk": 13, "fields": {"created": "2024-03-13T12:29:23.308Z", "modified": "2024-03-13T12:29:23.308Z", "user": 18, "position": "recordings", "fire_date": null, "departments": [24, 3, 8]}}, {"model": "companies.employee", "pk": 14, "fields": {"created": "2024-03-13T12:29:23.318Z", "modified": "2024-03-13T12:29:23.318Z", "user": 19, "position": "associations", "fire_date": null, "departments": [29, 27, 23, 19]}}, {"model": "companies.employee", "pk": 15, "fields": {"created": "2024-03-13T12:29:23.327Z", "modified": "2024-03-13T12:29:23.327Z", "user": 20, "position": "glasses", "fire_date": null, "departments": [3, 16]}}, {"model": "companies.employee", "pk": 16, "fields": {"created": "2024-03-13T12:29:23.335Z", "modified": "2024-03-13T12:29:23.335Z", "user": 21, "position": "family", "fire_date": null, "departments": [11, 16, 25]}}, {"model": "companies.employee", "pk": 17, "fields": {"created": "2024-03-13T12:29:23.344Z", "modified": "2024-03-13T12:29:23.344Z", "user": 22, "position": "ten", "fire_date": null, "departments": [8, 1]}}, {"model": "companies.employee", "pk": 18, "fields": {"created": "2024-03-13T12:29:23.354Z", "modified": "2024-03-13T12:29:23.354Z", "user": 23, "position": "federal", "fire_date": null, "departments": [22]}}, {"model": "companies.employee", "pk": 19, "fields": {"created": "2024-03-13T12:29:23.363Z", "modified": "2024-03-13T12:29:23.363Z", "user": 24, "position": "leaving", "fire_date": null, "departments": [18, 15]}}, {"model": "companies.employee", "pk": 20, "fields": {"created": "2024-03-13T12:29:23.372Z", "modified": "2024-03-13T12:29:23.372Z", "user": 25, "position": "toshiba", "fire_date": null, "departments": [29, 5, 13]}}, {"model": "companies.employee", "pk": 21, "fields": {"created": "2024-03-13T12:29:23.381Z", "modified": "2024-03-13T12:29:23.381Z", "user": 26, "position": "keyboard", "fire_date": null, "departments": [10, 22]}}, {"model": "companies.employee", "pk": 22, "fields": {"created": "2024-03-13T12:29:23.390Z", "modified": "2024-03-13T12:29:23.390Z", "user": 27, "position": "background", "fire_date": null, "departments": [5, 9, 19]}}, {"model": "companies.employee", "pk": 23, "fields": {"created": "2024-03-13T12:29:23.399Z", "modified": "2024-03-13T12:29:23.399Z", "user": 28, "position": "centres", "fire_date": null, "departments": [3, 2, 1, 6]}}, {"model": "companies.employee", "pk": 24, "fields": {"created": "2024-03-13T12:29:23.408Z", "modified": "2024-03-13T12:29:23.408Z", "user": 29, "position": "kb", "fire_date": null, "departments": [3, 9]}}, {"model": "companies.employee", "pk": 25, "fields": {"created": "2024-03-13T12:29:23.417Z", "modified": "2024-03-13T12:29:23.417Z", "user": 30, "position": "transport", "fire_date": null, "departments": [24]}}, {"model": "companies.employee", "pk": 26, "fields": {"created": "2024-03-13T12:29:23.427Z", "modified": "2024-03-13T12:29:23.427Z", "user": 31, "position": "acid", "fire_date": null, "departments": [22]}}, {"model": "companies.employee", "pk": 27, "fields": {"created": "2024-03-13T12:29:23.437Z", "modified": "2024-03-13T12:29:23.437Z", "user": 32, "position": "style", "fire_date": null, "departments": [29, 18, 15, 4]}}, {"model": "companies.employee", "pk": 28, "fields": {"created": "2024-03-13T12:29:23.447Z", "modified": "2024-03-13T12:29:23.447Z", "user": 33, "position": "dream", "fire_date": null, "departments": [13]}}, {"model": "companies.employee", "pk": 29, "fields": {"created": "2024-03-13T12:29:23.456Z", "modified": "2024-03-13T12:29:23.456Z", "user": 34, "position": "enable", "fire_date": null, "departments": [7, 26, 15]}}, {"model": "companies.employee", "pk": 30, "fields": {"created": "2024-03-13T12:29:23.466Z", "modified": "2024-03-13T12:29:23.466Z", "user": 35, "position": "bargain", "fire_date": null, "departments": [13]}}, {"model": "companies.employee", "pk": 31, "fields": {"created": "2024-03-13T12:29:23.475Z", "modified": "2024-03-13T12:29:23.475Z", "user": 36, "position": "ibm", "fire_date": null, "departments": [15, 13]}}, {"model": "companies.employee", "pk": 32, "fields": {"created": "2024-03-13T12:29:23.484Z", "modified": "2024-03-13T12:29:23.484Z", "user": 37, "position": "tennis", "fire_date": null, "departments": [26, 17]}}, {"model": "companies.employee", "pk": 33, "fields": {"created": "2024-03-13T12:29:23.493Z", "modified": "2024-03-13T12:29:23.493Z", "user": 38, "position": "references", "fire_date": null, "departments": [29, 25, 22]}}, {"model": "companies.employee", "pk": 34, "fields": {"created": "2024-03-13T12:29:23.502Z", "modified": "2024-03-13T12:29:23.502Z", "user": 39, "position": "plc", "fire_date": null, "departments": [7, 1, 9, 20]}}, {"model": "companies.employee", "pk": 35, "fields": {"created": "2024-03-13T12:29:23.511Z", "modified": "2024-03-13T12:29:23.511Z", "user": 40, "position": "participate", "fire_date": null, "departments": [21, 25]}}, {"model": "companies.employee", "pk": 36, "fields": {"created": "2024-03-13T12:29:23.520Z", "modified": "2024-03-13T12:29:23.520Z", "user": 41, "position": "judge", "fire_date": null, "departments": [21, 26, 10]}}, {"model": "companies.employee", "pk": 37, "fields": {"created": "2024-03-13T12:29:23.529Z", "modified": "2024-03-13T12:29:23.529Z", "user": 42, "position": "links", "fire_date": null, "departments": [29, 13]}}, {"model": "companies.employee", "pk": 38, "fields": {"created": "2024-03-13T12:29:23.538Z", "modified": "2024-03-13T12:29:23.538Z", "user": 43, "position": "die", "fire_date": null, "departments": [4]}}, {"model": "companies.employee", "pk": 39, "fields": {"created": "2024-03-13T12:29:23.547Z", "modified": "2024-03-13T12:29:23.547Z", "user": 44, "position": "item", "fire_date": null, "departments": [21, 18, 30, 10]}}, {"model": "companies.employee", "pk": 40, "fields": {"created": "2024-03-13T12:29:23.556Z", "modified": "2024-03-13T12:29:23.556Z", "user": 45, "position": "day", "fire_date": null, "departments": [8, 23, 4]}}, {"model": "companies.employee", "pk": 41, "fields": {"created": "2024-03-13T12:29:23.565Z", "modified": "2024-03-13T12:29:23.565Z", "user": 46, "position": "hope", "fire_date": null, "departments": [1]}}, {"model": "companies.employee", "pk": 42, "fields": {"created": "2024-03-13T12:29:23.574Z", "modified": "2024-03-13T12:29:23.574Z", "user": 47, "position": "inches", "fire_date": null, "departments": [9]}}, {"model": "companies.employee", "pk": 43, "fields": {"created": "2024-03-13T12:29:23.585Z", "modified": "2024-03-13T12:29:23.585Z", "user": 48, "position": "rep", "fire_date": null, "departments": [3, 21, 14, 2]}}, {"model": "companies.employee", "pk": 44, "fields": {"created": "2024-03-13T12:29:23.594Z", "modified": "2024-03-13T12:29:23.594Z", "user": 49, "position": "talking", "fire_date": null, "departments": [29]}}, {"model": "companies.employee", "pk": 45, "fields": {"created": "2024-03-13T12:29:23.603Z", "modified": "2024-03-13T12:29:23.603Z", "user": 50, "position": "implementing", "fire_date": null, "departments": [27, 1, 16, 22]}}, {"model": "companies.employee", "pk": 46, "fields": {"created": "2024-03-13T12:29:23.612Z", "modified": "2024-03-13T12:29:23.612Z", "user": 51, "position": "licence", "fire_date": null, "departments": [21, 23, 25, 20]}}, {"model": "companies.employee", "pk": 47, "fields": {"created": "2024-03-13T12:29:23.621Z", "modified": "2024-03-13T12:29:23.621Z", "user": 52, "position": "extras", "fire_date": null, "departments": [8]}}, {"model": "companies.employee", "pk": 48, "fields": {"created": "2024-03-13T12:29:23.630Z", "modified": "2024-03-13T12:29:23.630Z", "user": 53, "position": "weight", "fire_date": null, "departments": [11, 1]}}, {"model": "companies.employee", "pk": 49, "fields": {"created": "2024-03-13T12:29:23.639Z", "modified": "2024-03-13T12:29:23.639Z", "user": 54, "position": "turns", "fire_date": null, "departments": [8, 25, 22]}}, {"model": "companies.employee", "pk": 50, "fields": {"created": "2024-03-13T12:29:23.649Z", "modified": "2024-03-13T12:29:23.649Z", "user": 55, "position": "tc", "fire_date": null, "departments": [28, 25]}}, {"model": "companies.masterprocedure", "pk": 1, "fields": {"created": "2024-03-13T12:29:24.350Z", "modified": "2024-03-13T12:29:24.350Z", "archived": null, "procedure": 14, "employee": 11, "price": 35127, "coef": 0.0}}, {"model": "companies.masterprocedure", "pk": 2, "fields": {"created": "2024-03-13T12:29:24.353Z", "modified": "2024-03-13T12:29:24.353Z", "archived": null, "procedure": 31, "employee": 32, "price": 46386, "coef": 0.0}}, {"model": "companies.masterprocedure", "pk": 3, "fields": {"created": "2024-03-13T12:29:24.357Z", "modified": "2024-03-13T12:29:24.357Z", "archived": null, "procedure": 13, "employee": 1, "price": 21770, "coef": 0.0}}, {"model": "companies.masterprocedure", "pk": 4, "fields": {"created": "2024-03-13T12:29:24.360Z", "modified": "2024-03-13T12:29:24.360Z", "archived": null, "procedure": 24, "employee": 13, "price": 19531, "coef": 0.0}}, {"model": "companies.masterprocedure", "pk": 5, "fields": {"created": "2024-03-13T12:29:24.364Z", "modified": "2024-03-13T12:29:24.364Z", "archived": null, "procedure": 47, "employee": 10, "price": 48138, "coef": 0.0}}, {"model": "companies.masterprocedure", "pk": 6, "fields": {"created": "2024-03-13T12:29:24.368Z", "modified": "2024-03-13T12:29:24.368Z", "archived": null, "procedure": 27, "employee": 22, "price": 49113, "coef": 0.0}}, {"model": "companies.masterprocedure", "pk": 7, "fields": {"created": "2024-03-13T12:29:24.371Z", "modified": "2024-03-13T12:29:24.371Z", "archived": null, "procedure": 4, "employee": 13, "price": 44315, "coef": 0.0}}, {"model": "companies.masterprocedure", "pk": 8, "fields": {"created": "2024-03-13T12:29:24.375Z", "modified": "2024-03-13T12:29:24.375Z", "archived": null, "procedure": 24, "employee": 13, "price": 22053, "coef": 0.0}}, {"model": "companies.masterprocedure", "pk": 9, "fields": {"created": "2024-03-13T12:29:24.378Z", "modified": "2024-03-13T12:29:24.378Z", "archived": null, "procedure": 14, "employee": 31, "price": 28007, "coef": 0.0}}, {"model": "companies.masterprocedure", "pk": 10, "fields": {"created": "2024-03-13T12:29:24.382Z", "modified": "2024-03-13T12:29:24.382Z", "archived": null, "procedure": 37, "employee": 2, "price": 39244, "coef": 0.0}}, {"model": "companies.masterprocedure", "pk": 11, "fields": {"created": "2024-03-13T12:29:24.386Z", "modified": "2024-03-13T12:29:24.386Z", "archived": null, "procedure": 33, "employee": 16, "price": 24549, "coef": 0.0}}, {"model": "companies.masterprocedure", "pk": 12, "fields": {"created": "2024-03-13T12:29:24.389Z", "modified": "2024-03-13T12:29:24.389Z", "archived": null, "procedure": 5, "employee": 27, "price": 27345, "coef": 0.0}}, {"model": "companies.masterprocedure", "pk": 13, "fields": {"created": "2024-03-13T12:29:24.393Z", "modified": "2024-03-13T12:29:24.393Z", "archived": null, "procedure": 37, "employee": 10, "price": 44666, "coef": 0.0}}, {"model": "companies.masterprocedure", "pk": 14, "fields": {"created": "2024-03-13T12:29:24.396Z", "modified": "2024-03-13T12:29:24.396Z", "archived": null, "procedure": 47, "employee": 22, "price": 26953, "coef": 0.0}}, {"model": "companies.masterprocedure", "pk": 15, "fields": {"created": "2024-03-13T12:29:24.400Z", "modified": "2024-03-13T12:29:24.400Z", "archived": null, "procedure": 18, "employee": 41, "price": 44970, "coef": 0.0}}, {"model": "companies.masterprocedure", "pk": 16, "fields": {"created": "2024-03-13T12:29:24.403Z", "modified": "2024-03-13T12:29:24.403Z", "archived": null, "procedure": 40, "employee": 35, "price": 24508, "coef": 0.0}}, {"model": "companies.masterprocedure", "pk": 17, "fields": {"created": "2024-03-13T12:29:24.407Z", "modified": "2024-03-13T12:29:24.407Z", "archived": null, "procedure": 34, "employee": 5, "price": 39376, "coef": 0.0}}, {"model": "companies.masterprocedure", "pk": 18, "fields": {"created": "2024-03-13T12:29:24.411Z", "modified": "2024-03-13T12:29:24.411Z", "archived": null, "procedure": 19, "employee": 11, "price": 15629, "coef": 0.0}}, {"model": "companies.masterprocedure", "pk": 19, "fields": {"created": "2024-03-13T12:29:24.415Z", "modified": "2024-03-13T12:29:24.415Z", "archived": null, "procedure": 31, "employee": 6, "price": 5901, "coef": 0.0}}, {"model": "companies.masterprocedure", "pk": 20, "fields": {"created": "2024-03-13T12:29:24.418Z", "modified": "2024-03-13T12:29:24.418Z", "archived": null, "procedure": 40, "employee": 41, "price": 47982, "coef": 0.0}}, {"model": "companies.masterprocedure", "pk": 21, "fields": {"created": "2024-03-13T12:29:24.422Z", "modified": "2024-03-13T12:29:24.422Z", "archived": null, "procedure": 11, "employee": 45, "price": 29502, "coef": 0.0}}, {"model": "companies.masterprocedure", "pk": 22, "fields": {"created": "2024-03-13T12:29:24.426Z", "modified": "2024-03-13T12:29:24.426Z", "archived": null, "procedure": 39, "employee": 17, "price": 28732, "coef": 0.0}}, {"model": "companies.masterprocedure", "pk": 23, "fields": {"created": "2024-03-13T12:29:24.429Z", "modified": "2024-03-13T12:29:24.429Z", "archived": null, "procedure": 33, "employee": 44, "price": 8089, "coef": 0.0}}, {"model": "companies.masterprocedure", "pk": 24, "fields": {"created": "2024-03-13T12:29:24.433Z", "modified": "2024-03-13T12:29:24.433Z", "archived": null, "procedure": 19, "employee": 24, "price": 42359, "coef": 0.0}}, {"model": "companies.masterprocedure", "pk": 25, "fields": {"created": "2024-03-13T12:29:24.436Z", "modified": "2024-03-13T12:29:24.436Z", "archived": null, "procedure": 46, "employee": 32, "price": 4661, "coef": 0.0}}, {"model": "companies.masterprocedure", "pk": 26, "fields": {"created": "2024-03-13T12:29:24.440Z", "modified": "2024-03-13T12:29:24.440Z", "archived": null, "procedure": 12, "employee": 24, "price": 11325, "coef": 0.0}}, {"model": "companies.masterprocedure", "pk": 27, "fields": {"created": "2024-03-13T12:29:24.443Z", "modified": "2024-03-13T12:29:24.443Z", "archived": null, "procedure": 37, "employee": 14, "price": 20332, "coef": 0.0}}, {"model": "companies.masterprocedure", "pk": 28, "fields": {"created": "2024-03-13T12:29:24.447Z", "modified": "2024-03-13T12:29:24.447Z", "archived": null, "procedure": 17, "employee": 23, "price": 36541, "coef": 0.0}}, {"model": "companies.masterprocedure", "pk": 29, "fields": {"created": "2024-03-13T12:29:24.451Z", "modified": "2024-03-13T12:29:24.451Z", "archived": null, "procedure": 37, "employee": 19, "price": 18932, "coef": 0.0}}, {"model": "companies.masterprocedure", "pk": 30, "fields": {"created": "2024-03-13T12:29:24.454Z", "modified": "2024-03-13T12:29:24.454Z", "archived": null, "procedure": 30, "employee": 9, "price": 16444, "coef": 0.0}}, {"model": "companies.masterprocedure", "pk": 31, "fields": {"created": "2024-03-13T12:29:24.458Z", "modified": "2024-03-13T12:29:24.458Z", "archived": null, "procedure": 7, "employee": 34, "price": 12368, "coef": 0.0}}, {"model": "companies.masterprocedure", "pk": 32, "fields": {"created": "2024-03-13T12:29:24.462Z", "modified": "2024-03-13T12:29:24.462Z", "archived": null, "procedure": 23, "employee": 9, "price": 7285, "coef": 0.0}}, {"model": "companies.masterprocedure", "pk": 33, "fields": {"created": "2024-03-13T12:29:24.465Z", "modified": "2024-03-13T12:29:24.465Z", "archived": null, "procedure": 20, "employee": 26, "price": 21638, "coef": 0.0}}, {"model": "companies.masterprocedure", "pk": 34, "fields": {"created": "2024-03-13T12:29:24.469Z", "modified": "2024-03-13T12:29:24.469Z", "archived": null, "procedure": 33, "employee": 32, "price": 17561, "coef": 0.0}}, {"model": "companies.masterprocedure", "pk": 35, "fields": {"created": "2024-03-13T12:29:24.472Z", "modified": "2024-03-13T12:29:24.472Z", "archived": null, "procedure": 22, "employee": 29, "price": 49067, "coef": 0.0}}, {"model": "companies.masterprocedure", "pk": 36, "fields": {"created": "2024-03-13T12:29:24.476Z", "modified": "2024-03-13T12:29:24.476Z", "archived": null, "procedure": 27, "employee": 43, "price": 35602, "coef": 0.0}}, {"model": "companies.masterprocedure", "pk": 37, "fields": {"created": "2024-03-13T12:29:24.479Z", "modified": "2024-03-13T12:29:24.479Z", "archived": null, "procedure": 49, "employee": 3, "price": 42032, "coef": 0.0}}, {"model": "companies.masterprocedure", "pk": 38, "fields": {"created": "2024-03-13T12:29:24.483Z", "modified": "2024-03-13T12:29:24.483Z", "archived": null, "procedure": 6, "employee": 18, "price": 41427, "coef": 0.0}}, {"model": "companies.masterprocedure", "pk": 39, "fields": {"created": "2024-03-13T12:29:24.486Z", "modified": "2024-03-13T12:29:24.486Z", "archived": null, "procedure": 40, "employee": 19, "price": 18895, "coef": 0.0}}, {"model": "companies.masterprocedure", "pk": 40, "fields": {"created": "2024-03-13T12:29:24.491Z", "modified": "2024-03-13T12:29:24.491Z", "archived": null, "procedure": 28, "employee": 29, "price": 32770, "coef": 0.0}}, {"model": "companies.masterprocedure", "pk": 41, "fields": {"created": "2024-03-13T12:29:24.495Z", "modified": "2024-03-13T12:29:24.495Z", "archived": null, "procedure": 4, "employee": 11, "price": 21756, "coef": 0.0}}, {"model": "companies.masterprocedure", "pk": 42, "fields": {"created": "2024-03-13T12:29:24.498Z", "modified": "2024-03-13T12:29:24.498Z", "archived": null, "procedure": 46, "employee": 10, "price": 15436, "coef": 0.0}}, {"model": "companies.masterprocedure", "pk": 43, "fields": {"created": "2024-03-13T12:29:24.502Z", "modified": "2024-03-13T12:29:24.502Z", "archived": null, "procedure": 14, "employee": 20, "price": 10656, "coef": 0.0}}, {"model": "companies.masterprocedure", "pk": 44, "fields": {"created": "2024-03-13T12:29:24.506Z", "modified": "2024-03-13T12:29:24.506Z", "archived": null, "procedure": 32, "employee": 8, "price": 39965, "coef": 0.0}}, {"model": "companies.masterprocedure", "pk": 45, "fields": {"created": "2024-03-13T12:29:24.509Z", "modified": "2024-03-13T12:29:24.509Z", "archived": null, "procedure": 3, "employee": 26, "price": 41285, "coef": 0.0}}, {"model": "companies.masterprocedure", "pk": 46, "fields": {"created": "2024-03-13T12:29:24.513Z", "modified": "2024-03-13T12:29:24.513Z", "archived": null, "procedure": 11, "employee": 47, "price": 21634, "coef": 0.0}}, {"model": "companies.masterprocedure", "pk": 47, "fields": {"created": "2024-03-13T12:29:24.516Z", "modified": "2024-03-13T12:29:24.516Z", "archived": null, "procedure": 48, "employee": 29, "price": 4618, "coef": 0.0}}, {"model": "companies.masterprocedure", "pk": 48, "fields": {"created": "2024-03-13T12:29:24.520Z", "modified": "2024-03-13T12:29:24.520Z", "archived": null, "procedure": 29, "employee": 28, "price": 1875, "coef": 0.0}}, {"model": "companies.masterprocedure", "pk": 49, "fields": {"created": "2024-03-13T12:29:24.523Z", "modified": "2024-03-13T12:29:24.523Z", "archived": null, "procedure": 15, "employee": 27, "price": 27527, "coef": 0.0}}, {"model": "companies.masterprocedure", "pk": 50, "fields": {"created": "2024-03-13T12:29:24.528Z", "modified": "2024-03-13T12:29:24.528Z", "archived": null, "procedure": 17, "employee": 7, "price": 42667, "coef": 0.0}}, {"model": "companies.masterprocedure", "pk": 51, "fields": {"created": "2024-03-13T12:29:24.531Z", "modified": "2024-03-13T12:29:24.531Z", "archived": null, "procedure": 38, "employee": 4, "price": 14170, "coef": 0.0}}, {"model": "companies.masterprocedure", "pk": 52, "fields": {"created": "2024-03-13T12:29:24.535Z", "modified": "2024-03-13T12:29:24.535Z", "archived": null, "procedure": 7, "employee": 35, "price": 28590, "coef": 0.0}}, {"model": "companies.masterprocedure", "pk": 53, "fields": {"created": "2024-03-13T12:29:24.539Z", "modified": "2024-03-13T12:29:24.539Z", "archived": null, "procedure": 30, "employee": 39, "price": 4229, "coef": 0.0}}, {"model": "companies.masterprocedure", "pk": 54, "fields": {"created": "2024-03-13T12:29:24.542Z", "modified": "2024-03-13T12:29:24.542Z", "archived": null, "procedure": 37, "employee": 9, "price": 41169, "coef": 0.0}}, {"model": "companies.masterprocedure", "pk": 55, "fields": {"created": "2024-03-13T12:29:24.546Z", "modified": "2024-03-13T12:29:24.546Z", "archived": null, "procedure": 28, "employee": 11, "price": 29539, "coef": 0.0}}, {"model": "companies.masterprocedure", "pk": 56, "fields": {"created": "2024-03-13T12:29:24.549Z", "modified": "2024-03-13T12:29:24.549Z", "archived": null, "procedure": 41, "employee": 34, "price": 24854, "coef": 0.0}}, {"model": "companies.masterprocedure", "pk": 57, "fields": {"created": "2024-03-13T12:29:24.553Z", "modified": "2024-03-13T12:29:24.553Z", "archived": null, "procedure": 29, "employee": 50, "price": 38825, "coef": 0.0}}, {"model": "companies.masterprocedure", "pk": 58, "fields": {"created": "2024-03-13T12:29:24.557Z", "modified": "2024-03-13T12:29:24.557Z", "archived": null, "procedure": 5, "employee": 7, "price": 26738, "coef": 0.0}}, {"model": "companies.masterprocedure", "pk": 59, "fields": {"created": "2024-03-13T12:29:24.560Z", "modified": "2024-03-13T12:29:24.560Z", "archived": null, "procedure": 44, "employee": 28, "price": 41077, "coef": 0.0}}, {"model": "companies.masterprocedure", "pk": 60, "fields": {"created": "2024-03-13T12:29:24.564Z", "modified": "2024-03-13T12:29:24.564Z", "archived": null, "procedure": 28, "employee": 47, "price": 24669, "coef": 0.0}}, {"model": "companies.masterprocedure", "pk": 61, "fields": {"created": "2024-03-13T12:29:24.568Z", "modified": "2024-03-13T12:29:24.568Z", "archived": null, "procedure": 8, "employee": 40, "price": 16436, "coef": 0.0}}, {"model": "companies.masterprocedure", "pk": 62, "fields": {"created": "2024-03-13T12:29:24.572Z", "modified": "2024-03-13T12:29:24.572Z", "archived": null, "procedure": 37, "employee": 41, "price": 26076, "coef": 0.0}}, {"model": "companies.masterprocedure", "pk": 63, "fields": {"created": "2024-03-13T12:29:24.575Z", "modified": "2024-03-13T12:29:24.575Z", "archived": null, "procedure": 15, "employee": 26, "price": 34698, "coef": 0.0}}, {"model": "companies.masterprocedure", "pk": 64, "fields": {"created": "2024-03-13T12:29:24.579Z", "modified": "2024-03-13T12:29:24.579Z", "archived": null, "procedure": 11, "employee": 36, "price": 218, "coef": 0.0}}, {"model": "companies.masterprocedure", "pk": 65, "fields": {"created": "2024-03-13T12:29:24.583Z", "modified": "2024-03-13T12:29:24.583Z", "archived": null, "procedure": 31, "employee": 31, "price": 31960, "coef": 0.0}}, {"model": "companies.masterprocedure", "pk": 66, "fields": {"created": "2024-03-13T12:29:24.587Z", "modified": "2024-03-13T12:29:24.587Z", "archived": null, "procedure": 11, "employee": 9, "price": 36766, "coef": 0.0}}, {"model": "companies.masterprocedure", "pk": 67, "fields": {"created": "2024-03-13T12:29:24.590Z", "modified": "2024-03-13T12:29:24.590Z", "archived": null, "procedure": 24, "employee": 42, "price": 37983, "coef": 0.0}}, {"model": "companies.masterprocedure", "pk": 68, "fields": {"created": "2024-03-13T12:29:24.594Z", "modified": "2024-03-13T12:29:24.594Z", "archived": null, "procedure": 7, "employee": 17, "price": 42403, "coef": 0.0}}, {"model": "companies.masterprocedure", "pk": 69, "fields": {"created": "2024-03-13T12:29:24.597Z", "modified": "2024-03-13T12:29:24.597Z", "archived": null, "procedure": 36, "employee": 39, "price": 44448, "coef": 0.0}}, {"model": "companies.masterprocedure", "pk": 70, "fields": {"created": "2024-03-13T12:29:24.601Z", "modified": "2024-03-13T12:29:24.601Z", "archived": null, "procedure": 24, "employee": 9, "price": 14375, "coef": 0.0}}, {"model": "companies.masterprocedure", "pk": 71, "fields": {"created": "2024-03-13T12:29:24.605Z", "modified": "2024-03-13T12:29:24.605Z", "archived": null, "procedure": 35, "employee": 47, "price": 18368, "coef": 0.0}}, {"model": "companies.masterprocedure", "pk": 72, "fields": {"created": "2024-03-13T12:29:24.609Z", "modified": "2024-03-13T12:29:24.609Z", "archived": null, "procedure": 5, "employee": 32, "price": 45684, "coef": 0.0}}, {"model": "companies.masterprocedure", "pk": 73, "fields": {"created": "2024-03-13T12:29:24.612Z", "modified": "2024-03-13T12:29:24.612Z", "archived": null, "procedure": 15, "employee": 23, "price": 42426, "coef": 0.0}}, {"model": "companies.masterprocedure", "pk": 74, "fields": {"created": "2024-03-13T12:29:24.616Z", "modified": "2024-03-13T12:29:24.616Z", "archived": null, "procedure": 44, "employee": 39, "price": 18471, "coef": 0.0}}, {"model": "companies.masterprocedure", "pk": 75, "fields": {"created": "2024-03-13T12:29:24.619Z", "modified": "2024-03-13T12:29:24.619Z", "archived": null, "procedure": 23, "employee": 29, "price": 40023, "coef": 0.0}}, {"model": "companies.masterprocedure", "pk": 76, "fields": {"created": "2024-03-13T12:29:24.623Z", "modified": "2024-03-13T12:29:24.623Z", "archived": null, "procedure": 11, "employee": 27, "price": 10344, "coef": 0.0}}, {"model": "companies.masterprocedure", "pk": 77, "fields": {"created": "2024-03-13T12:29:24.627Z", "modified": "2024-03-13T12:29:24.627Z", "archived": null, "procedure": 17, "employee": 3, "price": 793, "coef": 0.0}}, {"model": "companies.masterprocedure", "pk": 78, "fields": {"created": "2024-03-13T12:29:24.630Z", "modified": "2024-03-13T12:29:24.630Z", "archived": null, "procedure": 17, "employee": 29, "price": 41556, "coef": 0.0}}, {"model": "companies.masterprocedure", "pk": 79, "fields": {"created": "2024-03-13T12:29:24.634Z", "modified": "2024-03-13T12:29:24.634Z", "archived": null, "procedure": 26, "employee": 28, "price": 22, "coef": 0.0}}, {"model": "companies.masterprocedure", "pk": 80, "fields": {"created": "2024-03-13T12:29:24.637Z", "modified": "2024-03-13T12:29:24.637Z", "archived": null, "procedure": 24, "employee": 37, "price": 3980, "coef": 0.0}}, {"model": "companies.masterprocedure", "pk": 81, "fields": {"created": "2024-03-13T12:29:24.641Z", "modified": "2024-03-13T12:29:24.641Z", "archived": null, "procedure": 31, "employee": 19, "price": 21612, "coef": 0.0}}, {"model": "companies.masterprocedure", "pk": 82, "fields": {"created": "2024-03-13T12:29:24.644Z", "modified": "2024-03-13T12:29:24.644Z", "archived": null, "procedure": 17, "employee": 31, "price": 3685, "coef": 0.0}}, {"model": "companies.masterprocedure", "pk": 83, "fields": {"created": "2024-03-13T12:29:24.648Z", "modified": "2024-03-13T12:29:24.648Z", "archived": null, "procedure": 30, "employee": 43, "price": 21537, "coef": 0.0}}, {"model": "companies.masterprocedure", "pk": 84, "fields": {"created": "2024-03-13T12:29:24.652Z", "modified": "2024-03-13T12:29:24.652Z", "archived": null, "procedure": 48, "employee": 50, "price": 25583, "coef": 0.0}}, {"model": "companies.masterprocedure", "pk": 85, "fields": {"created": "2024-03-13T12:29:24.655Z", "modified": "2024-03-13T12:29:24.655Z", "archived": null, "procedure": 6, "employee": 13, "price": 27390, "coef": 0.0}}, {"model": "companies.masterprocedure", "pk": 86, "fields": {"created": "2024-03-13T12:29:24.659Z", "modified": "2024-03-13T12:29:24.659Z", "archived": null, "procedure": 5, "employee": 2, "price": 32425, "coef": 0.0}}, {"model": "companies.masterprocedure", "pk": 87, "fields": {"created": "2024-03-13T12:29:24.663Z", "modified": "2024-03-13T12:29:24.663Z", "archived": null, "procedure": 42, "employee": 48, "price": 9462, "coef": 0.0}}, {"model": "companies.masterprocedure", "pk": 88, "fields": {"created": "2024-03-13T12:29:24.667Z", "modified": "2024-03-13T12:29:24.667Z", "archived": null, "procedure": 34, "employee": 18, "price": 29193, "coef": 0.0}}, {"model": "companies.masterprocedure", "pk": 89, "fields": {"created": "2024-03-13T12:29:24.671Z", "modified": "2024-03-13T12:29:24.671Z", "archived": null, "procedure": 39, "employee": 11, "price": 13057, "coef": 0.0}}, {"model": "companies.masterprocedure", "pk": 90, "fields": {"created": "2024-03-13T12:29:24.674Z", "modified": "2024-03-13T12:29:24.675Z", "archived": null, "procedure": 19, "employee": 15, "price": 20036, "coef": 0.0}}, {"model": "companies.masterprocedure", "pk": 91, "fields": {"created": "2024-03-13T12:29:24.678Z", "modified": "2024-03-13T12:29:24.678Z", "archived": null, "procedure": 15, "employee": 16, "price": 41720, "coef": 0.0}}, {"model": "companies.masterprocedure", "pk": 92, "fields": {"created": "2024-03-13T12:29:24.682Z", "modified": "2024-03-13T12:29:24.682Z", "archived": null, "procedure": 37, "employee": 41, "price": 44777, "coef": 0.0}}, {"model": "companies.masterprocedure", "pk": 93, "fields": {"created": "2024-03-13T12:29:24.686Z", "modified": "2024-03-13T12:29:24.686Z", "archived": null, "procedure": 4, "employee": 50, "price": 4806, "coef": 0.0}}, {"model": "companies.masterprocedure", "pk": 94, "fields": {"created": "2024-03-13T12:29:24.689Z", "modified": "2024-03-13T12:29:24.689Z", "archived": null, "procedure": 39, "employee": 14, "price": 13894, "coef": 0.0}}, {"model": "companies.masterprocedure", "pk": 95, "fields": {"created": "2024-03-13T12:29:24.693Z", "modified": "2024-03-13T12:29:24.693Z", "archived": null, "procedure": 4, "employee": 6, "price": 38693, "coef": 0.0}}, {"model": "companies.masterprocedure", "pk": 96, "fields": {"created": "2024-03-13T12:29:24.697Z", "modified": "2024-03-13T12:29:24.697Z", "archived": null, "procedure": 7, "employee": 39, "price": 45002, "coef": 0.0}}, {"model": "companies.masterprocedure", "pk": 97, "fields": {"created": "2024-03-13T12:29:24.700Z", "modified": "2024-03-13T12:29:24.700Z", "archived": null, "procedure": 23, "employee": 17, "price": 38028, "coef": 0.0}}, {"model": "companies.masterprocedure", "pk": 98, "fields": {"created": "2024-03-13T12:29:24.704Z", "modified": "2024-03-13T12:29:24.704Z", "archived": null, "procedure": 3, "employee": 9, "price": 32996, "coef": 0.0}}, {"model": "companies.masterprocedure", "pk": 99, "fields": {"created": "2024-03-13T12:29:24.708Z", "modified": "2024-03-13T12:29:24.708Z", "archived": null, "procedure": 35, "employee": 3, "price": 31894, "coef": 0.0}}, {"model": "companies.masterprocedure", "pk": 100, "fields": {"created": "2024-03-13T12:29:24.712Z", "modified": "2024-03-13T12:29:24.712Z", "archived": null, "procedure": 6, "employee": 10, "price": 40941, "coef": 0.0}}, {"model": "companies.point", "pk": 1, "fields": {"created": "2024-03-13T12:29:23.053Z", "modified": "2024-03-13T12:29:23.053Z", "company": 5, "address": "307 Kensington Junction"}}, {"model": "companies.point", "pk": 2, "fields": {"created": "2024-03-13T12:29:23.066Z", "modified": "2024-03-13T12:29:23.066Z", "company": 5, "address": "804 Vinton Route"}}, {"model": "companies.point", "pk": 3, "fields": {"created": "2024-03-13T12:29:23.071Z", "modified": "2024-03-13T12:29:23.071Z", "company": 3, "address": "34 Conservatory Access Court"}}, {"model": "companies.point", "pk": 4, "fields": {"created": "2024-03-13T12:29:23.076Z", "modified": "2024-03-13T12:29:23.076Z", "company": 2, "address": "1338 South Van Ness Trail"}}, {"model": "companies.point", "pk": 5, "fields": {"created": "2024-03-13T12:29:23.079Z", "modified": "2024-03-13T12:29:23.079Z", "company": 4, "address": "68 Lettuce Estate"}}, {"model": "companies.point", "pk": 6, "fields": {"created": "2024-03-13T12:29:23.082Z", "modified": "2024-03-13T12:29:23.082Z", "company": 5, "address": "513 Davidson Extension"}}, {"model": "companies.point", "pk": 7, "fields": {"created": "2024-03-13T12:29:23.085Z", "modified": "2024-03-13T12:29:23.086Z", "company": 1, "address": "207 Powers Path"}}, {"model": "companies.point", "pk": 8, "fields": {"created": "2024-03-13T12:29:23.089Z", "modified": "2024-03-13T12:29:23.089Z", "company": 1, "address": "680 Parnassus Hills"}}, {"model": "companies.point", "pk": 9, "fields": {"created": "2024-03-13T12:29:23.092Z", "modified": "2024-03-13T12:29:23.092Z", "company": 3, "address": "702 Belle Bypass"}}, {"model": "companies.point", "pk": 10, "fields": {"created": "2024-03-13T12:29:23.096Z", "modified": "2024-03-13T12:29:23.096Z", "company": 1, "address": "263 Bryant Pass"}}, {"model": "companies.materialtype", "pk": 1, "fields": {"name": "Mrs. Mallory Wang MD"}}, {"model": "companies.materialtype", "pk": 2, "fields": {"name": "Dr. Jonathon Acevedo V"}}, {"model": "companies.materialtype", "pk": 3, "fields": {"name": "Dr. Gregory Kirk DDS"}}, {"model": "companies.materialtype", "pk": 4, "fields": {"name": "Victoria Guerrero DVM"}}, {"model": "companies.materialtype", "pk": 5, "fields": {"name": "Mr. Jermaine Watkins"}}, {"model": "companies.materialtype", "pk": 6, "fields": {"name": "Taylor Harmon MD"}}, {"model": "companies.materialtype", "pk": 7, "fields": {"name": "Lawrence Riley II"}}, {"model": "companies.materialtype", "pk": 8, "fields": {"name": "Sophia Leon DDS"}}, {"model": "companies.materialtype", "pk": 9, "fields": {"name": "Steve Bryan"}}, {"model": "companies.materialtype", "pk": 10, "fields": {"name": "Dr. Maxwell Wise"}}, {"model": "companies.materialtype", "pk": 11, "fields": {"name": "Todd Ward III"}}, {"model": "companies.materialtype", "pk": 12, "fields": {"name": "Courtney Dawson DDS"}}, {"model": "companies.materialtype", "pk": 13, "fields": {"name": "Dr. Martin Cervantes"}}, {"model": "companies.materialtype", "pk": 14, "fields": {"name": "Miss Nancy Gould"}}, {"model": "companies.materialtype", "pk": 15, "fields": {"name": "Jenny Barr DVM"}}, {"model": "companies.materialtype", "pk": 16, "fields": {"name": "Steven Saunders"}}, {"model": "companies.materialtype", "pk": 17, "fields": {"name": "Ana Duncan"}}, {"model": "companies.materialtype", "pk": 18, "fields": {"name": "Tommy Arellano II"}}, {"model": "companies.materialtype", "pk": 19, "fields": {"name": "Dr. Steve Villegas"}}, {"model": "companies.materialtype", "pk": 20, "fields": {"name": "Brooke Villa DVM"}}, {"model": "companies.material", "pk": 1, "fields": {"brand": "haven", "name": "ten", "unit": "338", "kind": 13}}, {"model": "companies.material", "pk": 2, "fields": {"brand": "nurses", "name": "gp", "unit": "333", "kind": 7}}, {"model": "companies.material", "pk": 3, "fields": {"brand": "cl", "name": "creator", "unit": "740", "kind": 12}}, {"model": "companies.material", "pk": 4, "fields": {"brand": "mice", "name": "rico", "unit": "585", "kind": 20}}, {"model": "companies.material", "pk": 5, "fields": {"brand": "officer", "name": "remove", "unit": "358", "kind": 20}}, {"model": "companies.material", "pk": 6, "fields": {"brand": "successful", "name": "campaign", "unit": "401", "kind": 5}}, {"model": "companies.material", "pk": 7, "fields": {"brand": "accessory", "name": "field", "unit": "64", "kind": 17}}, {"model": "companies.material", "pk": 8, "fields": {"brand": "mental", "name": "health", "unit": "21", "kind": 1}}, {"model": "companies.material", "pk": 9, "fields": {"brand": "tuesday", "name": "walter", "unit": "489", "kind": 19}}, {"model": "companies.material", "pk": 10, "fields": {"brand": "opening", "name": "hidden", "unit": "936", "kind": 8}}, {"model": "companies.material", "pk": 11, "fields": {"brand": "gateway", "name": "checking", "unit": "358", "kind": 18}}, {"model": "companies.material", "pk": 12, "fields": {"brand": "narrow", "name": "cincinnati", "unit": "427", "kind": 15}}, {"model": "companies.material", "pk": 13, "fields": {"brand": "abc", "name": "market", "unit": "734", "kind": 10}}, {"model": "companies.material", "pk": 14, "fields": {"brand": "appointment", "name": "greece", "unit": "733", "kind": 16}}, {"model": "companies.material", "pk": 15, "fields": {"brand": "payment", "name": "video", "unit": "394", "kind": 11}}, {"model": "companies.material", "pk": 16, "fields": {"brand": "youth", "name": "pets", "unit": "714", "kind": 9}}, {"model": "companies.material", "pk": 17, "fields": {"brand": "beam", "name": "browsing", "unit": "208", "kind": 18}}, {"model": "companies.material", "pk": 18, "fields": {"brand": "privacy", "name": "protection", "unit": "780", "kind": 12}}, {"model": "companies.material", "pk": 19, "fields": {"brand": "institutional", "name": "stations", "unit": "745", "kind": 6}}, {"model": "companies.material", "pk": 20, "fields": {"brand": "tr", "name": "tried", "unit": "565", "kind": 2}}, {"model": "companies.material", "pk": 21, "fields": {"brand": "ran", "name": "arrangement", "unit": "864", "kind": 2}}, {"model": "companies.material", "pk": 22, "fields": {"brand": "combine", "name": "bringing", "unit": "983", "kind": 5}}, {"model": "companies.material", "pk": 23, "fields": {"brand": "achieved", "name": "requests", "unit": "342", "kind": 4}}, {"model": "companies.material", "pk": 24, "fields": {"brand": "cartridge", "name": "reserved", "unit": "64", "kind": 17}}, {"model": "companies.material", "pk": 25, "fields": {"brand": "fame", "name": "gang", "unit": "155", "kind": 15}}, {"model": "companies.material", "pk": 26, "fields": {"brand": "agencies", "name": "matter", "unit": "254", "kind": 5}}, {"model": "companies.material", "pk": 27, "fields": {"brand": "quiet", "name": "anti", "unit": "191", "kind": 7}}, {"model": "companies.material", "pk": 28, "fields": {"brand": "pure", "name": "scotland", "unit": "106", "kind": 5}}, {"model": "companies.material", "pk": 29, "fields": {"brand": "auction", "name": "control", "unit": "817", "kind": 19}}, {"model": "companies.material", "pk": 30, "fields": {"brand": "saved", "name": "story", "unit": "949", "kind": 2}}, {"model": "companies.material", "pk": 31, "fields": {"brand": "effort", "name": "statutory", "unit": "526", "kind": 7}}, {"model": "companies.material", "pk": 32, "fields": {"brand": "apple", "name": "socket", "unit": "856", "kind": 20}}, {"model": "companies.material", "pk": 33, "fields": {"brand": "grown", "name": "vincent", "unit": "372", "kind": 9}}, {"model": "companies.material", "pk": 34, "fields": {"brand": "portugal", "name": "les", "unit": "622", "kind": 14}}, {"model": "companies.material", "pk": 35, "fields": {"brand": "clay", "name": "commissioner", "unit": "281", "kind": 3}}, {"model": "companies.material", "pk": 36, "fields": {"brand": "sue", "name": "minnesota", "unit": "105", "kind": 18}}, {"model": "companies.material", "pk": 37, "fields": {"brand": "drew", "name": "racing", "unit": "802", "kind": 3}}, {"model": "companies.material", "pk": 38, "fields": {"brand": "eventually", "name": "cases", "unit": "284", "kind": 15}}, {"model": "companies.material", "pk": 39, "fields": {"brand": "austin", "name": "questions", "unit": "326", "kind": 10}}, {"model": "companies.material", "pk": 40, "fields": {"brand": "proposal", "name": "temple", "unit": "538", "kind": 15}}, {"model": "companies.material", "pk": 41, "fields": {"brand": "islamic", "name": "rings", "unit": "327", "kind": 15}}, {"model": "companies.material", "pk": 42, "fields": {"brand": "judicial", "name": "revenues", "unit": "549", "kind": 14}}, {"model": "companies.material", "pk": 43, "fields": {"brand": "catering", "name": "nv", "unit": "269", "kind": 20}}, {"model": "companies.material", "pk": 44, "fields": {"brand": "players", "name": "difficulty", "unit": "792", "kind": 12}}, {"model": "companies.material", "pk": 45, "fields": {"brand": "secretary", "name": "novel", "unit": "926", "kind": 13}}, {"model": "companies.material", "pk": 46, "fields": {"brand": "jacksonville", "name": "jefferson", "unit": "709", "kind": 19}}, {"model": "companies.material", "pk": 47, "fields": {"brand": "tagged", "name": "craft", "unit": "509", "kind": 19}}, {"model": "companies.material", "pk": 48, "fields": {"brand": "gulf", "name": "apr", "unit": "567", "kind": 10}}, {"model": "companies.material", "pk": 49, "fields": {"brand": "notices", "name": "alternative", "unit": "225", "kind": 12}}, {"model": "companies.material", "pk": 50, "fields": {"brand": "liability", "name": "minor", "unit": "736", "kind": 16}}, {"model": "companies.material", "pk": 51, "fields": {"brand": "flood", "name": "podcast", "unit": "781", "kind": 1}}, {"model": "companies.material", "pk": 52, "fields": {"brand": "time", "name": "latina", "unit": "116", "kind": 4}}, {"model": "companies.material", "pk": 53, "fields": {"brand": "call", "name": "classic", "unit": "633", "kind": 2}}, {"model": "companies.material", "pk": 54, "fields": {"brand": "seat", "name": "clips", "unit": "74", "kind": 16}}, {"model": "companies.material", "pk": 55, "fields": {"brand": "plasma", "name": "french", "unit": "732", "kind": 7}}, {"model": "companies.material", "pk": 56, "fields": {"brand": "visual", "name": "blogger", "unit": "234", "kind": 2}}, {"model": "companies.material", "pk": 57, "fields": {"brand": "filing", "name": "opportunities", "unit": "452", "kind": 10}}, {"model": "companies.material", "pk": 58, "fields": {"brand": "noticed", "name": "carry", "unit": "245", "kind": 14}}, {"model": "companies.material", "pk": 59, "fields": {"brand": "front", "name": "payday", "unit": "794", "kind": 20}}, {"model": "companies.material", "pk": 60, "fields": {"brand": "thu", "name": "went", "unit": "938", "kind": 7}}, {"model": "companies.material", "pk": 61, "fields": {"brand": "capable", "name": "increasing", "unit": "621", "kind": 17}}, {"model": "companies.material", "pk": 62, "fields": {"brand": "additions", "name": "subject", "unit": "152", "kind": 12}}, {"model": "companies.material", "pk": 63, "fields": {"brand": "philadelphia", "name": "juice", "unit": "29", "kind": 16}}, {"model": "companies.material", "pk": 64, "fields": {"brand": "donations", "name": "criteria", "unit": "134", "kind": 3}}, {"model": "companies.material", "pk": 65, "fields": {"brand": "exciting", "name": "eligible", "unit": "728", "kind": 20}}, {"model": "companies.material", "pk": 66, "fields": {"brand": "published", "name": "rape", "unit": "341", "kind": 18}}, {"model": "companies.material", "pk": 67, "fields": {"brand": "on", "name": "using", "unit": "998", "kind": 3}}, {"model": "companies.material", "pk": 68, "fields": {"brand": "cover", "name": "meeting", "unit": "836", "kind": 9}}, {"model": "companies.material", "pk": 69, "fields": {"brand": "respectively", "name": "patterns", "unit": "558", "kind": 3}}, {"model": "companies.material", "pk": 70, "fields": {"brand": "tags", "name": "bread", "unit": "108", "kind": 7}}, {"model": "companies.material", "pk": 71, "fields": {"brand": "chairman", "name": "reports", "unit": "645", "kind": 19}}, {"model": "companies.material", "pk": 72, "fields": {"brand": "stay", "name": "fat", "unit": "587", "kind": 18}}, {"model": "companies.material", "pk": 73, "fields": {"brand": "significantly", "name": "display", "unit": "827", "kind": 20}}, {"model": "companies.material", "pk": 74, "fields": {"brand": "estimated", "name": "pour", "unit": "209", "kind": 12}}, {"model": "companies.material", "pk": 75, "fields": {"brand": "cotton", "name": "groups", "unit": "246", "kind": 12}}, {"model": "companies.material", "pk": 76, "fields": {"brand": "spiritual", "name": "saint", "unit": "682", "kind": 9}}, {"model": "companies.material", "pk": 77, "fields": {"brand": "amsterdam", "name": "degrees", "unit": "899", "kind": 5}}, {"model": "companies.material", "pk": 78, "fields": {"brand": "total", "name": "captain", "unit": "303", "kind": 15}}, {"model": "companies.material", "pk": 79, "fields": {"brand": "client", "name": "delaware", "unit": "936", "kind": 19}}, {"model": "companies.material", "pk": 80, "fields": {"brand": "manhattan", "name": "does", "unit": "463", "kind": 8}}, {"model": "companies.material", "pk": 81, "fields": {"brand": "so", "name": "full", "unit": "932", "kind": 7}}, {"model": "companies.material", "pk": 82, "fields": {"brand": "may", "name": "personal", "unit": "585", "kind": 1}}, {"model": "companies.material", "pk": 83, "fields": {"brand": "performed", "name": "mph", "unit": "978", "kind": 16}}, {"model": "companies.material", "pk": 84, "fields": {"brand": "kill", "name": "couples", "unit": "770", "kind": 15}}, {"model": "companies.material", "pk": 85, "fields": {"brand": "ipod", "name": "faculty", "unit": "669", "kind": 5}}, {"model": "companies.material", "pk": 86, "fields": {"brand": "excerpt", "name": "asia", "unit": "251", "kind": 16}}, {"model": "companies.material", "pk": 87, "fields": {"brand": "margaret", "name": "sick", "unit": "879", "kind": 12}}, {"model": "companies.material", "pk": 88, "fields": {"brand": "aging", "name": "zoo", "unit": "875", "kind": 15}}, {"model": "companies.material", "pk": 89, "fields": {"brand": "wrong", "name": "sections", "unit": "983", "kind": 3}}, {"model": "companies.material", "pk": 90, "fields": {"brand": "referred", "name": "hide", "unit": "630", "kind": 17}}, {"model": "companies.material", "pk": 91, "fields": {"brand": "paint", "name": "enjoyed", "unit": "374", "kind": 18}}, {"model": "companies.material", "pk": 92, "fields": {"brand": "looked", "name": "roll", "unit": "336", "kind": 9}}, {"model": "companies.material", "pk": 93, "fields": {"brand": "discipline", "name": "teacher", "unit": "497", "kind": 3}}, {"model": "companies.material", "pk": 94, "fields": {"brand": "eg", "name": "woman", "unit": "835", "kind": 1}}, {"model": "companies.material", "pk": 95, "fields": {"brand": "patterns", "name": "ot", "unit": "463", "kind": 3}}, {"model": "companies.material", "pk": 96, "fields": {"brand": "lewis", "name": "airline", "unit": "707", "kind": 5}}, {"model": "companies.material", "pk": 97, "fields": {"brand": "eliminate", "name": "helping", "unit": "432", "kind": 15}}, {"model": "companies.material", "pk": 98, "fields": {"brand": "combination", "name": "inner", "unit": "509", "kind": 11}}, {"model": "companies.material", "pk": 99, "fields": {"brand": "what", "name": "hurricane", "unit": "390", "kind": 14}}, {"model": "companies.material", "pk": 100, "fields": {"brand": "broadcast", "name": "restaurant", "unit": "613", "kind": 12}}, {"model": "companies.stockmaterial", "pk": 1, "fields": {"material": 44, "price": "6212.00", "quantity": 639, "stock": 18}}, {"model": "companies.stockmaterial", "pk": 2, "fields": {"material": 94, "price": "6395.00", "quantity": 982, "stock": 4}}, {"model": "companies.stockmaterial", "pk": 3, "fields": {"material": 93, "price": "45977.00", "quantity": 210, "stock": 13}}, {"model": "companies.stockmaterial", "pk": 4, "fields": {"material": 27, "price": "13256.00", "quantity": 466, "stock": 15}}, {"model": "companies.stockmaterial", "pk": 5, "fields": {"material": 6, "price": "29959.00", "quantity": 176, "stock": 3}}, {"model": "companies.stockmaterial", "pk": 6, "fields": {"material": 12, "price": "7404.00", "quantity": 210, "stock": 10}}, {"model": "companies.stockmaterial", "pk": 7, "fields": {"material": 2, "price": "22119.00", "quantity": 760, "stock": 9}}, {"model": "companies.stockmaterial", "pk": 8, "fields": {"material": 44, "price": "37943.00", "quantity": 377, "stock": 18}}, {"model": "companies.stockmaterial", "pk": 9, "fields": {"material": 36, "price": "32346.00", "quantity": 910, "stock": 5}}, {"model": "companies.stockmaterial", "pk": 10, "fields": {"material": 90, "price": "33915.00", "quantity": 604, "stock": 9}}, {"model": "companies.stockmaterial", "pk": 11, "fields": {"material": 83, "price": "36990.00", "quantity": 401, "stock": 19}}, {"model": "companies.stockmaterial", "pk": 12, "fields": {"material": 93, "price": "47289.00", "quantity": 210, "stock": 4}}, {"model": "companies.stockmaterial", "pk": 13, "fields": {"material": 52, "price": "39199.00", "quantity": 456, "stock": 8}}, {"model": "companies.stockmaterial", "pk": 14, "fields": {"material": 48, "price": "9356.00", "quantity": 48, "stock": 14}}, {"model": "companies.stockmaterial", "pk": 15, "fields": {"material": 69, "price": "25457.00", "quantity": 634, "stock": 11}}, {"model": "companies.stockmaterial", "pk": 16, "fields": {"material": 98, "price": "16297.00", "quantity": 182, "stock": 4}}, {"model": "companies.stockmaterial", "pk": 17, "fields": {"material": 15, "price": "7682.00", "quantity": 169, "stock": 9}}, {"model": "companies.stockmaterial", "pk": 18, "fields": {"material": 7, "price": "37156.00", "quantity": 973, "stock": 14}}, {"model": "companies.stockmaterial", "pk": 19, "fields": {"material": 58, "price": "22268.00", "quantity": 477, "stock": 4}}, {"model": "companies.stockmaterial", "pk": 20, "fields": {"material": 85, "price": "40632.00", "quantity": 434, "stock": 18}}, {"model": "companies.stockmaterial", "pk": 21, "fields": {"material": 18, "price": "13895.00", "quantity": 889, "stock": 13}}, {"model": "companies.stockmaterial", "pk": 22, "fields": {"material": 72, "price": "13035.00", "quantity": 717, "stock": 9}}, {"model": "companies.stockmaterial", "pk": 23, "fields": {"material": 97, "price": "3638.00", "quantity": 638, "stock": 4}}, {"model": "companies.stockmaterial", "pk": 24, "fields": {"material": 31, "price": "48848.00", "quantity": 229, "stock": 6}}, {"model": "companies.stockmaterial", "pk": 25, "fields": {"material": 96, "price": "45085.00", "quantity": 691, "stock": 6}}, {"model": "companies.stockmaterial", "pk": 26, "fields": {"material": 56, "price": "2943.00", "quantity": 242, "stock": 3}}, {"model": "companies.stockmaterial", "pk": 27, "fields": {"material": 9, "price": "36617.00", "quantity": 66, "stock": 7}}, {"model": "companies.stockmaterial", "pk": 28, "fields": {"material": 28, "price": "33265.00", "quantity": 101, "stock": 13}}, {"model": "companies.stockmaterial", "pk": 29, "fields": {"material": 81, "price": "16121.00", "quantity": 633, "stock": 2}}, {"model": "companies.stockmaterial", "pk": 30, "fields": {"material": 97, "price": "30263.00", "quantity": 176, "stock": 15}}, {"model": "companies.stockmaterial", "pk": 31, "fields": {"material": 79, "price": "7035.00", "quantity": 551, "stock": 3}}, {"model": "companies.stockmaterial", "pk": 32, "fields": {"material": 17, "price": "4597.00", "quantity": 601, "stock": 6}}, {"model": "companies.stockmaterial", "pk": 33, "fields": {"material": 88, "price": "34121.00", "quantity": 917, "stock": 4}}, {"model": "companies.stockmaterial", "pk": 34, "fields": {"material": 69, "price": "21940.00", "quantity": 949, "stock": 4}}, {"model": "companies.stockmaterial", "pk": 35, "fields": {"material": 47, "price": "39309.00", "quantity": 304, "stock": 16}}, {"model": "companies.stockmaterial", "pk": 36, "fields": {"material": 50, "price": "15040.00", "quantity": 897, "stock": 2}}, {"model": "companies.stockmaterial", "pk": 37, "fields": {"material": 90, "price": "43595.00", "quantity": 427, "stock": 6}}, {"model": "companies.stockmaterial", "pk": 38, "fields": {"material": 70, "price": "3289.00", "quantity": 593, "stock": 8}}, {"model": "companies.stockmaterial", "pk": 39, "fields": {"material": 33, "price": "31773.00", "quantity": 127, "stock": 16}}, {"model": "companies.stockmaterial", "pk": 40, "fields": {"material": 86, "price": "10047.00", "quantity": 785, "stock": 17}}, {"model": "companies.stockmaterial", "pk": 41, "fields": {"material": 82, "price": "12065.00", "quantity": 215, "stock": 1}}, {"model": "companies.stockmaterial", "pk": 42, "fields": {"material": 33, "price": "171.00", "quantity": 527, "stock": 8}}, {"model": "companies.stockmaterial", "pk": 43, "fields": {"material": 71, "price": "1438.00", "quantity": 858, "stock": 15}}, {"model": "companies.stockmaterial", "pk": 44, "fields": {"material": 17, "price": "35314.00", "quantity": 721, "stock": 9}}, {"model": "companies.stockmaterial", "pk": 45, "fields": {"material": 19, "price": "10323.00", "quantity": 217, "stock": 7}}, {"model": "companies.stockmaterial", "pk": 46, "fields": {"material": 94, "price": "39031.00", "quantity": 149, "stock": 7}}, {"model": "companies.stockmaterial", "pk": 47, "fields": {"material": 36, "price": "6746.00", "quantity": 536, "stock": 13}}, {"model": "companies.stockmaterial", "pk": 48, "fields": {"material": 21, "price": "18720.00", "quantity": 615, "stock": 9}}, {"model": "companies.stockmaterial", "pk": 49, "fields": {"material": 7, "price": "28020.00", "quantity": 180, "stock": 17}}, {"model": "companies.stockmaterial", "pk": 50, "fields": {"material": 33, "price": "12894.00", "quantity": 146, "stock": 2}}, {"model": "companies.stock", "pk": 1, "fields": {"date": "2007-07-27", "point": 3, "status": "draft"}}, {"model": "companies.stock", "pk": 2, "fields": {"date": "2006-06-27", "point": 4, "status": "draft"}}, {"model": "companies.stock", "pk": 3, "fields": {"date": "2019-07-28", "point": 10, "status": "canceled"}}, {"model": "companies.stock", "pk": 4, "fields": {"date": "2003-05-14", "point": 6, "status": "done"}}, {"model": "companies.stock", "pk": 5, "fields": {"date": "2006-01-21", "point": 5, "status": "canceled"}}, {"model": "companies.stock", "pk": 6, "fields": {"date": "2015-12-10", "point": 4, "status": "done"}}, {"model": "companies.stock", "pk": 7, "fields": {"date": "2004-11-09", "point": 7, "status": "draft"}}, {"model": "companies.stock", "pk": 8, "fields": {"date": "2008-06-16", "point": 5, "status": "progress"}}, {"model": "companies.stock", "pk": 9, "fields": {"date": "2020-03-10", "point": 3, "status": "draft"}}, {"model": "companies.stock", "pk": 10, "fields": {"date": "2008-01-31", "point": 1, "status": "progress"}}, {"model": "companies.stock", "pk": 11, "fields": {"date": "2018-03-25", "point": 4, "status": "canceled"}}, {"model": "companies.stock", "pk": 12, "fields": {"date": "2007-07-01", "point": 1, "status": "draft"}}, {"model": "companies.stock", "pk": 13, "fields": {"date": "2007-07-01", "point": 5, "status": "progress"}}, {"model": "companies.stock", "pk": 14, "fields": {"date": "2007-11-27", "point": 3, "status": "draft"}}, {"model": "companies.stock", "pk": 15, "fields": {"date": "2004-08-29", "point": 6, "status": "canceled"}}, {"model": "companies.stock", "pk": 16, "fields": {"date": "2003-04-12", "point": 9, "status": "canceled"}}, {"model": "companies.stock", "pk": 17, "fields": {"date": "2000-06-01", "point": 9, "status": "canceled"}}, {"model": "companies.stock", "pk": 18, "fields": {"date": "2009-05-11", "point": 3, "status": "draft"}}, {"model": "companies.stock", "pk": 19, "fields": {"date": "2018-04-25", "point": 8, "status": "progress"}}, {"model": "companies.stock", "pk": 20, "fields": {"date": "2005-06-07", "point": 6, "status": "canceled"}}, {"model": "purchases.productmaterial", "pk": 1, "fields": {"created": "2024-03-13T12:29:25.072Z", "modified": "2024-03-13T12:29:25.072Z", "archived": null, "material": 20, "price": "16854.00"}}, {"model": "purchases.productmaterial", "pk": 2, "fields": {"created": "2024-03-13T12:29:25.075Z", "modified": "2024-03-13T12:29:25.075Z", "archived": null, "material": 29, "price": "4523.00"}}, {"model": "purchases.productmaterial", "pk": 3, "fields": {"created": "2024-03-13T12:29:25.079Z", "modified": "2024-03-13T12:29:25.079Z", "archived": null, "material": 3, "price": "1899.00"}}, {"model": "purchases.productmaterial", "pk": 4, "fields": {"created": "2024-03-13T12:29:25.082Z", "modified": "2024-03-13T12:29:25.082Z", "archived": null, "material": 28, "price": "290.00"}}, {"model": "purchases.productmaterial", "pk": 5, "fields": {"created": "2024-03-13T12:29:25.086Z", "modified": "2024-03-13T12:29:25.086Z", "archived": null, "material": 50, "price": "29126.00"}}, {"model": "purchases.productmaterial", "pk": 6, "fields": {"created": "2024-03-13T12:29:25.089Z", "modified": "2024-03-13T12:29:25.089Z", "archived": null, "material": 6, "price": "17862.00"}}, {"model": "purchases.productmaterial", "pk": 7, "fields": {"created": "2024-03-13T12:29:25.093Z", "modified": "2024-03-13T12:29:25.093Z", "archived": null, "material": 15, "price": "46878.00"}}, {"model": "purchases.productmaterial", "pk": 8, "fields": {"created": "2024-03-13T12:29:25.096Z", "modified": "2024-03-13T12:29:25.096Z", "archived": null, "material": 4, "price": "8714.00"}}, {"model": "purchases.productmaterial", "pk": 9, "fields": {"created": "2024-03-13T12:29:25.099Z", "modified": "2024-03-13T12:29:25.099Z", "archived": null, "material": 3, "price": "62.00"}}, {"model": "purchases.productmaterial", "pk": 10, "fields": {"created": "2024-03-13T12:29:25.103Z", "modified": "2024-03-13T12:29:25.103Z", "archived": null, "material": 14, "price": "3929.00"}}, {"model": "purchases.productmaterial", "pk": 11, "fields": {"created": "2024-03-13T12:29:25.106Z", "modified": "2024-03-13T12:29:25.106Z", "archived": null, "material": 25, "price": "6591.00"}}, {"model": "purchases.productmaterial", "pk": 12, "fields": {"created": "2024-03-13T12:29:25.110Z", "modified": "2024-03-13T12:29:25.110Z", "archived": null, "material": 41, "price": "35656.00"}}, {"model": "purchases.productmaterial", "pk": 13, "fields": {"created": "2024-03-13T12:29:25.114Z", "modified": "2024-03-13T12:29:25.114Z", "archived": null, "material": 2, "price": "43271.00"}}, {"model": "purchases.productmaterial", "pk": 14, "fields": {"created": "2024-03-13T12:29:25.117Z", "modified": "2024-03-13T12:29:25.117Z", "archived": null, "material": 30, "price": "13790.00"}}, {"model": "purchases.productmaterial", "pk": 15, "fields": {"created": "2024-03-13T12:29:25.120Z", "modified": "2024-03-13T12:29:25.120Z", "archived": null, "material": 13, "price": "351.00"}}, {"model": "purchases.productmaterial", "pk": 16, "fields": {"created": "2024-03-13T12:29:25.124Z", "modified": "2024-03-13T12:29:25.124Z", "archived": null, "material": 40, "price": "43227.00"}}, {"model": "purchases.productmaterial", "pk": 17, "fields": {"created": "2024-03-13T12:29:25.127Z", "modified": "2024-03-13T12:29:25.127Z", "archived": null, "material": 19, "price": "28663.00"}}, {"model": "purchases.productmaterial", "pk": 18, "fields": {"created": "2024-03-13T12:29:25.131Z", "modified": "2024-03-13T12:29:25.131Z", "archived": null, "material": 33, "price": "38580.00"}}, {"model": "purchases.productmaterial", "pk": 19, "fields": {"created": "2024-03-13T12:29:25.134Z", "modified": "2024-03-13T12:29:25.134Z", "archived": null, "material": 3, "price": "2468.00"}}, {"model": "purchases.productmaterial", "pk": 20, "fields": {"created": "2024-03-13T12:29:25.137Z", "modified": "2024-03-13T12:29:25.137Z", "archived": null, "material": 24, "price": "31589.00"}}, {"model": "purchases.productmaterial", "pk": 21, "fields": {"created": "2024-03-13T12:29:25.141Z", "modified": "2024-03-13T12:29:25.141Z", "archived": null, "material": 20, "price": "1186.00"}}, {"model": "purchases.productmaterial", "pk": 22, "fields": {"created": "2024-03-13T12:29:25.144Z", "modified": "2024-03-13T12:29:25.144Z", "archived": null, "material": 12, "price": "46201.00"}}, {"model": "purchases.productmaterial", "pk": 23, "fields": {"created": "2024-03-13T12:29:25.148Z", "modified": "2024-03-13T12:29:25.148Z", "archived": null, "material": 24, "price": "9026.00"}}, {"model": "purchases.productmaterial", "pk": 24, "fields": {"created": "2024-03-13T12:29:25.151Z", "modified": "2024-03-13T12:29:25.151Z", "archived": null, "material": 19, "price": "27815.00"}}, {"model": "purchases.productmaterial", "pk": 25, "fields": {"created": "2024-03-13T12:29:25.154Z", "modified": "2024-03-13T12:29:25.154Z", "archived": null, "material": 12, "price": "35923.00"}}, {"model": "purchases.productmaterial", "pk": 26, "fields": {"created": "2024-03-13T12:29:25.158Z", "modified": "2024-03-13T12:29:25.158Z", "archived": null, "material": 21, "price": "20187.00"}}, {"model": "purchases.productmaterial", "pk": 27, "fields": {"created": "2024-03-13T12:29:25.161Z", "modified": "2024-03-13T12:29:25.161Z", "archived": null, "material": 20, "price": "14351.00"}}, {"model": "purchases.productmaterial", "pk": 28, "fields": {"created": "2024-03-13T12:29:25.165Z", "modified": "2024-03-13T12:29:25.165Z", "archived": null, "material": 29, "price": "26161.00"}}, {"model": "purchases.productmaterial", "pk": 29, "fields": {"created": "2024-03-13T12:29:25.168Z", "modified": "2024-03-13T12:29:25.168Z", "archived": null, "material": 22, "price": "6464.00"}}, {"model": "purchases.productmaterial", "pk": 30, "fields": {"created": "2024-03-13T12:29:25.172Z", "modified": "2024-03-13T12:29:25.172Z", "archived": null, "material": 22, "price": "17192.00"}}, {"model": "purchases.productmaterial", "pk": 31, "fields": {"created": "2024-03-13T12:29:25.175Z", "modified": "2024-03-13T12:29:25.175Z", "archived": null, "material": 28, "price": "28760.00"}}, {"model": "purchases.productmaterial", "pk": 32, "fields": {"created": "2024-03-13T12:29:25.178Z", "modified": "2024-03-13T12:29:25.178Z", "archived": null, "material": 35, "price": "12693.00"}}, {"model": "purchases.productmaterial", "pk": 33, "fields": {"created": "2024-03-13T12:29:25.182Z", "modified": "2024-03-13T12:29:25.182Z", "archived": null, "material": 17, "price": "30662.00"}}, {"model": "purchases.productmaterial", "pk": 34, "fields": {"created": "2024-03-13T12:29:25.185Z", "modified": "2024-03-13T12:29:25.185Z", "archived": null, "material": 28, "price": "13088.00"}}, {"model": "purchases.productmaterial", "pk": 35, "fields": {"created": "2024-03-13T12:29:25.189Z", "modified": "2024-03-13T12:29:25.189Z", "archived": null, "material": 38, "price": "4132.00"}}, {"model": "purchases.productmaterial", "pk": 36, "fields": {"created": "2024-03-13T12:29:25.192Z", "modified": "2024-03-13T12:29:25.192Z", "archived": null, "material": 14, "price": "47065.00"}}, {"model": "purchases.productmaterial", "pk": 37, "fields": {"created": "2024-03-13T12:29:25.195Z", "modified": "2024-03-13T12:29:25.195Z", "archived": null, "material": 18, "price": "18640.00"}}, {"model": "purchases.productmaterial", "pk": 38, "fields": {"created": "2024-03-13T12:29:25.199Z", "modified": "2024-03-13T12:29:25.199Z", "archived": null, "material": 22, "price": "18188.00"}}, {"model": "purchases.productmaterial", "pk": 39, "fields": {"created": "2024-03-13T12:29:25.202Z", "modified": "2024-03-13T12:29:25.202Z", "archived": null, "material": 41, "price": "45997.00"}}, {"model": "purchases.productmaterial", "pk": 40, "fields": {"created": "2024-03-13T12:29:25.206Z", "modified": "2024-03-13T12:29:25.206Z", "archived": null, "material": 49, "price": "12530.00"}}, {"model": "purchases.productmaterial", "pk": 41, "fields": {"created": "2024-03-13T12:29:25.209Z", "modified": "2024-03-13T12:29:25.209Z", "archived": null, "material": 32, "price": "31528.00"}}, {"model": "purchases.productmaterial", "pk": 42, "fields": {"created": "2024-03-13T12:29:25.213Z", "modified": "2024-03-13T12:29:25.213Z", "archived": null, "material": 40, "price": "30489.00"}}, {"model": "purchases.productmaterial", "pk": 43, "fields": {"created": "2024-03-13T12:29:25.216Z", "modified": "2024-03-13T12:29:25.216Z", "archived": null, "material": 25, "price": "29117.00"}}, {"model": "purchases.productmaterial", "pk": 44, "fields": {"created": "2024-03-13T12:29:25.220Z", "modified": "2024-03-13T12:29:25.220Z", "archived": null, "material": 6, "price": "17598.00"}}, {"model": "purchases.productmaterial", "pk": 45, "fields": {"created": "2024-03-13T12:29:25.223Z", "modified": "2024-03-13T12:29:25.223Z", "archived": null, "material": 30, "price": "34228.00"}}, {"model": "purchases.productmaterial", "pk": 46, "fields": {"created": "2024-03-13T12:29:25.226Z", "modified": "2024-03-13T12:29:25.226Z", "archived": null, "material": 49, "price": "26024.00"}}, {"model": "purchases.productmaterial", "pk": 47, "fields": {"created": "2024-03-13T12:29:25.230Z", "modified": "2024-03-13T12:29:25.230Z", "archived": null, "material": 12, "price": "40117.00"}}, {"model": "purchases.productmaterial", "pk": 48, "fields": {"created": "2024-03-13T12:29:25.233Z", "modified": "2024-03-13T12:29:25.233Z", "archived": null, "material": 24, "price": "23018.00"}}, {"model": "purchases.productmaterial", "pk": 49, "fields": {"created": "2024-03-13T12:29:25.237Z", "modified": "2024-03-13T12:29:25.237Z", "archived": null, "material": 1, "price": "37488.00"}}, {"model": "purchases.productmaterial", "pk": 50, "fields": {"created": "2024-03-13T12:29:25.240Z", "modified": "2024-03-13T12:29:25.240Z", "archived": null, "material": 15, "price": "995.00"}}, {"model": "purchases.productmaterial", "pk": 51, "fields": {"created": "2024-03-13T12:29:25.244Z", "modified": "2024-03-13T12:29:25.244Z", "archived": null, "material": 47, "price": "15675.00"}}, {"model": "purchases.productmaterial", "pk": 52, "fields": {"created": "2024-03-13T12:29:25.248Z", "modified": "2024-03-13T12:29:25.248Z", "archived": null, "material": 8, "price": "8776.00"}}, {"model": "purchases.productmaterial", "pk": 53, "fields": {"created": "2024-03-13T12:29:25.251Z", "modified": "2024-03-13T12:29:25.251Z", "archived": null, "material": 44, "price": "849.00"}}, {"model": "purchases.productmaterial", "pk": 54, "fields": {"created": "2024-03-13T12:29:25.255Z", "modified": "2024-03-13T12:29:25.255Z", "archived": null, "material": 34, "price": "10178.00"}}, {"model": "purchases.productmaterial", "pk": 55, "fields": {"created": "2024-03-13T12:29:25.258Z", "modified": "2024-03-13T12:29:25.258Z", "archived": null, "material": 3, "price": "39183.00"}}, {"model": "purchases.productmaterial", "pk": 56, "fields": {"created": "2024-03-13T12:29:25.262Z", "modified": "2024-03-13T12:29:25.262Z", "archived": null, "material": 24, "price": "45616.00"}}, {"model": "purchases.productmaterial", "pk": 57, "fields": {"created": "2024-03-13T12:29:25.265Z", "modified": "2024-03-13T12:29:25.265Z", "archived": null, "material": 12, "price": "25016.00"}}, {"model": "purchases.productmaterial", "pk": 58, "fields": {"created": "2024-03-13T12:29:25.268Z", "modified": "2024-03-13T12:29:25.268Z", "archived": null, "material": 35, "price": "3861.00"}}, {"model": "purchases.productmaterial", "pk": 59, "fields": {"created": "2024-03-13T12:29:25.272Z", "modified": "2024-03-13T12:29:25.272Z", "archived": null, "material": 41, "price": "31124.00"}}, {"model": "purchases.productmaterial", "pk": 60, "fields": {"created": "2024-03-13T12:29:25.275Z", "modified": "2024-03-13T12:29:25.275Z", "archived": null, "material": 12, "price": "32290.00"}}, {"model": "purchases.productmaterial", "pk": 61, "fields": {"created": "2024-03-13T12:29:25.279Z", "modified": "2024-03-13T12:29:25.279Z", "archived": null, "material": 47, "price": "20677.00"}}, {"model": "purchases.productmaterial", "pk": 62, "fields": {"created": "2024-03-13T12:29:25.282Z", "modified": "2024-03-13T12:29:25.282Z", "archived": null, "material": 4, "price": "1738.00"}}, {"model": "purchases.productmaterial", "pk": 63, "fields": {"created": "2024-03-13T12:29:25.286Z", "modified": "2024-03-13T12:29:25.286Z", "archived": null, "material": 14, "price": "49869.00"}}, {"model": "purchases.productmaterial", "pk": 64, "fields": {"created": "2024-03-13T12:29:25.290Z", "modified": "2024-03-13T12:29:25.290Z", "archived": null, "material": 11, "price": "44572.00"}}, {"model": "purchases.productmaterial", "pk": 65, "fields": {"created": "2024-03-13T12:29:25.293Z", "modified": "2024-03-13T12:29:25.293Z", "archived": null, "material": 43, "price": "33665.00"}}, {"model": "purchases.productmaterial", "pk": 66, "fields": {"created": "2024-03-13T12:29:25.296Z", "modified": "2024-03-13T12:29:25.296Z", "archived": null, "material": 44, "price": "1246.00"}}, {"model": "purchases.productmaterial", "pk": 67, "fields": {"created": "2024-03-13T12:29:25.300Z", "modified": "2024-03-13T12:29:25.300Z", "archived": null, "material": 40, "price": "6808.00"}}, {"model": "purchases.productmaterial", "pk": 68, "fields": {"created": "2024-03-13T12:29:25.304Z", "modified": "2024-03-13T12:29:25.304Z", "archived": null, "material": 50, "price": "37392.00"}}, {"model": "purchases.productmaterial", "pk": 69, "fields": {"created": "2024-03-13T12:29:25.307Z", "modified": "2024-03-13T12:29:25.307Z", "archived": null, "material": 1, "price": "23706.00"}}, {"model": "purchases.productmaterial", "pk": 70, "fields": {"created": "2024-03-13T12:29:25.312Z", "modified": "2024-03-13T12:29:25.312Z", "archived": null, "material": 8, "price": "18235.00"}}, {"model": "purchases.productmaterial", "pk": 71, "fields": {"created": "2024-03-13T12:29:25.316Z", "modified": "2024-03-13T12:29:25.316Z", "archived": null, "material": 22, "price": "2343.00"}}, {"model": "purchases.productmaterial", "pk": 72, "fields": {"created": "2024-03-13T12:29:25.319Z", "modified": "2024-03-13T12:29:25.319Z", "archived": null, "material": 1, "price": "49050.00"}}, {"model": "purchases.productmaterial", "pk": 73, "fields": {"created": "2024-03-13T12:29:25.324Z", "modified": "2024-03-13T12:29:25.324Z", "archived": null, "material": 22, "price": "24888.00"}}, {"model": "purchases.productmaterial", "pk": 74, "fields": {"created": "2024-03-13T12:29:25.327Z", "modified": "2024-03-13T12:29:25.327Z", "archived": null, "material": 36, "price": "37495.00"}}, {"model": "purchases.productmaterial", "pk": 75, "fields": {"created": "2024-03-13T12:29:25.331Z", "modified": "2024-03-13T12:29:25.331Z", "archived": null, "material": 23, "price": "43133.00"}}, {"model": "purchases.productmaterial", "pk": 76, "fields": {"created": "2024-03-13T12:29:25.334Z", "modified": "2024-03-13T12:29:25.334Z", "archived": null, "material": 34, "price": "36898.00"}}, {"model": "purchases.productmaterial", "pk": 77, "fields": {"created": "2024-03-13T12:29:25.338Z", "modified": "2024-03-13T12:29:25.338Z", "archived": null, "material": 48, "price": "18445.00"}}, {"model": "purchases.productmaterial", "pk": 78, "fields": {"created": "2024-03-13T12:29:25.341Z", "modified": "2024-03-13T12:29:25.341Z", "archived": null, "material": 44, "price": "29366.00"}}, {"model": "purchases.productmaterial", "pk": 79, "fields": {"created": "2024-03-13T12:29:25.344Z", "modified": "2024-03-13T12:29:25.344Z", "archived": null, "material": 16, "price": "45301.00"}}, {"model": "purchases.productmaterial", "pk": 80, "fields": {"created": "2024-03-13T12:29:25.348Z", "modified": "2024-03-13T12:29:25.348Z", "archived": null, "material": 22, "price": "6618.00"}}, {"model": "purchases.productmaterial", "pk": 81, "fields": {"created": "2024-03-13T12:29:25.351Z", "modified": "2024-03-13T12:29:25.351Z", "archived": null, "material": 14, "price": "45139.00"}}, {"model": "purchases.productmaterial", "pk": 82, "fields": {"created": "2024-03-13T12:29:25.354Z", "modified": "2024-03-13T12:29:25.354Z", "archived": null, "material": 12, "price": "49077.00"}}, {"model": "purchases.productmaterial", "pk": 83, "fields": {"created": "2024-03-13T12:29:25.358Z", "modified": "2024-03-13T12:29:25.358Z", "archived": null, "material": 35, "price": "34110.00"}}, {"model": "purchases.productmaterial", "pk": 84, "fields": {"created": "2024-03-13T12:29:25.361Z", "modified": "2024-03-13T12:29:25.361Z", "archived": null, "material": 32, "price": "29903.00"}}, {"model": "purchases.productmaterial", "pk": 85, "fields": {"created": "2024-03-13T12:29:25.365Z", "modified": "2024-03-13T12:29:25.365Z", "archived": null, "material": 50, "price": "29848.00"}}, {"model": "purchases.productmaterial", "pk": 86, "fields": {"created": "2024-03-13T12:29:25.368Z", "modified": "2024-03-13T12:29:25.368Z", "archived": null, "material": 27, "price": "11402.00"}}, {"model": "purchases.productmaterial", "pk": 87, "fields": {"created": "2024-03-13T12:29:25.372Z", "modified": "2024-03-13T12:29:25.372Z", "archived": null, "material": 29, "price": "19889.00"}}, {"model": "purchases.productmaterial", "pk": 88, "fields": {"created": "2024-03-13T12:29:25.375Z", "modified": "2024-03-13T12:29:25.375Z", "archived": null, "material": 31, "price": "18026.00"}}, {"model": "purchases.productmaterial", "pk": 89, "fields": {"created": "2024-03-13T12:29:25.378Z", "modified": "2024-03-13T12:29:25.378Z", "archived": null, "material": 40, "price": "33006.00"}}, {"model": "purchases.productmaterial", "pk": 90, "fields": {"created": "2024-03-13T12:29:25.382Z", "modified": "2024-03-13T12:29:25.382Z", "archived": null, "material": 7, "price": "12494.00"}}, {"model": "purchases.productmaterial", "pk": 91, "fields": {"created": "2024-03-13T12:29:25.385Z", "modified": "2024-03-13T12:29:25.385Z", "archived": null, "material": 50, "price": "8670.00"}}, {"model": "purchases.productmaterial", "pk": 92, "fields": {"created": "2024-03-13T12:29:25.389Z", "modified": "2024-03-13T12:29:25.389Z", "archived": null, "material": 37, "price": "9582.00"}}, {"model": "purchases.productmaterial", "pk": 93, "fields": {"created": "2024-03-13T12:29:25.392Z", "modified": "2024-03-13T12:29:25.392Z", "archived": null, "material": 38, "price": "48058.00"}}, {"model": "purchases.productmaterial", "pk": 94, "fields": {"created": "2024-03-13T12:29:25.395Z", "modified": "2024-03-13T12:29:25.395Z", "archived": null, "material": 17, "price": "25234.00"}}, {"model": "purchases.productmaterial", "pk": 95, "fields": {"created": "2024-03-13T12:29:25.398Z", "modified": "2024-03-13T12:29:25.398Z", "archived": null, "material": 5, "price": "21753.00"}}, {"model": "purchases.productmaterial", "pk": 96, "fields": {"created": "2024-03-13T12:29:25.401Z", "modified": "2024-03-13T12:29:25.401Z", "archived": null, "material": 19, "price": "40391.00"}}, {"model": "purchases.productmaterial", "pk": 97, "fields": {"created": "2024-03-13T12:29:25.404Z", "modified": "2024-03-13T12:29:25.404Z", "archived": null, "material": 17, "price": "22426.00"}}, {"model": "purchases.productmaterial", "pk": 98, "fields": {"created": "2024-03-13T12:29:25.407Z", "modified": "2024-03-13T12:29:25.407Z", "archived": null, "material": 41, "price": "910.00"}}, {"model": "purchases.productmaterial", "pk": 99, "fields": {"created": "2024-03-13T12:29:25.411Z", "modified": "2024-03-13T12:29:25.411Z", "archived": null, "material": 7, "price": "45616.00"}}, {"model": "purchases.productmaterial", "pk": 100, "fields": {"created": "2024-03-13T12:29:25.414Z", "modified": "2024-03-13T12:29:25.414Z", "archived": null, "material": 24, "price": "43385.00"}}, {"model": "purchases.purchase", "pk": 1, "fields": {"created": "2024-03-13T12:29:22.884Z", "archived": null, "is_paid_by_card": false}}, {"model": "purchases.purchase", "pk": 2, "fields": {"created": "2024-03-13T12:29:22.892Z", "archived": null, "is_paid_by_card": false}}, {"model": "purchases.purchase", "pk": 3, "fields": {"created": "2024-03-13T12:29:22.900Z", "archived": null, "is_paid_by_card": true}}, {"model": "purchases.purchase", "pk": 4, "fields": {"created": "2024-03-13T12:29:22.909Z", "archived": null, "is_paid_by_card": false}}, {"model": "purchases.purchase", "pk": 5, "fields": {"created": "2024-03-13T12:29:22.917Z", "archived": null, "is_paid_by_card": false}}, {"model": "purchases.purchase", "pk": 6, "fields": {"created": "2024-03-13T12:29:22.925Z", "archived": null, "is_paid_by_card": false}}, {"model": "purchases.purchase", "pk": 7, "fields": {"created": "2024-03-13T12:29:22.933Z", "archived": null, "is_paid_by_card": true}}, {"model": "purchases.purchase", "pk": 8, "fields": {"created": "2024-03-13T12:29:22.942Z", "archived": null, "is_paid_by_card": true}}, {"model": "purchases.purchase", "pk": 9, "fields": {"created": "2024-03-13T12:29:22.950Z", "archived": null, "is_paid_by_card": false}}, {"model": "purchases.purchase", "pk": 10, "fields": {"created": "2024-03-13T12:29:22.959Z", "archived": null, "is_paid_by_card": true}}, {"model": "purchases.purchase", "pk": 11, "fields": {"created": "2024-03-13T12:29:22.968Z", "archived": null, "is_paid_by_card": false}}, {"model": "purchases.purchase", "pk": 12, "fields": {"created": "2024-03-13T12:29:22.976Z", "archived": null, "is_paid_by_card": true}}, {"model": "purchases.purchase", "pk": 13, "fields": {"created": "2024-03-13T12:29:22.985Z", "archived": null, "is_paid_by_card": true}}, {"model": "purchases.purchase", "pk": 14, "fields": {"created": "2024-03-13T12:29:22.993Z", "archived": null, "is_paid_by_card": true}}, {"model": "purchases.purchase", "pk": 15, "fields": {"created": "2024-03-13T12:29:23.001Z", "archived": null, "is_paid_by_card": true}}, {"model": "purchases.purchase", "pk": 16, "fields": {"created": "2024-03-13T12:29:23.010Z", "archived": null, "is_paid_by_card": false}}, {"model": "purchases.purchase", "pk": 17, "fields": {"created": "2024-03-13T12:29:23.019Z", "archived": null, "is_paid_by_card": false}}, {"model": "purchases.purchase", "pk": 18, "fields": {"created": "2024-03-13T12:29:23.027Z", "archived": null, "is_paid_by_card": false}}, {"model": "purchases.purchase", "pk": 19, "fields": {"created": "2024-03-13T12:29:23.035Z", "archived": null, "is_paid_by_card": false}}, {"model": "purchases.purchase", "pk": 20, "fields": {"created": "2024-03-13T12:29:23.045Z", "archived": null, "is_paid_by_card": false}}, {"model": "purchases.purchaseprocedure", "pk": 1, "fields": {"archived": null, "purchase": 13, "procedure": 36}}, {"model": "purchases.purchaseprocedure", "pk": 2, "fields": {"archived": null, "purchase": 15, "procedure": 5}}, {"model": "purchases.purchaseprocedure", "pk": 3, "fields": {"archived": null, "purchase": 19, "procedure": 35}}, {"model": "purchases.purchaseprocedure", "pk": 4, "fields": {"archived": null, "purchase": 18, "procedure": 29}}, {"model": "purchases.purchaseprocedure", "pk": 5, "fields": {"archived": null, "purchase": 14, "procedure": 25}}, {"model": "purchases.purchaseprocedure", "pk": 6, "fields": {"archived": null, "purchase": 12, "procedure": 3}}, {"model": "purchases.purchaseprocedure", "pk": 7, "fields": {"archived": null, "purchase": 10, "procedure": 49}}, {"model": "purchases.purchaseprocedure", "pk": 8, "fields": {"archived": null, "purchase": 3, "procedure": 25}}, {"model": "purchases.purchaseprocedure", "pk": 9, "fields": {"archived": null, "purchase": 20, "procedure": 15}}, {"model": "purchases.purchaseprocedure", "pk": 10, "fields": {"archived": null, "purchase": 2, "procedure": 25}}, {"model": "purchases.purchaseprocedure", "pk": 11, "fields": {"archived": null, "purchase": 18, "procedure": 18}}, {"model": "purchases.purchaseprocedure", "pk": 12, "fields": {"archived": null, "purchase": 11, "procedure": 14}}, {"model": "purchases.purchaseprocedure", "pk": 13, "fields": {"archived": null, "purchase": 18, "procedure": 4}}, {"model": "purchases.purchaseprocedure", "pk": 14, "fields": {"archived": null, "purchase": 3, "procedure": 49}}, {"model": "purchases.purchaseprocedure", "pk": 15, "fields": {"archived": null, "purchase": 16, "procedure": 22}}, {"model": "purchases.purchaseprocedure", "pk": 16, "fields": {"archived": null, "purchase": 15, "procedure": 23}}, {"model": "purchases.purchaseprocedure", "pk": 17, "fields": {"archived": null, "purchase": 9, "procedure": 48}}, {"model": "purchases.purchaseprocedure", "pk": 18, "fields": {"archived": null, "purchase": 16, "procedure": 42}}, {"model": "purchases.purchaseprocedure", "pk": 19, "fields": {"archived": null, "purchase": 19, "procedure": 5}}, {"model": "purchases.purchaseprocedure", "pk": 20, "fields": {"archived": null, "purchase": 11, "procedure": 46}}, {"model": "purchases.purchaseprocedure", "pk": 21, "fields": {"archived": null, "purchase": 12, "procedure": 10}}, {"model": "purchases.purchaseprocedure", "pk": 22, "fields": {"archived": null, "purchase": 16, "procedure": 48}}, {"model": "purchases.purchaseprocedure", "pk": 23, "fields": {"archived": null, "purchase": 5, "procedure": 3}}, {"model": "purchases.purchaseprocedure", "pk": 24, "fields": {"archived": null, "purchase": 11, "procedure": 42}}, {"model": "purchases.purchaseprocedure", "pk": 25, "fields": {"archived": null, "purchase": 18, "procedure": 22}}, {"model": "purchases.purchaseprocedure", "pk": 26, "fields": {"archived": null, "purchase": 17, "procedure": 10}}, {"model": "purchases.purchaseprocedure", "pk": 27, "fields": {"archived": null, "purchase": 3, "procedure": 25}}, {"model": "purchases.purchaseprocedure", "pk": 28, "fields": {"archived": null, "purchase": 2, "procedure": 38}}, {"model": "purchases.purchaseprocedure", "pk": 29, "fields": {"archived": null, "purchase": 7, "procedure": 43}}, {"model": "purchases.purchaseprocedure", "pk": 30, "fields": {"archived": null, "purchase": 10, "procedure": 21}}, {"model": "purchases.purchaseprocedure", "pk": 31, "fields": {"archived": null, "purchase": 1, "procedure": 2}}, {"model": "purchases.purchaseprocedure", "pk": 32, "fields": {"archived": null, "purchase": 11, "procedure": 13}}, {"model": "purchases.purchaseprocedure", "pk": 33, "fields": {"archived": null, "purchase": 7, "procedure": 28}}, {"model": "purchases.purchaseprocedure", "pk": 34, "fields": {"archived": null, "purchase": 20, "procedure": 28}}, {"model": "purchases.purchaseprocedure", "pk": 35, "fields": {"archived": null, "purchase": 17, "procedure": 18}}, {"model": "purchases.purchaseprocedure", "pk": 36, "fields": {"archived": null, "purchase": 20, "procedure": 4}}, {"model": "purchases.purchaseprocedure", "pk": 37, "fields": {"archived": null, "purchase": 5, "procedure": 15}}, {"model": "purchases.purchaseprocedure", "pk": 38, "fields": {"archived": null, "purchase": 14, "procedure": 19}}, {"model": "purchases.purchaseprocedure", "pk": 39, "fields": {"archived": null, "purchase": 17, "procedure": 46}}, {"model": "purchases.purchaseprocedure", "pk": 40, "fields": {"archived": null, "purchase": 13, "procedure": 41}}, {"model": "purchases.purchaseprocedure", "pk": 41, "fields": {"archived": null, "purchase": 15, "procedure": 12}}, {"model": "purchases.purchaseprocedure", "pk": 42, "fields": {"archived": null, "purchase": 6, "procedure": 30}}, {"model": "purchases.purchaseprocedure", "pk": 43, "fields": {"archived": null, "purchase": 8, "procedure": 11}}, {"model": "purchases.purchaseprocedure", "pk": 44, "fields": {"archived": null, "purchase": 9, "procedure": 40}}, {"model": "purchases.purchaseprocedure", "pk": 45, "fields": {"archived": null, "purchase": 5, "procedure": 20}}, {"model": "purchases.purchaseprocedure", "pk": 46, "fields": {"archived": null, "purchase": 6, "procedure": 30}}, {"model": "purchases.purchaseprocedure", "pk": 47, "fields": {"archived": null, "purchase": 4, "procedure": 32}}, {"model": "purchases.purchaseprocedure", "pk": 48, "fields": {"archived": null, "purchase": 3, "procedure": 1}}, {"model": "purchases.purchaseprocedure", "pk": 49, "fields": {"archived": null, "purchase": 13, "procedure": 23}}, {"model": "purchases.purchaseprocedure", "pk": 50, "fields": {"archived": null, "purchase": 8, "procedure": 36}}, {"model": "purchases.purchaseprocedure", "pk": 51, "fields": {"archived": null, "purchase": 16, "procedure": 41}}, {"model": "purchases.purchaseprocedure", "pk": 52, "fields": {"archived": null, "purchase": 18, "procedure": 5}}, {"model": "purchases.purchaseprocedure", "pk": 53, "fields": {"archived": null, "purchase": 3, "procedure": 29}}, {"model": "purchases.purchaseprocedure", "pk": 54, "fields": {"archived": null, "purchase": 16, "procedure": 49}}, {"model": "purchases.purchaseprocedure", "pk": 55, "fields": {"archived": null, "purchase": 1, "procedure": 7}}, {"model": "purchases.purchaseprocedure", "pk": 56, "fields": {"archived": null, "purchase": 9, "procedure": 35}}, {"model": "purchases.purchaseprocedure", "pk": 57, "fields": {"archived": null, "purchase": 4, "procedure": 48}}, {"model": "purchases.purchaseprocedure", "pk": 58, "fields": {"archived": null, "purchase": 20, "procedure": 30}}, {"model": "purchases.purchaseprocedure", "pk": 59, "fields": {"archived": null, "purchase": 9, "procedure": 23}}, {"model": "purchases.purchaseprocedure", "pk": 60, "fields": {"archived": null, "purchase": 12, "procedure": 27}}, {"model": "purchases.purchaseprocedure", "pk": 61, "fields": {"archived": null, "purchase": 12, "procedure": 16}}, {"model": "purchases.purchaseprocedure", "pk": 62, "fields": {"archived": null, "purchase": 17, "procedure": 9}}, {"model": "purchases.purchaseprocedure", "pk": 63, "fields": {"archived": null, "purchase": 15, "procedure": 19}}, {"model": "purchases.purchaseprocedure", "pk": 64, "fields": {"archived": null, "purchase": 2, "procedure": 18}}, {"model": "purchases.purchaseprocedure", "pk": 65, "fields": {"archived": null, "purchase": 4, "procedure": 44}}, {"model": "purchases.purchaseprocedure", "pk": 66, "fields": {"archived": null, "purchase": 9, "procedure": 29}}, {"model": "purchases.purchaseprocedure", "pk": 67, "fields": {"archived": null, "purchase": 19, "procedure": 18}}, {"model": "purchases.purchaseprocedure", "pk": 68, "fields": {"archived": null, "purchase": 8, "procedure": 13}}, {"model": "purchases.purchaseprocedure", "pk": 69, "fields": {"archived": null, "purchase": 7, "procedure": 24}}, {"model": "purchases.purchaseprocedure", "pk": 70, "fields": {"archived": null, "purchase": 6, "procedure": 23}}, {"model": "purchases.purchaseprocedure", "pk": 71, "fields": {"archived": null, "purchase": 16, "procedure": 33}}, {"model": "purchases.purchaseprocedure", "pk": 72, "fields": {"archived": null, "purchase": 15, "procedure": 46}}, {"model": "purchases.purchaseprocedure", "pk": 73, "fields": {"archived": null, "purchase": 8, "procedure": 25}}, {"model": "purchases.purchaseprocedure", "pk": 74, "fields": {"archived": null, "purchase": 17, "procedure": 10}}, {"model": "purchases.purchaseprocedure", "pk": 75, "fields": {"archived": null, "purchase": 1, "procedure": 31}}, {"model": "purchases.purchaseprocedure", "pk": 76, "fields": {"archived": null, "purchase": 20, "procedure": 27}}, {"model": "purchases.purchaseprocedure", "pk": 77, "fields": {"archived": null, "purchase": 6, "procedure": 46}}, {"model": "purchases.purchaseprocedure", "pk": 78, "fields": {"archived": null, "purchase": 3, "procedure": 19}}, {"model": "purchases.purchaseprocedure", "pk": 79, "fields": {"archived": null, "purchase": 4, "procedure": 3}}, {"model": "purchases.purchaseprocedure", "pk": 80, "fields": {"archived": null, "purchase": 9, "procedure": 32}}, {"model": "purchases.purchaseprocedure", "pk": 81, "fields": {"archived": null, "purchase": 12, "procedure": 44}}, {"model": "purchases.purchaseprocedure", "pk": 82, "fields": {"archived": null, "purchase": 14, "procedure": 18}}, {"model": "purchases.purchaseprocedure", "pk": 83, "fields": {"archived": null, "purchase": 13, "procedure": 33}}, {"model": "purchases.purchaseprocedure", "pk": 84, "fields": {"archived": null, "purchase": 7, "procedure": 31}}, {"model": "purchases.purchaseprocedure", "pk": 85, "fields": {"archived": null, "purchase": 6, "procedure": 48}}, {"model": "purchases.purchaseprocedure", "pk": 86, "fields": {"archived": null, "purchase": 14, "procedure": 42}}, {"model": "purchases.purchaseprocedure", "pk": 87, "fields": {"archived": null, "purchase": 1, "procedure": 24}}, {"model": "purchases.purchaseprocedure", "pk": 88, "fields": {"archived": null, "purchase": 5, "procedure": 36}}, {"model": "purchases.purchaseprocedure", "pk": 89, "fields": {"archived": null, "purchase": 12, "procedure": 1}}, {"model": "purchases.purchaseprocedure", "pk": 90, "fields": {"archived": null, "purchase": 8, "procedure": 48}}, {"model": "purchases.purchaseprocedure", "pk": 91, "fields": {"archived": null, "purchase": 1, "procedure": 34}}, {"model": "purchases.purchaseprocedure", "pk": 92, "fields": {"archived": null, "purchase": 19, "procedure": 10}}, {"model": "purchases.purchaseprocedure", "pk": 93, "fields": {"archived": null, "purchase": 3, "procedure": 43}}, {"model": "purchases.purchaseprocedure", "pk": 94, "fields": {"archived": null, "purchase": 17, "procedure": 48}}, {"model": "purchases.purchaseprocedure", "pk": 95, "fields": {"archived": null, "purchase": 15, "procedure": 10}}, {"model": "purchases.purchaseprocedure", "pk": 96, "fields": {"archived": null, "purchase": 17, "procedure": 40}}, {"model": "purchases.purchaseprocedure", "pk": 97, "fields": {"archived": null, "purchase": 14, "procedure": 9}}, {"model": "purchases.purchaseprocedure", "pk": 98, "fields": {"archived": null, "purchase": 19, "procedure": 46}}, {"model": "purchases.purchaseprocedure", "pk": 99, "fields": {"archived": null, "purchase": 1, "procedure": 26}}, {"model": "purchases.purchaseprocedure", "pk": 100, "fields": {"archived": null, "purchase": 11, "procedure": 45}}, {"model": "purchases.usedmaterial", "pk": 1, "fields": {"created": "2024-03-13T12:29:25.421Z", "modified": "2024-03-13T12:29:25.421Z", "archived": null, "procedure": 11, "material": 17, "amount": 22}}, {"model": "purchases.usedmaterial", "pk": 2, "fields": {"created": "2024-03-13T12:29:25.426Z", "modified": "2024-03-13T12:29:25.426Z", "archived": null, "procedure": 87, "material": 32, "amount": 30}}, {"model": "purchases.usedmaterial", "pk": 3, "fields": {"created": "2024-03-13T12:29:25.431Z", "modified": "2024-03-13T12:29:25.431Z", "archived": null, "procedure": 79, "material": 14, "amount": 67}}, {"model": "purchases.usedmaterial", "pk": 4, "fields": {"created": "2024-03-13T12:29:25.437Z", "modified": "2024-03-13T12:29:25.437Z", "archived": null, "procedure": 84, "material": 48, "amount": 60}}, {"model": "purchases.usedmaterial", "pk": 5, "fields": {"created": "2024-03-13T12:29:25.442Z", "modified": "2024-03-13T12:29:25.442Z", "archived": null, "procedure": 44, "material": 18, "amount": 41}}, {"model": "purchases.usedmaterial", "pk": 6, "fields": {"created": "2024-03-13T12:29:25.447Z", "modified": "2024-03-13T12:29:25.447Z", "archived": null, "procedure": 83, "material": 46, "amount": 19}}, {"model": "purchases.usedmaterial", "pk": 7, "fields": {"created": "2024-03-13T12:29:25.452Z", "modified": "2024-03-13T12:29:25.452Z", "archived": null, "procedure": 14, "material": 49, "amount": 48}}, {"model": "purchases.usedmaterial", "pk": 8, "fields": {"created": "2024-03-13T12:29:25.458Z", "modified": "2024-03-13T12:29:25.458Z", "archived": null, "procedure": 79, "material": 41, "amount": 89}}, {"model": "purchases.usedmaterial", "pk": 9, "fields": {"created": "2024-03-13T12:29:25.462Z", "modified": "2024-03-13T12:29:25.463Z", "archived": null, "procedure": 23, "material": 12, "amount": 96}}, {"model": "purchases.usedmaterial", "pk": 10, "fields": {"created": "2024-03-13T12:29:25.468Z", "modified": "2024-03-13T12:29:25.468Z", "archived": null, "procedure": 22, "material": 20, "amount": 21}}, {"model": "purchases.usedmaterial", "pk": 11, "fields": {"created": "2024-03-13T12:29:25.473Z", "modified": "2024-03-13T12:29:25.473Z", "archived": null, "procedure": 29, "material": 28, "amount": 83}}, {"model": "purchases.usedmaterial", "pk": 12, "fields": {"created": "2024-03-13T12:29:25.478Z", "modified": "2024-03-13T12:29:25.478Z", "archived": null, "procedure": 23, "material": 46, "amount": 32}}, {"model": "purchases.usedmaterial", "pk": 13, "fields": {"created": "2024-03-13T12:29:25.484Z", "modified": "2024-03-13T12:29:25.484Z", "archived": null, "procedure": 89, "material": 45, "amount": 30}}, {"model": "purchases.usedmaterial", "pk": 14, "fields": {"created": "2024-03-13T12:29:25.490Z", "modified": "2024-03-13T12:29:25.490Z", "archived": null, "procedure": 46, "material": 32, "amount": 99}}, {"model": "purchases.usedmaterial", "pk": 15, "fields": {"created": "2024-03-13T12:29:25.495Z", "modified": "2024-03-13T12:29:25.495Z", "archived": null, "procedure": 30, "material": 14, "amount": 28}}, {"model": "purchases.usedmaterial", "pk": 16, "fields": {"created": "2024-03-13T12:29:25.502Z", "modified": "2024-03-13T12:29:25.502Z", "archived": null, "procedure": 8, "material": 4, "amount": 46}}, {"model": "purchases.usedmaterial", "pk": 17, "fields": {"created": "2024-03-13T12:29:25.508Z", "modified": "2024-03-13T12:29:25.508Z", "archived": null, "procedure": 36, "material": 43, "amount": 54}}, {"model": "purchases.usedmaterial", "pk": 18, "fields": {"created": "2024-03-13T12:29:25.514Z", "modified": "2024-03-13T12:29:25.514Z", "archived": null, "procedure": 75, "material": 35, "amount": 61}}, {"model": "purchases.usedmaterial", "pk": 19, "fields": {"created": "2024-03-13T12:29:25.519Z", "modified": "2024-03-13T12:29:25.519Z", "archived": null, "procedure": 22, "material": 48, "amount": 73}}, {"model": "purchases.usedmaterial", "pk": 20, "fields": {"created": "2024-03-13T12:29:25.524Z", "modified": "2024-03-13T12:29:25.524Z", "archived": null, "procedure": 77, "material": 12, "amount": 46}}, {"model": "purchases.usedmaterial", "pk": 21, "fields": {"created": "2024-03-13T12:29:25.529Z", "modified": "2024-03-13T12:29:25.529Z", "archived": null, "procedure": 83, "material": 28, "amount": 66}}, {"model": "purchases.usedmaterial", "pk": 22, "fields": {"created": "2024-03-13T12:29:25.536Z", "modified": "2024-03-13T12:29:25.536Z", "archived": null, "procedure": 46, "material": 7, "amount": 2}}, {"model": "purchases.usedmaterial", "pk": 23, "fields": {"created": "2024-03-13T12:29:25.543Z", "modified": "2024-03-13T12:29:25.543Z", "archived": null, "procedure": 19, "material": 15, "amount": 51}}, {"model": "purchases.usedmaterial", "pk": 24, "fields": {"created": "2024-03-13T12:29:25.549Z", "modified": "2024-03-13T12:29:25.549Z", "archived": null, "procedure": 14, "material": 23, "amount": 98}}, {"model": "purchases.usedmaterial", "pk": 25, "fields": {"created": "2024-03-13T12:29:25.556Z", "modified": "2024-03-13T12:29:25.556Z", "archived": null, "procedure": 90, "material": 1, "amount": 65}}, {"model": "purchases.usedmaterial", "pk": 26, "fields": {"created": "2024-03-13T12:29:25.564Z", "modified": "2024-03-13T12:29:25.564Z", "archived": null, "procedure": 50, "material": 1, "amount": 13}}, {"model": "purchases.usedmaterial", "pk": 27, "fields": {"created": "2024-03-13T12:29:25.570Z", "modified": "2024-03-13T12:29:25.570Z", "archived": null, "procedure": 71, "material": 29, "amount": 25}}, {"model": "purchases.usedmaterial", "pk": 28, "fields": {"created": "2024-03-13T12:29:25.577Z", "modified": "2024-03-13T12:29:25.577Z", "archived": null, "procedure": 15, "material": 26, "amount": 87}}, {"model": "purchases.usedmaterial", "pk": 29, "fields": {"created": "2024-03-13T12:29:25.587Z", "modified": "2024-03-13T12:29:25.587Z", "archived": null, "procedure": 58, "material": 2, "amount": 1}}, {"model": "purchases.usedmaterial", "pk": 30, "fields": {"created": "2024-03-13T12:29:25.593Z", "modified": "2024-03-13T12:29:25.593Z", "archived": null, "procedure": 1, "material": 37, "amount": 99}}, {"model": "purchases.usedmaterial", "pk": 31, "fields": {"created": "2024-03-13T12:29:25.600Z", "modified": "2024-03-13T12:29:25.600Z", "archived": null, "procedure": 14, "material": 42, "amount": 5}}, {"model": "purchases.usedmaterial", "pk": 32, "fields": {"created": "2024-03-13T12:29:25.606Z", "modified": "2024-03-13T12:29:25.606Z", "archived": null, "procedure": 58, "material": 39, "amount": 43}}, {"model": "purchases.usedmaterial", "pk": 33, "fields": {"created": "2024-03-13T12:29:25.612Z", "modified": "2024-03-13T12:29:25.612Z", "archived": null, "procedure": 74, "material": 28, "amount": 83}}, {"model": "purchases.usedmaterial", "pk": 34, "fields": {"created": "2024-03-13T12:29:25.620Z", "modified": "2024-03-13T12:29:25.620Z", "archived": null, "procedure": 45, "material": 18, "amount": 71}}, {"model": "purchases.usedmaterial", "pk": 35, "fields": {"created": "2024-03-13T12:29:25.625Z", "modified": "2024-03-13T12:29:25.626Z", "archived": null, "procedure": 4, "material": 34, "amount": 54}}, {"model": "purchases.usedmaterial", "pk": 36, "fields": {"created": "2024-03-13T12:29:25.632Z", "modified": "2024-03-13T12:29:25.632Z", "archived": null, "procedure": 100, "material": 47, "amount": 3}}, {"model": "purchases.usedmaterial", "pk": 37, "fields": {"created": "2024-03-13T12:29:25.638Z", "modified": "2024-03-13T12:29:25.638Z", "archived": null, "procedure": 94, "material": 48, "amount": 15}}, {"model": "purchases.usedmaterial", "pk": 38, "fields": {"created": "2024-03-13T12:29:25.643Z", "modified": "2024-03-13T12:29:25.643Z", "archived": null, "procedure": 15, "material": 31, "amount": 93}}, {"model": "purchases.usedmaterial", "pk": 39, "fields": {"created": "2024-03-13T12:29:25.649Z", "modified": "2024-03-13T12:29:25.649Z", "archived": null, "procedure": 80, "material": 24, "amount": 95}}, {"model": "purchases.usedmaterial", "pk": 40, "fields": {"created": "2024-03-13T12:29:25.659Z", "modified": "2024-03-13T12:29:25.659Z", "archived": null, "procedure": 52, "material": 4, "amount": 44}}, {"model": "purchases.usedmaterial", "pk": 41, "fields": {"created": "2024-03-13T12:29:25.667Z", "modified": "2024-03-13T12:29:25.667Z", "archived": null, "procedure": 44, "material": 26, "amount": 85}}, {"model": "purchases.usedmaterial", "pk": 42, "fields": {"created": "2024-03-13T12:29:25.674Z", "modified": "2024-03-13T12:29:25.674Z", "archived": null, "procedure": 48, "material": 26, "amount": 26}}, {"model": "purchases.usedmaterial", "pk": 43, "fields": {"created": "2024-03-13T12:29:25.681Z", "modified": "2024-03-13T12:29:25.681Z", "archived": null, "procedure": 3, "material": 48, "amount": 42}}, {"model": "purchases.usedmaterial", "pk": 44, "fields": {"created": "2024-03-13T12:29:25.689Z", "modified": "2024-03-13T12:29:25.689Z", "archived": null, "procedure": 11, "material": 22, "amount": 77}}, {"model": "purchases.usedmaterial", "pk": 45, "fields": {"created": "2024-03-13T12:29:25.695Z", "modified": "2024-03-13T12:29:25.696Z", "archived": null, "procedure": 63, "material": 38, "amount": 39}}, {"model": "purchases.usedmaterial", "pk": 46, "fields": {"created": "2024-03-13T12:29:25.704Z", "modified": "2024-03-13T12:29:25.704Z", "archived": null, "procedure": 20, "material": 24, "amount": 100}}, {"model": "purchases.usedmaterial", "pk": 47, "fields": {"created": "2024-03-13T12:29:25.712Z", "modified": "2024-03-13T12:29:25.712Z", "archived": null, "procedure": 9, "material": 8, "amount": 30}}, {"model": "purchases.usedmaterial", "pk": 48, "fields": {"created": "2024-03-13T12:29:25.721Z", "modified": "2024-03-13T12:29:25.721Z", "archived": null, "procedure": 29, "material": 32, "amount": 91}}, {"model": "purchases.usedmaterial", "pk": 49, "fields": {"created": "2024-03-13T12:29:25.729Z", "modified": "2024-03-13T12:29:25.729Z", "archived": null, "procedure": 97, "material": 2, "amount": 94}}, {"model": "purchases.usedmaterial", "pk": 50, "fields": {"created": "2024-03-13T12:29:25.737Z", "modified": "2024-03-13T12:29:25.737Z", "archived": null, "procedure": 24, "material": 45, "amount": 59}}, {"model": "purchases.usedmaterial", "pk": 51, "fields": {"created": "2024-03-13T12:29:25.745Z", "modified": "2024-03-13T12:29:25.745Z", "archived": null, "procedure": 20, "material": 5, "amount": 53}}, {"model": "purchases.usedmaterial", "pk": 52, "fields": {"created": "2024-03-13T12:29:25.753Z", "modified": "2024-03-13T12:29:25.754Z", "archived": null, "procedure": 54, "material": 29, "amount": 83}}, {"model": "purchases.usedmaterial", "pk": 53, "fields": {"created": "2024-03-13T12:29:25.761Z", "modified": "2024-03-13T12:29:25.761Z", "archived": null, "procedure": 48, "material": 10, "amount": 27}}, {"model": "purchases.usedmaterial", "pk": 54, "fields": {"created": "2024-03-13T12:29:25.769Z", "modified": "2024-03-13T12:29:25.769Z", "archived": null, "procedure": 78, "material": 25, "amount": 70}}, {"model": "purchases.usedmaterial", "pk": 55, "fields": {"created": "2024-03-13T12:29:25.776Z", "modified": "2024-03-13T12:29:25.776Z", "archived": null, "procedure": 39, "material": 7, "amount": 91}}, {"model": "purchases.usedmaterial", "pk": 56, "fields": {"created": "2024-03-13T12:29:25.783Z", "modified": "2024-03-13T12:29:25.783Z", "archived": null, "procedure": 56, "material": 33, "amount": 95}}, {"model": "purchases.usedmaterial", "pk": 57, "fields": {"created": "2024-03-13T12:29:25.790Z", "modified": "2024-03-13T12:29:25.790Z", "archived": null, "procedure": 78, "material": 27, "amount": 23}}, {"model": "purchases.usedmaterial", "pk": 58, "fields": {"created": "2024-03-13T12:29:25.796Z", "modified": "2024-03-13T12:29:25.796Z", "archived": null, "procedure": 91, "material": 30, "amount": 98}}, {"model": "purchases.usedmaterial", "pk": 59, "fields": {"created": "2024-03-13T12:29:25.802Z", "modified": "2024-03-13T12:29:25.802Z", "archived": null, "procedure": 19, "material": 38, "amount": 32}}, {"model": "purchases.usedmaterial", "pk": 60, "fields": {"created": "2024-03-13T12:29:25.808Z", "modified": "2024-03-13T12:29:25.808Z", "archived": null, "procedure": 16, "material": 19, "amount": 27}}, {"model": "purchases.usedmaterial", "pk": 61, "fields": {"created": "2024-03-13T12:29:25.814Z", "modified": "2024-03-13T12:29:25.814Z", "archived": null, "procedure": 56, "material": 5, "amount": 8}}, {"model": "purchases.usedmaterial", "pk": 62, "fields": {"created": "2024-03-13T12:29:25.822Z", "modified": "2024-03-13T12:29:25.822Z", "archived": null, "procedure": 1, "material": 9, "amount": 73}}, {"model": "purchases.usedmaterial", "pk": 63, "fields": {"created": "2024-03-13T12:29:25.830Z", "modified": "2024-03-13T12:29:25.830Z", "archived": null, "procedure": 62, "material": 7, "amount": 4}}, {"model": "purchases.usedmaterial", "pk": 64, "fields": {"created": "2024-03-13T12:29:25.836Z", "modified": "2024-03-13T12:29:25.836Z", "archived": null, "procedure": 66, "material": 36, "amount": 96}}, {"model": "purchases.usedmaterial", "pk": 65, "fields": {"created": "2024-03-13T12:29:25.841Z", "modified": "2024-03-13T12:29:25.841Z", "archived": null, "procedure": 11, "material": 39, "amount": 23}}, {"model": "purchases.usedmaterial", "pk": 66, "fields": {"created": "2024-03-13T12:29:25.846Z", "modified": "2024-03-13T12:29:25.846Z", "archived": null, "procedure": 75, "material": 2, "amount": 7}}, {"model": "purchases.usedmaterial", "pk": 67, "fields": {"created": "2024-03-13T12:29:25.852Z", "modified": "2024-03-13T12:29:25.852Z", "archived": null, "procedure": 72, "material": 38, "amount": 56}}, {"model": "purchases.usedmaterial", "pk": 68, "fields": {"created": "2024-03-13T12:29:25.857Z", "modified": "2024-03-13T12:29:25.857Z", "archived": null, "procedure": 10, "material": 28, "amount": 12}}, {"model": "purchases.usedmaterial", "pk": 69, "fields": {"created": "2024-03-13T12:29:25.862Z", "modified": "2024-03-13T12:29:25.862Z", "archived": null, "procedure": 38, "material": 50, "amount": 58}}, {"model": "purchases.usedmaterial", "pk": 70, "fields": {"created": "2024-03-13T12:29:25.870Z", "modified": "2024-03-13T12:29:25.870Z", "archived": null, "procedure": 45, "material": 11, "amount": 66}}, {"model": "purchases.usedmaterial", "pk": 71, "fields": {"created": "2024-03-13T12:29:25.877Z", "modified": "2024-03-13T12:29:25.877Z", "archived": null, "procedure": 47, "material": 9, "amount": 5}}, {"model": "purchases.usedmaterial", "pk": 72, "fields": {"created": "2024-03-13T12:29:25.886Z", "modified": "2024-03-13T12:29:25.886Z", "archived": null, "procedure": 66, "material": 9, "amount": 7}}, {"model": "purchases.usedmaterial", "pk": 73, "fields": {"created": "2024-03-13T12:29:25.891Z", "modified": "2024-03-13T12:29:25.891Z", "archived": null, "procedure": 39, "material": 11, "amount": 57}}, {"model": "purchases.usedmaterial", "pk": 74, "fields": {"created": "2024-03-13T12:29:25.898Z", "modified": "2024-03-13T12:29:25.898Z", "archived": null, "procedure": 16, "material": 24, "amount": 11}}, {"model": "purchases.usedmaterial", "pk": 75, "fields": {"created": "2024-03-13T12:29:25.908Z", "modified": "2024-03-13T12:29:25.908Z", "archived": null, "procedure": 19, "material": 18, "amount": 18}}, {"model": "purchases.usedmaterial", "pk": 76, "fields": {"created": "2024-03-13T12:29:25.913Z", "modified": "2024-03-13T12:29:25.913Z", "archived": null, "procedure": 70, "material": 33, "amount": 93}}, {"model": "purchases.usedmaterial", "pk": 77, "fields": {"created": "2024-03-13T12:29:25.920Z", "modified": "2024-03-13T12:29:25.920Z", "archived": null, "procedure": 12, "material": 15, "amount": 57}}, {"model": "purchases.usedmaterial", "pk": 78, "fields": {"created": "2024-03-13T12:29:25.925Z", "modified": "2024-03-13T12:29:25.925Z", "archived": null, "procedure": 78, "material": 22, "amount": 58}}, {"model": "purchases.usedmaterial", "pk": 79, "fields": {"created": "2024-03-13T12:29:25.931Z", "modified": "2024-03-13T12:29:25.931Z", "archived": null, "procedure": 34, "material": 32, "amount": 93}}, {"model": "purchases.usedmaterial", "pk": 80, "fields": {"created": "2024-03-13T12:29:25.936Z", "modified": "2024-03-13T12:29:25.936Z", "archived": null, "procedure": 67, "material": 4, "amount": 67}}, {"model": "purchases.usedmaterial", "pk": 81, "fields": {"created": "2024-03-13T12:29:25.944Z", "modified": "2024-03-13T12:29:25.944Z", "archived": null, "procedure": 92, "material": 21, "amount": 94}}, {"model": "purchases.usedmaterial", "pk": 82, "fields": {"created": "2024-03-13T12:29:25.949Z", "modified": "2024-03-13T12:29:25.949Z", "archived": null, "procedure": 73, "material": 5, "amount": 43}}, {"model": "purchases.usedmaterial", "pk": 83, "fields": {"created": "2024-03-13T12:29:25.955Z", "modified": "2024-03-13T12:29:25.955Z", "archived": null, "procedure": 86, "material": 22, "amount": 60}}, {"model": "purchases.usedmaterial", "pk": 84, "fields": {"created": "2024-03-13T12:29:25.960Z", "modified": "2024-03-13T12:29:25.960Z", "archived": null, "procedure": 58, "material": 10, "amount": 57}}, {"model": "purchases.usedmaterial", "pk": 85, "fields": {"created": "2024-03-13T12:29:25.967Z", "modified": "2024-03-13T12:29:25.967Z", "archived": null, "procedure": 31, "material": 49, "amount": 34}}, {"model": "purchases.usedmaterial", "pk": 86, "fields": {"created": "2024-03-13T12:29:25.972Z", "modified": "2024-03-13T12:29:25.972Z", "archived": null, "procedure": 97, "material": 39, "amount": 8}}, {"model": "purchases.usedmaterial", "pk": 87, "fields": {"created": "2024-03-13T12:29:25.978Z", "modified": "2024-03-13T12:29:25.978Z", "archived": null, "procedure": 7, "material": 48, "amount": 80}}, {"model": "purchases.usedmaterial", "pk": 88, "fields": {"created": "2024-03-13T12:29:25.983Z", "modified": "2024-03-13T12:29:25.983Z", "archived": null, "procedure": 74, "material": 31, "amount": 66}}, {"model": "purchases.usedmaterial", "pk": 89, "fields": {"created": "2024-03-13T12:29:25.989Z", "modified": "2024-03-13T12:29:25.989Z", "archived": null, "procedure": 33, "material": 5, "amount": 8}}, {"model": "purchases.usedmaterial", "pk": 90, "fields": {"created": "2024-03-13T12:29:25.994Z", "modified": "2024-03-13T12:29:25.994Z", "archived": null, "procedure": 59, "material": 15, "amount": 54}}, {"model": "purchases.usedmaterial", "pk": 91, "fields": {"created": "2024-03-13T12:29:26.001Z", "modified": "2024-03-13T12:29:26.001Z", "archived": null, "procedure": 99, "material": 1, "amount": 3}}, {"model": "purchases.usedmaterial", "pk": 92, "fields": {"created": "2024-03-13T12:29:26.007Z", "modified": "2024-03-13T12:29:26.007Z", "archived": null, "procedure": 91, "material": 35, "amount": 49}}, {"model": "purchases.usedmaterial", "pk": 93, "fields": {"created": "2024-03-13T12:29:26.012Z", "modified": "2024-03-13T12:29:26.012Z", "archived": null, "procedure": 60, "material": 22, "amount": 28}}, {"model": "purchases.usedmaterial", "pk": 94, "fields": {"created": "2024-03-13T12:29:26.018Z", "modified": "2024-03-13T12:29:26.018Z", "archived": null, "procedure": 59, "material": 8, "amount": 92}}, {"model": "purchases.usedmaterial", "pk": 95, "fields": {"created": "2024-03-13T12:29:26.024Z", "modified": "2024-03-13T12:29:26.024Z", "archived": null, "procedure": 26, "material": 24, "amount": 77}}, {"model": "purchases.usedmaterial", "pk": 96, "fields": {"created": "2024-03-13T12:29:26.030Z", "modified": "2024-03-13T12:29:26.030Z", "archived": null, "procedure": 1, "material": 47, "amount": 75}}, {"model": "purchases.usedmaterial", "pk": 97, "fields": {"created": "2024-03-13T12:29:26.035Z", "modified": "2024-03-13T12:29:26.035Z", "archived": null, "procedure": 78, "material": 41, "amount": 52}}, {"model": "purchases.usedmaterial", "pk": 98, "fields": {"created": "2024-03-13T12:29:26.041Z", "modified": "2024-03-13T12:29:26.041Z", "archived": null, "procedure": 97, "material": 33, "amount": 96}}, {"model": "purchases.usedmaterial", "pk": 99, "fields": {"created": "2024-03-13T12:29:26.046Z", "modified": "2024-03-13T12:29:26.046Z", "archived": null, "procedure": 90, "material": 36, "amount": 76}}, {"model": "auth.permission", "pk": 1, "fields": {"name": "Can add user", "content_type": 1, "codename": "add_user"}}, {"model": "auth.permission", "pk": 2, "fields": {"name": "Can change user", "content_type": 1, "codename": "change_user"}}, {"model": "auth.permission", "pk": 3, "fields": {"name": "Can delete user", "content_type": 1, "codename": "delete_user"}}, {"model": "auth.permission", "pk": 4, "fields": {"name": "Can view user", "content_type": 1, "codename": "view_user"}}, {"model": "auth.permission", "pk": 5, "fields": {"name": "Can add company", "content_type": 2, "codename": "add_company"}}, {"model": "auth.permission", "pk": 6, "fields": {"name": "Can change company", "content_type": 2, "codename": "change_company"}}, {"model": "auth.permission", "pk": 7, "fields": {"name": "Can delete company", "content_type": 2, "codename": "delete_company"}}, {"model": "auth.permission", "pk": 8, "fields": {"name": "Can view company", "content_type": 2, "codename": "view_company"}}, {"model": "auth.permission", "pk": 9, "fields": {"name": "Can add department", "content_type": 3, "codename": "add_department"}}, {"model": "auth.permission", "pk": 10, "fields": {"name": "Can change department", "content_type": 3, "codename": "change_department"}}, {"model": "auth.permission", "pk": 11, "fields": {"name": "Can delete department", "content_type": 3, "codename": "delete_department"}}, {"model": "auth.permission", "pk": 12, "fields": {"name": "Can view department", "content_type": 3, "codename": "view_department"}}, {"model": "auth.permission", "pk": 13, "fields": {"name": "Can add material", "content_type": 4, "codename": "add_material"}}, {"model": "auth.permission", "pk": 14, "fields": {"name": "Can change material", "content_type": 4, "codename": "change_material"}}, {"model": "auth.permission", "pk": 15, "fields": {"name": "Can delete material", "content_type": 4, "codename": "delete_material"}}, {"model": "auth.permission", "pk": 16, "fields": {"name": "Can view material", "content_type": 4, "codename": "view_material"}}, {"model": "auth.permission", "pk": 17, "fields": {"name": "Can add material type", "content_type": 5, "codename": "add_materialtype"}}, {"model": "auth.permission", "pk": 18, "fields": {"name": "Can change material type", "content_type": 5, "codename": "change_materialtype"}}, {"model": "auth.permission", "pk": 19, "fields": {"name": "Can delete material type", "content_type": 5, "codename": "delete_materialtype"}}, {"model": "auth.permission", "pk": 20, "fields": {"name": "Can view material type", "content_type": 5, "codename": "view_materialtype"}}, {"model": "auth.permission", "pk": 21, "fields": {"name": "Can add point", "content_type": 6, "codename": "add_point"}}, {"model": "auth.permission", "pk": 22, "fields": {"name": "Can change point", "content_type": 6, "codename": "change_point"}}, {"model": "auth.permission", "pk": 23, "fields": {"name": "Can delete point", "content_type": 6, "codename": "delete_point"}}, {"model": "auth.permission", "pk": 24, "fields": {"name": "Can view point", "content_type": 6, "codename": "view_point"}}, {"model": "auth.permission", "pk": 25, "fields": {"name": "Can add stock", "content_type": 7, "codename": "add_stock"}}, {"model": "auth.permission", "pk": 26, "fields": {"name": "Can change stock", "content_type": 7, "codename": "change_stock"}}, {"model": "auth.permission", "pk": 27, "fields": {"name": "Can delete stock", "content_type": 7, "codename": "delete_stock"}}, {"model": "auth.permission", "pk": 28, "fields": {"name": "Can view stock", "content_type": 7, "codename": "view_stock"}}, {"model": "auth.permission", "pk": 29, "fields": {"name": "Can add stock material", "content_type": 8, "codename": "add_stockmaterial"}}, {"model": "auth.permission", "pk": 30, "fields": {"name": "Can change stock material", "content_type": 8, "codename": "change_stockmaterial"}}, {"model": "auth.permission", "pk": 31, "fields": {"name": "Can delete stock material", "content_type": 8, "codename": "delete_stockmaterial"}}, {"model": "auth.permission", "pk": 32, "fields": {"name": "Can view stock material", "content_type": 8, "codename": "view_stockmaterial"}}, {"model": "auth.permission", "pk": 33, "fields": {"name": "Can add employee", "content_type": 9, "codename": "add_employee"}}, {"model": "auth.permission", "pk": 34, "fields": {"name": "Can change employee", "content_type": 9, "codename": "change_employee"}}, {"model": "auth.permission", "pk": 35, "fields": {"name": "Can delete employee", "content_type": 9, "codename": "delete_employee"}}, {"model": "auth.permission", "pk": 36, "fields": {"name": "Can view employee", "content_type": 9, "codename": "view_employee"}}, {"model": "auth.permission", "pk": 37, "fields": {"name": "Can add procedure", "content_type": 10, "codename": "add_procedure"}}, {"model": "auth.permission", "pk": 38, "fields": {"name": "Can change procedure", "content_type": 10, "codename": "change_procedure"}}, {"model": "auth.permission", "pk": 39, "fields": {"name": "Can delete procedure", "content_type": 10, "codename": "delete_procedure"}}, {"model": "auth.permission", "pk": 40, "fields": {"name": "Can view procedure", "content_type": 10, "codename": "view_procedure"}}, {"model": "auth.permission", "pk": 41, "fields": {"name": "Can add procedure category", "content_type": 11, "codename": "add_category"}}, {"model": "auth.permission", "pk": 42, "fields": {"name": "Can change procedure category", "content_type": 11, "codename": "change_category"}}, {"model": "auth.permission", "pk": 43, "fields": {"name": "Can delete procedure category", "content_type": 11, "codename": "delete_category"}}, {"model": "auth.permission", "pk": 44, "fields": {"name": "Can view procedure category", "content_type": 11, "codename": "view_category"}}, {"model": "auth.permission", "pk": 45, "fields": {"name": "Can add procedure master", "content_type": 12, "codename": "add_masterprocedure"}}, {"model": "auth.permission", "pk": 46, "fields": {"name": "Can change procedure master", "content_type": 12, "codename": "change_masterprocedure"}}, {"model": "auth.permission", "pk": 47, "fields": {"name": "Can delete procedure master", "content_type": 12, "codename": "delete_masterprocedure"}}, {"model": "auth.permission", "pk": 48, "fields": {"name": "Can view procedure master", "content_type": 12, "codename": "view_masterprocedure"}}, {"model": "auth.permission", "pk": 49, "fields": {"name": "Can add product material", "content_type": 13, "codename": "add_productmaterial"}}, {"model": "auth.permission", "pk": 50, "fields": {"name": "Can change product material", "content_type": 13, "codename": "change_productmaterial"}}, {"model": "auth.permission", "pk": 51, "fields": {"name": "Can delete product material", "content_type": 13, "codename": "delete_productmaterial"}}, {"model": "auth.permission", "pk": 52, "fields": {"name": "Can view product material", "content_type": 13, "codename": "view_productmaterial"}}, {"model": "auth.permission", "pk": 53, "fields": {"name": "Can add purchase", "content_type": 14, "codename": "add_purchase"}}, {"model": "auth.permission", "pk": 54, "fields": {"name": "Can change purchase", "content_type": 14, "codename": "change_purchase"}}, {"model": "auth.permission", "pk": 55, "fields": {"name": "Can delete purchase", "content_type": 14, "codename": "delete_purchase"}}, {"model": "auth.permission", "pk": 56, "fields": {"name": "Can view purchase", "content_type": 14, "codename": "view_purchase"}}, {"model": "auth.permission", "pk": 57, "fields": {"name": "Can add purchase of procedure", "content_type": 15, "codename": "add_purchaseprocedure"}}, {"model": "auth.permission", "pk": 58, "fields": {"name": "Can change purchase of procedure", "content_type": 15, "codename": "change_purchaseprocedure"}}, {"model": "auth.permission", "pk": 59, "fields": {"name": "Can delete purchase of procedure", "content_type": 15, "codename": "delete_purchaseprocedure"}}, {"model": "auth.permission", "pk": 60, "fields": {"name": "Can view purchase of procedure", "content_type": 15, "codename": "view_purchaseprocedure"}}, {"model": "auth.permission", "pk": 61, "fields": {"name": "Can add used material", "content_type": 16, "codename": "add_usedmaterial"}}, {"model": "auth.permission", "pk": 62, "fields": {"name": "Can change used material", "content_type": 16, "codename": "change_usedmaterial"}}, {"model": "auth.permission", "pk": 63, "fields": {"name": "Can delete used material", "content_type": 16, "codename": "delete_usedmaterial"}}, {"model": "auth.permission", "pk": 64, "fields": {"name": "Can view used material", "content_type": 16, "codename": "view_usedmaterial"}}, {"model": "auth.permission", "pk": 65, "fields": {"name": "Can add log entry", "content_type": 17, "codename": "add_logentry"}}, {"model": "auth.permission", "pk": 66, "fields": {"name": "Can change log entry", "content_type": 17, "codename": "change_logentry"}}, {"model": "auth.permission", "pk": 67, "fields": {"name": "Can delete log entry", "content_type": 17, "codename": "delete_logentry"}}, {"model": "auth.permission", "pk": 68, "fields": {"name": "Can view log entry", "content_type": 17, "codename": "view_logentry"}}, {"model": "auth.permission", "pk": 69, "fields": {"name": "Can add permission", "content_type": 18, "codename": "add_permission"}}, {"model": "auth.permission", "pk": 70, "fields": {"name": "Can change permission", "content_type": 18, "codename": "change_permission"}}, {"model": "auth.permission", "pk": 71, "fields": {"name": "Can delete permission", "content_type": 18, "codename": "delete_permission"}}, {"model": "auth.permission", "pk": 72, "fields": {"name": "Can view permission", "content_type": 18, "codename": "view_permission"}}, {"model": "auth.permission", "pk": 73, "fields": {"name": "Can add group", "content_type": 19, "codename": "add_group"}}, {"model": "auth.permission", "pk": 74, "fields": {"name": "Can change group", "content_type": 19, "codename": "change_group"}}, {"model": "auth.permission", "pk": 75, "fields": {"name": "Can delete group", "content_type": 19, "codename": "delete_group"}}, {"model": "auth.permission", "pk": 76, "fields": {"name": "Can view group", "content_type": 19, "codename": "view_group"}}, {"model": "auth.permission", "pk": 77, "fields": {"name": "Can add content type", "content_type": 20, "codename": "add_contenttype"}}, {"model": "auth.permission", "pk": 78, "fields": {"name": "Can change content type", "content_type": 20, "codename": "change_contenttype"}}, {"model": "auth.permission", "pk": 79, "fields": {"name": "Can delete content type", "content_type": 20, "codename": "delete_contenttype"}}, {"model": "auth.permission", "pk": 80, "fields": {"name": "Can view content type", "content_type": 20, "codename": "view_contenttype"}}, {"model": "auth.permission", "pk": 81, "fields": {"name": "Can add session", "content_type": 21, "codename": "add_session"}}, {"model": "auth.permission", "pk": 82, "fields": {"name": "Can change session", "content_type": 21, "codename": "change_session"}}, {"model": "auth.permission", "pk": 83, "fields": {"name": "Can delete session", "content_type": 21, "codename": "delete_session"}}, {"model": "auth.permission", "pk": 84, "fields": {"name": "Can view session", "content_type": 21, "codename": "view_session"}}, {"model": "auth.permission", "pk": 85, "fields": {"name": "Can add Token", "content_type": 22, "codename": "add_token"}}, {"model": "auth.permission", "pk": 86, "fields": {"name": "Can change Token", "content_type": 22, "codename": "change_token"}}, {"model": "auth.permission", "pk": 87, "fields": {"name": "Can delete Token", "content_type": 22, "codename": "delete_token"}}, {"model": "auth.permission", "pk": 88, "fields": {"name": "Can view Token", "content_type": 22, "codename": "view_token"}}, {"model": "auth.permission", "pk": 89, "fields": {"name": "Can add token", "content_type": 23, "codename": "add_tokenproxy"}}, {"model": "auth.permission", "pk": 90, "fields": {"name": "Can change token", "content_type": 23, "codename": "change_tokenproxy"}}, {"model": "auth.permission", "pk": 91, "fields": {"name": "Can delete token", "content_type": 23, "codename": "delete_tokenproxy"}}, {"model": "auth.permission", "pk": 92, "fields": {"name": "Can view token", "content_type": 23, "codename": "view_tokenproxy"}}, {"model": "auth.permission", "pk": 93, "fields": {"name": "Can add blacklisted token", "content_type": 24, "codename": "add_blacklistedtoken"}}, {"model": "auth.permission", "pk": 94, "fields": {"name": "Can change blacklisted token", "content_type": 24, "codename": "change_blacklistedtoken"}}, {"model": "auth.permission", "pk": 95, "fields": {"name": "Can delete blacklisted token", "content_type": 24, "codename": "delete_blacklistedtoken"}}, {"model": "auth.permission", "pk": 96, "fields": {"name": "Can view blacklisted token", "content_type": 24, "codename": "view_blacklistedtoken"}}, {"model": "auth.permission", "pk": 97, "fields": {"name": "Can add access attempt", "content_type": 25, "codename": "add_accessattempt"}}, {"model": "auth.permission", "pk": 98, "fields": {"name": "Can change access attempt", "content_type": 25, "codename": "change_accessattempt"}}, {"model": "auth.permission", "pk": 99, "fields": {"name": "Can delete access attempt", "content_type": 25, "codename": "delete_accessattempt"}}, {"model": "auth.permission", "pk": 100, "fields": {"name": "Can view access attempt", "content_type": 25, "codename": "view_accessattempt"}}, {"model": "auth.permission", "pk": 101, "fields": {"name": "Can add access log", "content_type": 26, "codename": "add_accesslog"}}, {"model": "auth.permission", "pk": 102, "fields": {"name": "Can change access log", "content_type": 26, "codename": "change_accesslog"}}, {"model": "auth.permission", "pk": 103, "fields": {"name": "Can delete access log", "content_type": 26, "codename": "delete_accesslog"}}, {"model": "auth.permission", "pk": 104, "fields": {"name": "Can view access log", "content_type": 26, "codename": "view_accesslog"}}, {"model": "auth.permission", "pk": 105, "fields": {"name": "Can add access failure", "content_type": 27, "codename": "add_accessfailurelog"}}, {"model": "auth.permission", "pk": 106, "fields": {"name": "Can change access failure", "content_type": 27, "codename": "change_accessfailurelog"}}, {"model": "auth.permission", "pk": 107, "fields": {"name": "Can delete access failure", "content_type": 27, "codename": "delete_accessfailurelog"}}, {"model": "auth.permission", "pk": 108, "fields": {"name": "Can view access failure", "content_type": 27, "codename": "view_accessfailurelog"}}, {"model": "contenttypes.contenttype", "pk": 1, "fields": {"app_label": "users", "model": "user"}}, {"model": "contenttypes.contenttype", "pk": 2, "fields": {"app_label": "companies", "model": "company"}}, {"model": "contenttypes.contenttype", "pk": 3, "fields": {"app_label": "companies", "model": "department"}}, {"model": "contenttypes.contenttype", "pk": 4, "fields": {"app_label": "companies", "model": "material"}}, {"model": "contenttypes.contenttype", "pk": 5, "fields": {"app_label": "companies", "model": "materialtype"}}, {"model": "contenttypes.contenttype", "pk": 6, "fields": {"app_label": "companies", "model": "point"}}, {"model": "contenttypes.contenttype", "pk": 7, "fields": {"app_label": "companies", "model": "stock"}}, {"model": "contenttypes.contenttype", "pk": 8, "fields": {"app_label": "companies", "model": "stockmaterial"}}, {"model": "contenttypes.contenttype", "pk": 9, "fields": {"app_label": "companies", "model": "employee"}}, {"model": "contenttypes.contenttype", "pk": 10, "fields": {"app_label": "companies", "model": "procedure"}}, {"model": "contenttypes.contenttype", "pk": 11, "fields": {"app_label": "companies", "model": "category"}}, {"model": "contenttypes.contenttype", "pk": 12, "fields": {"app_label": "companies", "model": "masterprocedure"}}, {"model": "contenttypes.contenttype", "pk": 13, "fields": {"app_label": "purchases", "model": "productmaterial"}}, {"model": "contenttypes.contenttype", "pk": 14, "fields": {"app_label": "purchases", "model": "purchase"}}, {"model": "contenttypes.contenttype", "pk": 15, "fields": {"app_label": "purchases", "model": "purchaseprocedure"}}, {"model": "contenttypes.contenttype", "pk": 16, "fields": {"app_label": "purchases", "model": "usedmaterial"}}, {"model": "contenttypes.contenttype", "pk": 17, "fields": {"app_label": "admin", "model": "logentry"}}, {"model": "contenttypes.contenttype", "pk": 18, "fields": {"app_label": "auth", "model": "permission"}}, {"model": "contenttypes.contenttype", "pk": 19, "fields": {"app_label": "auth", "model": "group"}}, {"model": "contenttypes.contenttype", "pk": 20, "fields": {"app_label": "contenttypes", "model": "contenttype"}}, {"model": "contenttypes.contenttype", "pk": 21, "fields": {"app_label": "sessions", "model": "session"}}, {"model": "contenttypes.contenttype", "pk": 22, "fields": {"app_label": "authtoken", "model": "token"}}, {"model": "contenttypes.contenttype", "pk": 23, "fields": {"app_label": "authtoken", "model": "tokenproxy"}}, {"model": "contenttypes.contenttype", "pk": 24, "fields": {"app_label": "blacklist", "model": "blacklistedtoken"}}, {"model": "contenttypes.contenttype", "pk": 25, "fields": {"app_label": "axes", "model": "accessattempt"}}, {"model": "contenttypes.contenttype", "pk": 26, "fields": {"app_label": "axes", "model": "accesslog"}}, {"model": "contenttypes.contenttype", "pk": 27, "fields": {"app_label": "axes", "model": "accessfailurelog"}}]