[
{
  "model": "companies.company",
  "pk": 1,
  "fields": {
    "created": "2024-03-13T12:29:22.849Z",
    "modified": "2024-03-13T12:29:22.849Z",
    "owner": 1,
    "name": "Alexis Chase"
  }
},
{
  "model": "companies.company",
  "pk": 2,
  "fields": {
    "created": "2024-03-13T12:29:22.857Z",
    "modified": "2024-03-13T12:29:22.857Z",
    "owner": 2,
    "name": "Bonnie Middleton"
  }
},
{
  "model": "companies.company",
  "pk": 3,
  "fields": {
    "created": "2024-03-13T12:29:22.863Z",
    "modified": "2024-03-13T12:29:22.863Z",
    "owner": 3,
    "name": "Ms. Alexandria English DVM"
  }
},
{
  "model": "companies.company",
  "pk": 4,
  "fields": {
    "created": "2024-03-13T12:29:22.869Z",
    "modified": "2024-03-13T12:29:22.869Z",
    "owner": 4,
    "name": "Dr. Brent Gallegos"
  }
},
{
  "model": "companies.company",
  "pk": 5,
  "fields": {
    "created": "2024-03-13T12:29:22.875Z",
    "modified": "2024-03-13T12:29:22.875Z",
    "owner": 5,
    "name": "Dr. Erin Romero PhD"
  }
},
{
  "model": "companies.department",
  "pk": 1,
  "fields": {
    "point": 3,
    "name": "production"
  }
},
{
  "model": "companies.department",
  "pk": 2,
  "fields": {
    "point": 8,
    "name": "mt"
  }
},
{
  "model": "companies.department",
  "pk": 3,
  "fields": {
    "point": 7,
    "name": "big"
  }
},
{
  "model": "companies.department",
  "pk": 4,
  "fields": {
    "point": 9,
    "name": "third"
  }
},
{
  "model": "companies.department",
  "pk": 5,
  "fields": {
    "point": 10,
    "name": "healing"
  }
},
{
  "model": "companies.department",
  "pk": 6,
  "fields": {
    "point": 9,
    "name": "totals"
  }
},
{
  "model": "companies.department",
  "pk": 7,
  "fields": {
    "point": 6,
    "name": "bondage"
  }
},
{
  "model": "companies.department",
  "pk": 8,
  "fields": {
    "point": 9,
    "name": "historical"
  }
},
{
  "model": "companies.department",
  "pk": 9,
  "fields": {
    "point": 9,
    "name": "somebody"
  }
},
{
  "model": "companies.department",
  "pk": 10,
  "fields": {
    "point": 3,
    "name": "standard"
  }
},
{
  "model": "companies.department",
  "pk": 11,
  "fields": {
    "point": 6,
    "name": "lots"
  }
},
{
  "model": "companies.department",
  "pk": 12,
  "fields": {
    "point": 10,
    "name": "nikon"
  }
},
{
  "model": "companies.department",
  "pk": 13,
  "fields": {
    "point": 2,
    "name": "sony"
  }
},
{
  "model": "companies.department",
  "pk": 14,
  "fields": {
    "point": 2,
    "name": "humor"
  }
},
{
  "model": "companies.department",
  "pk": 15,
  "fields": {
    "point": 5,
    "name": "original"
  }
},
{
  "model": "companies.department",
  "pk": 16,
  "fields": {
    "point": 4,
    "name": "ridge"
  }
},
{
  "model": "companies.department",
  "pk": 17,
  "fields": {
    "point": 6,
    "name": "protect"
  }
},
{
  "model": "companies.department",
  "pk": 18,
  "fields": {
    "point": 3,
    "name": "food"
  }
},
{
  "model": "companies.department",
  "pk": 19,
  "fields": {
    "point": 1,
    "name": "story"
  }
},
{
  "model": "companies.department",
  "pk": 20,
  "fields": {
    "point": 6,
    "name": "those"
  }
},
{
  "model": "companies.department",
  "pk": 21,
  "fields": {
    "point": 5,
    "name": "camps"
  }
},
{
  "model": "companies.department",
  "pk": 22,
  "fields": {
    "point": 10,
    "name": "systems"
  }
},
{
  "model": "companies.department",
  "pk": 23,
  "fields": {
    "point": 4,
    "name": "pee"
  }
},
{
  "model": "companies.department",
  "pk": 24,
  "fields": {
    "point": 2,
    "name": "ass"
  }
},
{
  "model": "companies.department",
  "pk": 25,
  "fields": {
    "point": 9,
    "name": "still"
  }
},
{
  "model": "companies.department",
  "pk": 26,
  "fields": {
    "point": 2,
    "name": "got"
  }
},
{
  "model": "companies.department",
  "pk": 27,
  "fields": {
    "point": 4,
    "name": "leads"
  }
},
{
  "model": "companies.department",
  "pk": 28,
  "fields": {
    "point": 10,
    "name": "practices"
  }
},
{
  "model": "companies.department",
  "pk": 29,
  "fields": {
    "point": 5,
    "name": "carrier"
  }
},
{
  "model": "companies.department",
  "pk": 30,
  "fields": {
    "point": 10,
    "name": "packaging"
  }
},
{
  "model": "companies.category",
  "pk": 1,
  "fields": {
    "name": "Miss Katelyn Dominguez DDS"
  }
},
{
  "model": "companies.category",
  "pk": 2,
  "fields": {
    "name": "Jill Dillon"
  }
},
{
  "model": "companies.category",
  "pk": 3,
  "fields": {
    "name": "Dr. Sharon Patrick"
  }
},
{
  "model": "companies.category",
  "pk": 4,
  "fields": {
    "name": "Dr. Misty Bean DVM"
  }
},
{
  "model": "companies.category",
  "pk": 5,
  "fields": {
    "name": "Peggy Watson MD"
  }
},
{
  "model": "companies.category",
  "pk": 6,
  "fields": {
    "name": "Dr. Billy Finley DDS"
  }
},
{
  "model": "companies.category",
  "pk": 7,
  "fields": {
    "name": "Dr. Alejandro Mcfarland DVM"
  }
},
{
  "model": "companies.category",
  "pk": 8,
  "fields": {
    "name": "Christina Weeks"
  }
},
{
  "model": "companies.category",
  "pk": 9,
  "fields": {
    "name": "Meagan Benson"
  }
},
{
  "model": "companies.category",
  "pk": 10,
  "fields": {
    "name": "Dr. Alisha Bruce DDS"
  }
},
{
  "model": "companies.category",
  "pk": 11,
  "fields": {
    "name": "Mr. Logan Parrish MD"
  }
},
{
  "model": "companies.category",
  "pk": 12,
  "fields": {
    "name": "Crystal Travis"
  }
},
{
  "model": "companies.category",
  "pk": 13,
  "fields": {
    "name": "Dr. Charles Palmer"
  }
},
{
  "model": "companies.category",
  "pk": 14,
  "fields": {
    "name": "Steve Sexton"
  }
},
{
  "model": "companies.category",
  "pk": 15,
  "fields": {
    "name": "Mandy Chung"
  }
},
{
  "model": "companies.category",
  "pk": 16,
  "fields": {
    "name": "Mallory Conway MD"
  }
},
{
  "model": "companies.category",
  "pk": 17,
  "fields": {
    "name": "Madeline Boone"
  }
},
{
  "model": "companies.category",
  "pk": 18,
  "fields": {
    "name": "Rodney Petty"
  }
},
{
  "model": "companies.category",
  "pk": 19,
  "fields": {
    "name": "Dr. Ruth Fuentes"
  }
},
{
  "model": "companies.category",
  "pk": 20,
  "fields": {
    "name": "Mitchell Greer DDS"
  }
},
{
  "model": "companies.procedure",
  "pk": 1,
  "fields": {
    "name": "lucky",
    "category": 15,
    "department": 21
  }
},
{
  "model": "companies.procedure",
  "pk": 2,
  "fields": {
    "name": "were",
    "category": 15,
    "department": 16
  }
},
{
  "model": "companies.procedure",
  "pk": 3,
  "fields": {
    "name": "selection",
    "category": 3,
    "department": 24
  }
},
{
  "model": "companies.procedure",
  "pk": 4,
  "fields": {
    "name": "tops",
    "category": 5,
    "department": 30
  }
},
{
  "model": "companies.procedure",
  "pk": 5,
  "fields": {
    "name": "kansas",
    "category": 5,
    "department": 13
  }
},
{
  "model": "companies.procedure",
  "pk": 6,
  "fields": {
    "name": "remain",
    "category": 14,
    "department": 1
  }
},
{
  "model": "companies.procedure",
  "pk": 7,
  "fields": {
    "name": "printing",
    "category": 11,
    "department": 9
  }
},
{
  "model": "companies.procedure",
  "pk": 8,
  "fields": {
    "name": "slave",
    "category": 9,
    "department": 18
  }
},
{
  "model": "companies.procedure",
  "pk": 9,
  "fields": {
    "name": "paragraph",
    "category": 5,
    "department": 7
  }
},
{
  "model": "companies.procedure",
  "pk": 10,
  "fields": {
    "name": "sponsored",
    "category": 10,
    "department": 26
  }
},
{
  "model": "companies.procedure",
  "pk": 11,
  "fields": {
    "name": "terrorist",
    "category": 8,
    "department": 4
  }
},
{
  "model": "companies.procedure",
  "pk": 12,
  "fields": {
    "name": "cooling",
    "category": 6,
    "department": 30
  }
},
{
  "model": "companies.procedure",
  "pk": 13,
  "fields": {
    "name": "jefferson",
    "category": 15,
    "department": 23
  }
},
{
  "model": "companies.procedure",
  "pk": 14,
  "fields": {
    "name": "api",
    "category": 11,
    "department": 28
  }
},
{
  "model": "companies.procedure",
  "pk": 15,
  "fields": {
    "name": "bring",
    "category": 19,
    "department": 18
  }
},
{
  "model": "companies.procedure",
  "pk": 16,
  "fields": {
    "name": "pop",
    "category": 16,
    "department": 10
  }
},
{
  "model": "companies.procedure",
  "pk": 17,
  "fields": {
    "name": "recovery",
    "category": 2,
    "department": 10
  }
},
{
  "model": "companies.procedure",
  "pk": 18,
  "fields": {
    "name": "entries",
    "category": 1,
    "department": 6
  }
},
{
  "model": "companies.procedure",
  "pk": 19,
  "fields": {
    "name": "tin",
    "category": 1,
    "department": 19
  }
},
{
  "model": "companies.procedure",
  "pk": 20,
  "fields": {
    "name": "premier",
    "category": 12,
    "department": 19
  }
},
{
  "model": "companies.procedure",
  "pk": 21,
  "fields": {
    "name": "untitled",
    "category": 1,
    "department": 20
  }
},
{
  "model": "companies.procedure",
  "pk": 22,
  "fields": {
    "name": "quarter",
    "category": 19,
    "department": 18
  }
},
{
  "model": "companies.procedure",
  "pk": 23,
  "fields": {
    "name": "tabs",
    "category": 16,
    "department": 14
  }
},
{
  "model": "companies.procedure",
  "pk": 24,
  "fields": {
    "name": "movies",
    "category": 19,
    "department": 7
  }
},
{
  "model": "companies.procedure",
  "pk": 25,
  "fields": {
    "name": "extension",
    "category": 2,
    "department": 5
  }
},
{
  "model": "companies.procedure",
  "pk": 26,
  "fields": {
    "name": "representatives",
    "category": 1,
    "department": 28
  }
},
{
  "model": "companies.procedure",
  "pk": 27,
  "fields": {
    "name": "toward",
    "category": 5,
    "department": 26
  }
},
{
  "model": "companies.procedure",
  "pk": 28,
  "fields": {
    "name": "chinese",
    "category": 13,
    "department": 13
  }
},
{
  "model": "companies.procedure",
  "pk": 29,
  "fields": {
    "name": "transition",
    "category": 10,
    "department": 16
  }
},
{
  "model": "companies.procedure",
  "pk": 30,
  "fields": {
    "name": "titans",
    "category": 8,
    "department": 25
  }
},
{
  "model": "companies.procedure",
  "pk": 31,
  "fields": {
    "name": "power",
    "category": 7,
    "department": 5
  }
},
{
  "model": "companies.procedure",
  "pk": 32,
  "fields": {
    "name": "toyota",
    "category": 8,
    "department": 5
  }
},
{
  "model": "companies.procedure",
  "pk": 33,
  "fields": {
    "name": "bin",
    "category": 5,
    "department": 19
  }
},
{
  "model": "companies.procedure",
  "pk": 34,
  "fields": {
    "name": "rio",
    "category": 5,
    "department": 17
  }
},
{
  "model": "companies.procedure",
  "pk": 35,
  "fields": {
    "name": "puzzle",
    "category": 7,
    "department": 3
  }
},
{
  "model": "companies.procedure",
  "pk": 36,
  "fields": {
    "name": "rr",
    "category": 18,
    "department": 16
  }
},
{
  "model": "companies.procedure",
  "pk": 37,
  "fields": {
    "name": "advertising",
    "category": 3,
    "department": 8
  }
},
{
  "model": "companies.procedure",
  "pk": 38,
  "fields": {
    "name": "playing",
    "category": 17,
    "department": 16
  }
},
{
  "model": "companies.procedure",
  "pk": 39,
  "fields": {
    "name": "occupation",
    "category": 6,
    "department": 22
  }
},
{
  "model": "companies.procedure",
  "pk": 40,
  "fields": {
    "name": "filters",
    "category": 14,
    "department": 13
  }
},
{
  "model": "companies.procedure",
  "pk": 41,
  "fields": {
    "name": "your",
    "category": 6,
    "department": 20
  }
},
{
  "model": "companies.procedure",
  "pk": 42,
  "fields": {
    "name": "establishing",
    "category": 11,
    "department": 9
  }
},
{
  "model": "companies.procedure",
  "pk": 43,
  "fields": {
    "name": "cities",
    "category": 7,
    "department": 7
  }
},
{
  "model": "companies.procedure",
  "pk": 44,
  "fields": {
    "name": "appliances",
    "category": 20,
    "department": 29
  }
},
{
  "model": "companies.procedure",
  "pk": 45,
  "fields": {
    "name": "first",
    "category": 6,
    "department": 13
  }
},
{
  "model": "companies.procedure",
  "pk": 46,
  "fields": {
    "name": "citysearch",
    "category": 3,
    "department": 13
  }
},
{
  "model": "companies.procedure",
  "pk": 47,
  "fields": {
    "name": "symptoms",
    "category": 11,
    "department": 16
  }
},
{
  "model": "companies.procedure",
  "pk": 48,
  "fields": {
    "name": "radio",
    "category": 8,
    "department": 28
  }
},
{
  "model": "companies.procedure",
  "pk": 49,
  "fields": {
    "name": "sing",
    "category": 4,
    "department": 22
  }
},
{
  "model": "companies.procedure",
  "pk": 50,
  "fields": {
    "name": "happened",
    "category": 3,
    "department": 26
  }
},
{
  "model": "companies.employee",
  "pk": 1,
  "fields": {
    "created": "2024-03-13T12:29:23.195Z",
    "modified": "2024-03-13T12:29:23.195Z",
    "user": 6,
    "position": "attached",
    "fire_date": null,
    "departments": [
      2,
      28,
      17
    ]
  }
},
{
  "model": "companies.employee",
  "pk": 2,
  "fields": {
    "created": "2024-03-13T12:29:23.204Z",
    "modified": "2024-03-13T12:29:23.204Z",
    "user": 7,
    "position": "provided",
    "fire_date": null,
    "departments": [
      18
    ]
  }
},
{
  "model": "companies.employee",
  "pk": 3,
  "fields": {
    "created": "2024-03-13T12:29:23.214Z",
    "modified": "2024-03-13T12:29:23.214Z",
    "user": 8,
    "position": "from",
    "fire_date": null,
    "departments": [
      5,
      2,
      15
    ]
  }
},
{
  "model": "companies.employee",
  "pk": 4,
  "fields": {
    "created": "2024-03-13T12:29:23.223Z",
    "modified": "2024-03-13T12:29:23.223Z",
    "user": 9,
    "position": "barbara",
    "fire_date": null,
    "departments": [
      29,
      14
    ]
  }
},
{
  "model": "companies.employee",
  "pk": 5,
  "fields": {
    "created": "2024-03-13T12:29:23.232Z",
    "modified": "2024-03-13T12:29:23.232Z",
    "user": 10,
    "position": "lab",
    "fire_date": null,
    "departments": [
      21,
      15
    ]
  }
},
{
  "model": "companies.employee",
  "pk": 6,
  "fields": {
    "created": "2024-03-13T12:29:23.241Z",
    "modified": "2024-03-13T12:29:23.241Z",
    "user": 11,
    "position": "spent",
    "fire_date": null,
    "departments": [
      5,
      14
    ]
  }
},
{
  "model": "companies.employee",
  "pk": 7,
  "fields": {
    "created": "2024-03-13T12:29:23.250Z",
    "modified": "2024-03-13T12:29:23.250Z",
    "user": 12,
    "position": "contests",
    "fire_date": null,
    "departments": [
      5,
      15,
      10
    ]
  }
},
{
  "model": "companies.employee",
  "pk": 8,
  "fields": {
    "created": "2024-03-13T12:29:23.260Z",
    "modified": "2024-03-13T12:29:23.260Z",
    "user": 13,
    "position": "rice",
    "fire_date": null,
    "departments": [
      24,
      17,
      16
    ]
  }
},
{
  "model": "companies.employee",
  "pk": 9,
  "fields": {
    "created": "2024-03-13T12:29:23.269Z",
    "modified": "2024-03-13T12:29:23.269Z",
    "user": 14,
    "position": "trying",
    "fire_date": null,
    "departments": [
      5,
      30,
      22
    ]
  }
},
{
  "model": "companies.employee",
  "pk": 10,
  "fields": {
    "created": "2024-03-13T12:29:23.279Z",
    "modified": "2024-03-13T12:29:23.279Z",
    "user": 15,
    "position": "pre",
    "fire_date": null,
    "departments": [
      2,
      1
    ]
  }
},
{
  "model": "companies.employee",
  "pk": 11,
  "fields": {
    "created": "2024-03-13T12:29:23.290Z",
    "modified": "2024-03-13T12:29:23.290Z",
    "user": 16,
    "position": "black",
    "fire_date": null,
    "departments": [
      14,
      11,
      15,
      28
    ]
  }
},
{
  "model": "companies.employee",
  "pk": 12,
  "fields": {
    "created": "2024-03-13T12:29:23.299Z",
    "modified": "2024-03-13T12:29:23.299Z",
    "user": 17,
    "position": "mystery",
    "fire_date": null,
    "departments": [
      14,
      2
    ]
  }
},
{
  "model": "companies.employee",
  "pk": 13,
  "fields": {
    "created": "2024-03-13T12:29:23.308Z",
    "modified": "2024-03-13T12:29:23.308Z",
    "user": 18,
    "position": "recordings",
    "fire_date": null,
    "departments": [
      24,
      3,
      8
    ]
  }
},
{
  "model": "companies.employee",
  "pk": 14,
  "fields": {
    "created": "2024-03-13T12:29:23.318Z",
    "modified": "2024-03-13T12:29:23.318Z",
    "user": 19,
    "position": "associations",
    "fire_date": null,
    "departments": [
      29,
      27,
      23,
      19
    ]
  }
},
{
  "model": "companies.employee",
  "pk": 15,
  "fields": {
    "created": "2024-03-13T12:29:23.327Z",
    "modified": "2024-03-13T12:29:23.327Z",
    "user": 20,
    "position": "glasses",
    "fire_date": null,
    "departments": [
      3,
      16
    ]
  }
},
{
  "model": "companies.employee",
  "pk": 16,
  "fields": {
    "created": "2024-03-13T12:29:23.335Z",
    "modified": "2024-03-13T12:29:23.335Z",
    "user": 21,
    "position": "family",
    "fire_date": null,
    "departments": [
      11,
      16,
      25
    ]
  }
},
{
  "model": "companies.employee",
  "pk": 17,
  "fields": {
    "created": "2024-03-13T12:29:23.344Z",
    "modified": "2024-03-13T12:29:23.344Z",
    "user": 22,
    "position": "ten",
    "fire_date": null,
    "departments": [
      8,
      1
    ]
  }
},
{
  "model": "companies.employee",
  "pk": 18,
  "fields": {
    "created": "2024-03-13T12:29:23.354Z",
    "modified": "2024-03-13T12:29:23.354Z",
    "user": 23,
    "position": "federal",
    "fire_date": null,
    "departments": [
      22
    ]
  }
},
{
  "model": "companies.employee",
  "pk": 19,
  "fields": {
    "created": "2024-03-13T12:29:23.363Z",
    "modified": "2024-03-13T12:29:23.363Z",
    "user": 24,
    "position": "leaving",
    "fire_date": null,
    "departments": [
      18,
      15
    ]
  }
},
{
  "model": "companies.employee",
  "pk": 20,
  "fields": {
    "created": "2024-03-13T12:29:23.372Z",
    "modified": "2024-03-13T12:29:23.372Z",
    "user": 25,
    "position": "toshiba",
    "fire_date": null,
    "departments": [
      29,
      5,
      13
    ]
  }
},
{
  "model": "companies.employee",
  "pk": 21,
  "fields": {
    "created": "2024-03-13T12:29:23.381Z",
    "modified": "2024-03-13T12:29:23.381Z",
    "user": 26,
    "position": "keyboard",
    "fire_date": null,
    "departments": [
      10,
      22
    ]
  }
},
{
  "model": "companies.employee",
  "pk": 22,
  "fields": {
    "created": "2024-03-13T12:29:23.390Z",
    "modified": "2024-03-13T12:29:23.390Z",
    "user": 27,
    "position": "background",
    "fire_date": null,
    "departments": [
      5,
      9,
      19
    ]
  }
},
{
  "model": "companies.employee",
  "pk": 23,
  "fields": {
    "created": "2024-03-13T12:29:23.399Z",
    "modified": "2024-03-13T12:29:23.399Z",
    "user": 28,
    "position": "centres",
    "fire_date": null,
    "departments": [
      3,
      2,
      1,
      6
    ]
  }
},
{
  "model": "companies.employee",
  "pk": 24,
  "fields": {
    "created": "2024-03-13T12:29:23.408Z",
    "modified": "2024-03-13T12:29:23.408Z",
    "user": 29,
    "position": "kb",
    "fire_date": null,
    "departments": [
      3,
      9
    ]
  }
},
{
  "model": "companies.employee",
  "pk": 25,
  "fields": {
    "created": "2024-03-13T12:29:23.417Z",
    "modified": "2024-03-13T12:29:23.417Z",
    "user": 30,
    "position": "transport",
    "fire_date": null,
    "departments": [
      24
    ]
  }
},
{
  "model": "companies.employee",
  "pk": 26,
  "fields": {
    "created": "2024-03-13T12:29:23.427Z",
    "modified": "2024-03-13T12:29:23.427Z",
    "user": 31,
    "position": "acid",
    "fire_date": null,
    "departments": [
      22
    ]
  }
},
{
  "model": "companies.employee",
  "pk": 27,
  "fields": {
    "created": "2024-03-13T12:29:23.437Z",
    "modified": "2024-03-13T12:29:23.437Z",
    "user": 32,
    "position": "style",
    "fire_date": null,
    "departments": [
      29,
      18,
      15,
      4
    ]
  }
},
{
  "model": "companies.employee",
  "pk": 28,
  "fields": {
    "created": "2024-03-13T12:29:23.447Z",
    "modified": "2024-03-13T12:29:23.447Z",
    "user": 33,
    "position": "dream",
    "fire_date": null,
    "departments": [
      13
    ]
  }
},
{
  "model": "companies.employee",
  "pk": 29,
  "fields": {
    "created": "2024-03-13T12:29:23.456Z",
    "modified": "2024-03-13T12:29:23.456Z",
    "user": 34,
    "position": "enable",
    "fire_date": null,
    "departments": [
      7,
      26,
      15
    ]
  }
},
{
  "model": "companies.employee",
  "pk": 30,
  "fields": {
    "created": "2024-03-13T12:29:23.466Z",
    "modified": "2024-03-13T12:29:23.466Z",
    "user": 35,
    "position": "bargain",
    "fire_date": null,
    "departments": [
      13
    ]
  }
},
{
  "model": "companies.employee",
  "pk": 31,
  "fields": {
    "created": "2024-03-13T12:29:23.475Z",
    "modified": "2024-03-13T12:29:23.475Z",
    "user": 36,
    "position": "ibm",
    "fire_date": null,
    "departments": [
      15,
      13
    ]
  }
},
{
  "model": "companies.employee",
  "pk": 32,
  "fields": {
    "created": "2024-03-13T12:29:23.484Z",
    "modified": "2024-03-13T12:29:23.484Z",
    "user": 37,
    "position": "tennis",
    "fire_date": null,
    "departments": [
      26,
      17
    ]
  }
},
{
  "model": "companies.employee",
  "pk": 33,
  "fields": {
    "created": "2024-03-13T12:29:23.493Z",
    "modified": "2024-03-13T12:29:23.493Z",
    "user": 38,
    "position": "references",
    "fire_date": null,
    "departments": [
      29,
      25,
      22
    ]
  }
},
{
  "model": "companies.employee",
  "pk": 34,
  "fields": {
    "created": "2024-03-13T12:29:23.502Z",
    "modified": "2024-03-13T12:29:23.502Z",
    "user": 39,
    "position": "plc",
    "fire_date": null,
    "departments": [
      7,
      1,
      9,
      20
    ]
  }
},
{
  "model": "companies.employee",
  "pk": 35,
  "fields": {
    "created": "2024-03-13T12:29:23.511Z",
    "modified": "2024-03-13T12:29:23.511Z",
    "user": 40,
    "position": "participate",
    "fire_date": null,
    "departments": [
      21,
      25
    ]
  }
},
{
  "model": "companies.employee",
  "pk": 36,
  "fields": {
    "created": "2024-03-13T12:29:23.520Z",
    "modified": "2024-03-13T12:29:23.520Z",
    "user": 41,
    "position": "judge",
    "fire_date": null,
    "departments": [
      21,
      26,
      10
    ]
  }
},
{
  "model": "companies.employee",
  "pk": 37,
  "fields": {
    "created": "2024-03-13T12:29:23.529Z",
    "modified": "2024-03-13T12:29:23.529Z",
    "user": 42,
    "position": "links",
    "fire_date": null,
    "departments": [
      29,
      13
    ]
  }
},
{
  "model": "companies.employee",
  "pk": 38,
  "fields": {
    "created": "2024-03-13T12:29:23.538Z",
    "modified": "2024-03-13T12:29:23.538Z",
    "user": 43,
    "position": "die",
    "fire_date": null,
    "departments": [
      4
    ]
  }
},
{
  "model": "companies.employee",
  "pk": 39,
  "fields": {
    "created": "2024-03-13T12:29:23.547Z",
    "modified": "2024-03-13T12:29:23.547Z",
    "user": 44,
    "position": "item",
    "fire_date": null,
    "departments": [
      21,
      18,
      30,
      10
    ]
  }
},
{
  "model": "companies.employee",
  "pk": 40,
  "fields": {
    "created": "2024-03-13T12:29:23.556Z",
    "modified": "2024-03-13T12:29:23.556Z",
    "user": 45,
    "position": "day",
    "fire_date": null,
    "departments": [
      8,
      23,
      4
    ]
  }
},
{
  "model": "companies.employee",
  "pk": 41,
  "fields": {
    "created": "2024-03-13T12:29:23.565Z",
    "modified": "2024-03-13T12:29:23.565Z",
    "user": 46,
    "position": "hope",
    "fire_date": null,
    "departments": [
      1
    ]
  }
},
{
  "model": "companies.employee",
  "pk": 42,
  "fields": {
    "created": "2024-03-13T12:29:23.574Z",
    "modified": "2024-03-13T12:29:23.574Z",
    "user": 47,
    "position": "inches",
    "fire_date": null,
    "departments": [
      9
    ]
  }
},
{
  "model": "companies.employee",
  "pk": 43,
  "fields": {
    "created": "2024-03-13T12:29:23.585Z",
    "modified": "2024-03-13T12:29:23.585Z",
    "user": 48,
    "position": "rep",
    "fire_date": null,
    "departments": [
      3,
      21,
      14,
      2
    ]
  }
},
{
  "model": "companies.employee",
  "pk": 44,
  "fields": {
    "created": "2024-03-13T12:29:23.594Z",
    "modified": "2024-03-13T12:29:23.594Z",
    "user": 49,
    "position": "talking",
    "fire_date": null,
    "departments": [
      29
    ]
  }
},
{
  "model": "companies.employee",
  "pk": 45,
  "fields": {
    "created": "2024-03-13T12:29:23.603Z",
    "modified": "2024-03-13T12:29:23.603Z",
    "user": 50,
    "position": "implementing",
    "fire_date": null,
    "departments": [
      27,
      1,
      16,
      22
    ]
  }
},
{
  "model": "companies.employee",
  "pk": 46,
  "fields": {
    "created": "2024-03-13T12:29:23.612Z",
    "modified": "2024-03-13T12:29:23.612Z",
    "user": 51,
    "position": "licence",
    "fire_date": null,
    "departments": [
      21,
      23,
      25,
      20
    ]
  }
},
{
  "model": "companies.employee",
  "pk": 47,
  "fields": {
    "created": "2024-03-13T12:29:23.621Z",
    "modified": "2024-03-13T12:29:23.621Z",
    "user": 52,
    "position": "extras",
    "fire_date": null,
    "departments": [
      8
    ]
  }
},
{
  "model": "companies.employee",
  "pk": 48,
  "fields": {
    "created": "2024-03-13T12:29:23.630Z",
    "modified": "2024-03-13T12:29:23.630Z",
    "user": 53,
    "position": "weight",
    "fire_date": null,
    "departments": [
      11,
      1
    ]
  }
},
{
  "model": "companies.employee",
  "pk": 49,
  "fields": {
    "created": "2024-03-13T12:29:23.639Z",
    "modified": "2024-03-13T12:29:23.639Z",
    "user": 54,
    "position": "turns",
    "fire_date": null,
    "departments": [
      8,
      25,
      22
    ]
  }
},
{
  "model": "companies.employee",
  "pk": 50,
  "fields": {
    "created": "2024-03-13T12:29:23.649Z",
    "modified": "2024-03-13T12:29:23.649Z",
    "user": 55,
    "position": "tc",
    "fire_date": null,
    "departments": [
      28,
      25
    ]
  }
},
{
  "model": "companies.masterprocedure",
  "pk": 1,
  "fields": {
    "created": "2024-03-13T12:29:24.350Z",
    "modified": "2024-03-13T12:29:24.350Z",
    "archived": null,
    "procedure": 14,
    "employee": 11,
    "price": 35127,
    "coef": 0.0
  }
},
{
  "model": "companies.masterprocedure",
  "pk": 2,
  "fields": {
    "created": "2024-03-13T12:29:24.353Z",
    "modified": "2024-03-13T12:29:24.353Z",
    "archived": null,
    "procedure": 31,
    "employee": 32,
    "price": 46386,
    "coef": 0.0
  }
},
{
  "model": "companies.masterprocedure",
  "pk": 3,
  "fields": {
    "created": "2024-03-13T12:29:24.357Z",
    "modified": "2024-03-13T12:29:24.357Z",
    "archived": null,
    "procedure": 13,
    "employee": 1,
    "price": 21770,
    "coef": 0.0
  }
},
{
  "model": "companies.masterprocedure",
  "pk": 4,
  "fields": {
    "created": "2024-03-13T12:29:24.360Z",
    "modified": "2024-03-13T12:29:24.360Z",
    "archived": null,
    "procedure": 24,
    "employee": 13,
    "price": 19531,
    "coef": 0.0
  }
},
{
  "model": "companies.masterprocedure",
  "pk": 5,
  "fields": {
    "created": "2024-03-13T12:29:24.364Z",
    "modified": "2024-03-13T12:29:24.364Z",
    "archived": null,
    "procedure": 47,
    "employee": 10,
    "price": 48138,
    "coef": 0.0
  }
},
{
  "model": "companies.masterprocedure",
  "pk": 6,
  "fields": {
    "created": "2024-03-13T12:29:24.368Z",
    "modified": "2024-03-13T12:29:24.368Z",
    "archived": null,
    "procedure": 27,
    "employee": 22,
    "price": 49113,
    "coef": 0.0
  }
},
{
  "model": "companies.masterprocedure",
  "pk": 7,
  "fields": {
    "created": "2024-03-13T12:29:24.371Z",
    "modified": "2024-03-13T12:29:24.371Z",
    "archived": null,
    "procedure": 4,
    "employee": 13,
    "price": 44315,
    "coef": 0.0
  }
},
{
  "model": "companies.masterprocedure",
  "pk": 8,
  "fields": {
    "created": "2024-03-13T12:29:24.375Z",
    "modified": "2024-03-13T12:29:24.375Z",
    "archived": null,
    "procedure": 24,
    "employee": 13,
    "price": 22053,
    "coef": 0.0
  }
},
{
  "model": "companies.masterprocedure",
  "pk": 9,
  "fields": {
    "created": "2024-03-13T12:29:24.378Z",
    "modified": "2024-03-13T12:29:24.378Z",
    "archived": null,
    "procedure": 14,
    "employee": 31,
    "price": 28007,
    "coef": 0.0
  }
},
{
  "model": "companies.masterprocedure",
  "pk": 10,
  "fields": {
    "created": "2024-03-13T12:29:24.382Z",
    "modified": "2024-03-13T12:29:24.382Z",
    "archived": null,
    "procedure": 37,
    "employee": 2,
    "price": 39244,
    "coef": 0.0
  }
},
{
  "model": "companies.masterprocedure",
  "pk": 11,
  "fields": {
    "created": "2024-03-13T12:29:24.386Z",
    "modified": "2024-03-13T12:29:24.386Z",
    "archived": null,
    "procedure": 33,
    "employee": 16,
    "price": 24549,
    "coef": 0.0
  }
},
{
  "model": "companies.masterprocedure",
  "pk": 12,
  "fields": {
    "created": "2024-03-13T12:29:24.389Z",
    "modified": "2024-03-13T12:29:24.389Z",
    "archived": null,
    "procedure": 5,
    "employee": 27,
    "price": 27345,
    "coef": 0.0
  }
},
{
  "model": "companies.masterprocedure",
  "pk": 13,
  "fields": {
    "created": "2024-03-13T12:29:24.393Z",
    "modified": "2024-03-13T12:29:24.393Z",
    "archived": null,
    "procedure": 37,
    "employee": 10,
    "price": 44666,
    "coef": 0.0
  }
},
{
  "model": "companies.masterprocedure",
  "pk": 14,
  "fields": {
    "created": "2024-03-13T12:29:24.396Z",
    "modified": "2024-03-13T12:29:24.396Z",
    "archived": null,
    "procedure": 47,
    "employee": 22,
    "price": 26953,
    "coef": 0.0
  }
},
{
  "model": "companies.masterprocedure",
  "pk": 15,
  "fields": {
    "created": "2024-03-13T12:29:24.400Z",
    "modified": "2024-03-13T12:29:24.400Z",
    "archived": null,
    "procedure": 18,
    "employee": 41,
    "price": 44970,
    "coef": 0.0
  }
},
{
  "model": "companies.masterprocedure",
  "pk": 16,
  "fields": {
    "created": "2024-03-13T12:29:24.403Z",
    "modified": "2024-03-13T12:29:24.403Z",
    "archived": null,
    "procedure": 40,
    "employee": 35,
    "price": 24508,
    "coef": 0.0
  }
},
{
  "model": "companies.masterprocedure",
  "pk": 17,
  "fields": {
    "created": "2024-03-13T12:29:24.407Z",
    "modified": "2024-03-13T12:29:24.407Z",
    "archived": null,
    "procedure": 34,
    "employee": 5,
    "price": 39376,
    "coef": 0.0
  }
},
{
  "model": "companies.masterprocedure",
  "pk": 18,
  "fields": {
    "created": "2024-03-13T12:29:24.411Z",
    "modified": "2024-03-13T12:29:24.411Z",
    "archived": null,
    "procedure": 19,
    "employee": 11,
    "price": 15629,
    "coef": 0.0
  }
},
{
  "model": "companies.masterprocedure",
  "pk": 19,
  "fields": {
    "created": "2024-03-13T12:29:24.415Z",
    "modified": "2024-03-13T12:29:24.415Z",
    "archived": null,
    "procedure": 31,
    "employee": 6,
    "price": 5901,
    "coef": 0.0
  }
},
{
  "model": "companies.masterprocedure",
  "pk": 20,
  "fields": {
    "created": "2024-03-13T12:29:24.418Z",
    "modified": "2024-03-13T12:29:24.418Z",
    "archived": null,
    "procedure": 40,
    "employee": 41,
    "price": 47982,
    "coef": 0.0
  }
},
{
  "model": "companies.masterprocedure",
  "pk": 21,
  "fields": {
    "created": "2024-03-13T12:29:24.422Z",
    "modified": "2024-03-13T12:29:24.422Z",
    "archived": null,
    "procedure": 11,
    "employee": 45,
    "price": 29502,
    "coef": 0.0
  }
},
{
  "model": "companies.masterprocedure",
  "pk": 22,
  "fields": {
    "created": "2024-03-13T12:29:24.426Z",
    "modified": "2024-03-13T12:29:24.426Z",
    "archived": null,
    "procedure": 39,
    "employee": 17,
    "price": 28732,
    "coef": 0.0
  }
},
{
  "model": "companies.masterprocedure",
  "pk": 23,
  "fields": {
    "created": "2024-03-13T12:29:24.429Z",
    "modified": "2024-03-13T12:29:24.429Z",
    "archived": null,
    "procedure": 33,
    "employee": 44,
    "price": 8089,
    "coef": 0.0
  }
},
{
  "model": "companies.masterprocedure",
  "pk": 24,
  "fields": {
    "created": "2024-03-13T12:29:24.433Z",
    "modified": "2024-03-13T12:29:24.433Z",
    "archived": null,
    "procedure": 19,
    "employee": 24,
    "price": 42359,
    "coef": 0.0
  }
},
{
  "model": "companies.masterprocedure",
  "pk": 25,
  "fields": {
    "created": "2024-03-13T12:29:24.436Z",
    "modified": "2024-03-13T12:29:24.436Z",
    "archived": null,
    "procedure": 46,
    "employee": 32,
    "price": 4661,
    "coef": 0.0
  }
},
{
  "model": "companies.masterprocedure",
  "pk": 26,
  "fields": {
    "created": "2024-03-13T12:29:24.440Z",
    "modified": "2024-03-13T12:29:24.440Z",
    "archived": null,
    "procedure": 12,
    "employee": 24,
    "price": 11325,
    "coef": 0.0
  }
},
{
  "model": "companies.masterprocedure",
  "pk": 27,
  "fields": {
    "created": "2024-03-13T12:29:24.443Z",
    "modified": "2024-03-13T12:29:24.443Z",
    "archived": null,
    "procedure": 37,
    "employee": 14,
    "price": 20332,
    "coef": 0.0
  }
},
{
  "model": "companies.masterprocedure",
  "pk": 28,
  "fields": {
    "created": "2024-03-13T12:29:24.447Z",
    "modified": "2024-03-13T12:29:24.447Z",
    "archived": null,
    "procedure": 17,
    "employee": 23,
    "price": 36541,
    "coef": 0.0
  }
},
{
  "model": "companies.masterprocedure",
  "pk": 29,
  "fields": {
    "created": "2024-03-13T12:29:24.451Z",
    "modified": "2024-03-13T12:29:24.451Z",
    "archived": null,
    "procedure": 37,
    "employee": 19,
    "price": 18932,
    "coef": 0.0
  }
},
{
  "model": "companies.masterprocedure",
  "pk": 30,
  "fields": {
    "created": "2024-03-13T12:29:24.454Z",
    "modified": "2024-03-13T12:29:24.454Z",
    "archived": null,
    "procedure": 30,
    "employee": 9,
    "price": 16444,
    "coef": 0.0
  }
},
{
  "model": "companies.masterprocedure",
  "pk": 31,
  "fields": {
    "created": "2024-03-13T12:29:24.458Z",
    "modified": "2024-03-13T12:29:24.458Z",
    "archived": null,
    "procedure": 7,
    "employee": 34,
    "price": 12368,
    "coef": 0.0
  }
},
{
  "model": "companies.masterprocedure",
  "pk": 32,
  "fields": {
    "created": "2024-03-13T12:29:24.462Z",
    "modified": "2024-03-13T12:29:24.462Z",
    "archived": null,
    "procedure": 23,
    "employee": 9,
    "price": 7285,
    "coef": 0.0
  }
},
{
  "model": "companies.masterprocedure",
  "pk": 33,
  "fields": {
    "created": "2024-03-13T12:29:24.465Z",
    "modified": "2024-03-13T12:29:24.465Z",
    "archived": null,
    "procedure": 20,
    "employee": 26,
    "price": 21638,
    "coef": 0.0
  }
},
{
  "model": "companies.masterprocedure",
  "pk": 34,
  "fields": {
    "created": "2024-03-13T12:29:24.469Z",
    "modified": "2024-03-13T12:29:24.469Z",
    "archived": null,
    "procedure": 33,
    "employee": 32,
    "price": 17561,
    "coef": 0.0
  }
},
{
  "model": "companies.masterprocedure",
  "pk": 35,
  "fields": {
    "created": "2024-03-13T12:29:24.472Z",
    "modified": "2024-03-13T12:29:24.472Z",
    "archived": null,
    "procedure": 22,
    "employee": 29,
    "price": 49067,
    "coef": 0.0
  }
},
{
  "model": "companies.masterprocedure",
  "pk": 36,
  "fields": {
    "created": "2024-03-13T12:29:24.476Z",
    "modified": "2024-03-13T12:29:24.476Z",
    "archived": null,
    "procedure": 27,
    "employee": 43,
    "price": 35602,
    "coef": 0.0
  }
},
{
  "model": "companies.masterprocedure",
  "pk": 37,
  "fields": {
    "created": "2024-03-13T12:29:24.479Z",
    "modified": "2024-03-13T12:29:24.479Z",
    "archived": null,
    "procedure": 49,
    "employee": 3,
    "price": 42032,
    "coef": 0.0
  }
},
{
  "model": "companies.masterprocedure",
  "pk": 38,
  "fields": {
    "created": "2024-03-13T12:29:24.483Z",
    "modified": "2024-03-13T12:29:24.483Z",
    "archived": null,
    "procedure": 6,
    "employee": 18,
    "price": 41427,
    "coef": 0.0
  }
},
{
  "model": "companies.masterprocedure",
  "pk": 39,
  "fields": {
    "created": "2024-03-13T12:29:24.486Z",
    "modified": "2024-03-13T12:29:24.486Z",
    "archived": null,
    "procedure": 40,
    "employee": 19,
    "price": 18895,
    "coef": 0.0
  }
},
{
  "model": "companies.masterprocedure",
  "pk": 40,
  "fields": {
    "created": "2024-03-13T12:29:24.491Z",
    "modified": "2024-03-13T12:29:24.491Z",
    "archived": null,
    "procedure": 28,
    "employee": 29,
    "price": 32770,
    "coef": 0.0
  }
},
{
  "model": "companies.masterprocedure",
  "pk": 41,
  "fields": {
    "created": "2024-03-13T12:29:24.495Z",
    "modified": "2024-03-13T12:29:24.495Z",
    "archived": null,
    "procedure": 4,
    "employee": 11,
    "price": 21756,
    "coef": 0.0
  }
},
{
  "model": "companies.masterprocedure",
  "pk": 42,
  "fields": {
    "created": "2024-03-13T12:29:24.498Z",
    "modified": "2024-03-13T12:29:24.498Z",
    "archived": null,
    "procedure": 46,
    "employee": 10,
    "price": 15436,
    "coef": 0.0
  }
},
{
  "model": "companies.masterprocedure",
  "pk": 43,
  "fields": {
    "created": "2024-03-13T12:29:24.502Z",
    "modified": "2024-03-13T12:29:24.502Z",
    "archived": null,
    "procedure": 14,
    "employee": 20,
    "price": 10656,
    "coef": 0.0
  }
},
{
  "model": "companies.masterprocedure",
  "pk": 44,
  "fields": {
    "created": "2024-03-13T12:29:24.506Z",
    "modified": "2024-03-13T12:29:24.506Z",
    "archived": null,
    "procedure": 32,
    "employee": 8,
    "price": 39965,
    "coef": 0.0
  }
},
{
  "model": "companies.masterprocedure",
  "pk": 45,
  "fields": {
    "created": "2024-03-13T12:29:24.509Z",
    "modified": "2024-03-13T12:29:24.509Z",
    "archived": null,
    "procedure": 3,
    "employee": 26,
    "price": 41285,
    "coef": 0.0
  }
},
{
  "model": "companies.masterprocedure",
  "pk": 46,
  "fields": {
    "created": "2024-03-13T12:29:24.513Z",
    "modified": "2024-03-13T12:29:24.513Z",
    "archived": null,
    "procedure": 11,
    "employee": 47,
    "price": 21634,
    "coef": 0.0
  }
},
{
  "model": "companies.masterprocedure",
  "pk": 47,
  "fields": {
    "created": "2024-03-13T12:29:24.516Z",
    "modified": "2024-03-13T12:29:24.516Z",
    "archived": null,
    "procedure": 48,
    "employee": 29,
    "price": 4618,
    "coef": 0.0
  }
},
{
  "model": "companies.masterprocedure",
  "pk": 48,
  "fields": {
    "created": "2024-03-13T12:29:24.520Z",
    "modified": "2024-03-13T12:29:24.520Z",
    "archived": null,
    "procedure": 29,
    "employee": 28,
    "price": 1875,
    "coef": 0.0
  }
},
{
  "model": "companies.masterprocedure",
  "pk": 49,
  "fields": {
    "created": "2024-03-13T12:29:24.523Z",
    "modified": "2024-03-13T12:29:24.523Z",
    "archived": null,
    "procedure": 15,
    "employee": 27,
    "price": 27527,
    "coef": 0.0
  }
},
{
  "model": "companies.masterprocedure",
  "pk": 50,
  "fields": {
    "created": "2024-03-13T12:29:24.528Z",
    "modified": "2024-03-13T12:29:24.528Z",
    "archived": null,
    "procedure": 17,
    "employee": 7,
    "price": 42667,
    "coef": 0.0
  }
},
{
  "model": "companies.masterprocedure",
  "pk": 51,
  "fields": {
    "created": "2024-03-13T12:29:24.531Z",
    "modified": "2024-03-13T12:29:24.531Z",
    "archived": null,
    "procedure": 38,
    "employee": 4,
    "price": 14170,
    "coef": 0.0
  }
},
{
  "model": "companies.masterprocedure",
  "pk": 52,
  "fields": {
    "created": "2024-03-13T12:29:24.535Z",
    "modified": "2024-03-13T12:29:24.535Z",
    "archived": null,
    "procedure": 7,
    "employee": 35,
    "price": 28590,
    "coef": 0.0
  }
},
{
  "model": "companies.masterprocedure",
  "pk": 53,
  "fields": {
    "created": "2024-03-13T12:29:24.539Z",
    "modified": "2024-03-13T12:29:24.539Z",
    "archived": null,
    "procedure": 30,
    "employee": 39,
    "price": 4229,
    "coef": 0.0
  }
},
{
  "model": "companies.masterprocedure",
  "pk": 54,
  "fields": {
    "created": "2024-03-13T12:29:24.542Z",
    "modified": "2024-03-13T12:29:24.542Z",
    "archived": null,
    "procedure": 37,
    "employee": 9,
    "price": 41169,
    "coef": 0.0
  }
},
{
  "model": "companies.masterprocedure",
  "pk": 55,
  "fields": {
    "created": "2024-03-13T12:29:24.546Z",
    "modified": "2024-03-13T12:29:24.546Z",
    "archived": null,
    "procedure": 28,
    "employee": 11,
    "price": 29539,
    "coef": 0.0
  }
},
{
  "model": "companies.masterprocedure",
  "pk": 56,
  "fields": {
    "created": "2024-03-13T12:29:24.549Z",
    "modified": "2024-03-13T12:29:24.549Z",
    "archived": null,
    "procedure": 41,
    "employee": 34,
    "price": 24854,
    "coef": 0.0
  }
},
{
  "model": "companies.masterprocedure",
  "pk": 57,
  "fields": {
    "created": "2024-03-13T12:29:24.553Z",
    "modified": "2024-03-13T12:29:24.553Z",
    "archived": null,
    "procedure": 29,
    "employee": 50,
    "price": 38825,
    "coef": 0.0
  }
},
{
  "model": "companies.masterprocedure",
  "pk": 58,
  "fields": {
    "created": "2024-03-13T12:29:24.557Z",
    "modified": "2024-03-13T12:29:24.557Z",
    "archived": null,
    "procedure": 5,
    "employee": 7,
    "price": 26738,
    "coef": 0.0
  }
},
{
  "model": "companies.masterprocedure",
  "pk": 59,
  "fields": {
    "created": "2024-03-13T12:29:24.560Z",
    "modified": "2024-03-13T12:29:24.560Z",
    "archived": null,
    "procedure": 44,
    "employee": 28,
    "price": 41077,
    "coef": 0.0
  }
},
{
  "model": "companies.masterprocedure",
  "pk": 60,
  "fields": {
    "created": "2024-03-13T12:29:24.564Z",
    "modified": "2024-03-13T12:29:24.564Z",
    "archived": null,
    "procedure": 28,
    "employee": 47,
    "price": 24669,
    "coef": 0.0
  }
},
{
  "model": "companies.masterprocedure",
  "pk": 61,
  "fields": {
    "created": "2024-03-13T12:29:24.568Z",
    "modified": "2024-03-13T12:29:24.568Z",
    "archived": null,
    "procedure": 8,
    "employee": 40,
    "price": 16436,
    "coef": 0.0
  }
},
{
  "model": "companies.masterprocedure",
  "pk": 62,
  "fields": {
    "created": "2024-03-13T12:29:24.572Z",
    "modified": "2024-03-13T12:29:24.572Z",
    "archived": null,
    "procedure": 37,
    "employee": 41,
    "price": 26076,
    "coef": 0.0
  }
},
{
  "model": "companies.masterprocedure",
  "pk": 63,
  "fields": {
    "created": "2024-03-13T12:29:24.575Z",
    "modified": "2024-03-13T12:29:24.575Z",
    "archived": null,
    "procedure": 15,
    "employee": 26,
    "price": 34698,
    "coef": 0.0
  }
},
{
  "model": "companies.masterprocedure",
  "pk": 64,
  "fields": {
    "created": "2024-03-13T12:29:24.579Z",
    "modified": "2024-03-13T12:29:24.579Z",
    "archived": null,
    "procedure": 11,
    "employee": 36,
    "price": 218,
    "coef": 0.0
  }
},
{
  "model": "companies.masterprocedure",
  "pk": 65,
  "fields": {
    "created": "2024-03-13T12:29:24.583Z",
    "modified": "2024-03-13T12:29:24.583Z",
    "archived": null,
    "procedure": 31,
    "employee": 31,
    "price": 31960,
    "coef": 0.0
  }
},
{
  "model": "companies.masterprocedure",
  "pk": 66,
  "fields": {
    "created": "2024-03-13T12:29:24.587Z",
    "modified": "2024-03-13T12:29:24.587Z",
    "archived": null,
    "procedure": 11,
    "employee": 9,
    "price": 36766,
    "coef": 0.0
  }
},
{
  "model": "companies.masterprocedure",
  "pk": 67,
  "fields": {
    "created": "2024-03-13T12:29:24.590Z",
    "modified": "2024-03-13T12:29:24.590Z",
    "archived": null,
    "procedure": 24,
    "employee": 42,
    "price": 37983,
    "coef": 0.0
  }
},
{
  "model": "companies.masterprocedure",
  "pk": 68,
  "fields": {
    "created": "2024-03-13T12:29:24.594Z",
    "modified": "2024-03-13T12:29:24.594Z",
    "archived": null,
    "procedure": 7,
    "employee": 17,
    "price": 42403,
    "coef": 0.0
  }
},
{
  "model": "companies.masterprocedure",
  "pk": 69,
  "fields": {
    "created": "2024-03-13T12:29:24.597Z",
    "modified": "2024-03-13T12:29:24.597Z",
    "archived": null,
    "procedure": 36,
    "employee": 39,
    "price": 44448,
    "coef": 0.0
  }
},
{
  "model": "companies.masterprocedure",
  "pk": 70,
  "fields": {
    "created": "2024-03-13T12:29:24.601Z",
    "modified": "2024-03-13T12:29:24.601Z",
    "archived": null,
    "procedure": 24,
    "employee": 9,
    "price": 14375,
    "coef": 0.0
  }
},
{
  "model": "companies.masterprocedure",
  "pk": 71,
  "fields": {
    "created": "2024-03-13T12:29:24.605Z",
    "modified": "2024-03-13T12:29:24.605Z",
    "archived": null,
    "procedure": 35,
    "employee": 47,
    "price": 18368,
    "coef": 0.0
  }
},
{
  "model": "companies.masterprocedure",
  "pk": 72,
  "fields": {
    "created": "2024-03-13T12:29:24.609Z",
    "modified": "2024-03-13T12:29:24.609Z",
    "archived": null,
    "procedure": 5,
    "employee": 32,
    "price": 45684,
    "coef": 0.0
  }
},
{
  "model": "companies.masterprocedure",
  "pk": 73,
  "fields": {
    "created": "2024-03-13T12:29:24.612Z",
    "modified": "2024-03-13T12:29:24.612Z",
    "archived": null,
    "procedure": 15,
    "employee": 23,
    "price": 42426,
    "coef": 0.0
  }
},
{
  "model": "companies.masterprocedure",
  "pk": 74,
  "fields": {
    "created": "2024-03-13T12:29:24.616Z",
    "modified": "2024-03-13T12:29:24.616Z",
    "archived": null,
    "procedure": 44,
    "employee": 39,
    "price": 18471,
    "coef": 0.0
  }
},
{
  "model": "companies.masterprocedure",
  "pk": 75,
  "fields": {
    "created": "2024-03-13T12:29:24.619Z",
    "modified": "2024-03-13T12:29:24.619Z",
    "archived": null,
    "procedure": 23,
    "employee": 29,
    "price": 40023,
    "coef": 0.0
  }
},
{
  "model": "companies.masterprocedure",
  "pk": 76,
  "fields": {
    "created": "2024-03-13T12:29:24.623Z",
    "modified": "2024-03-13T12:29:24.623Z",
    "archived": null,
    "procedure": 11,
    "employee": 27,
    "price": 10344,
    "coef": 0.0
  }
},
{
  "model": "companies.masterprocedure",
  "pk": 77,
  "fields": {
    "created": "2024-03-13T12:29:24.627Z",
    "modified": "2024-03-13T12:29:24.627Z",
    "archived": null,
    "procedure": 17,
    "employee": 3,
    "price": 793,
    "coef": 0.0
  }
},
{
  "model": "companies.masterprocedure",
  "pk": 78,
  "fields": {
    "created": "2024-03-13T12:29:24.630Z",
    "modified": "2024-03-13T12:29:24.630Z",
    "archived": null,
    "procedure": 17,
    "employee": 29,
    "price": 41556,
    "coef": 0.0
  }
},
{
  "model": "companies.masterprocedure",
  "pk": 79,
  "fields": {
    "created": "2024-03-13T12:29:24.634Z",
    "modified": "2024-03-13T12:29:24.634Z",
    "archived": null,
    "procedure": 26,
    "employee": 28,
    "price": 22,
    "coef": 0.0
  }
},
{
  "model": "companies.masterprocedure",
  "pk": 80,
  "fields": {
    "created": "2024-03-13T12:29:24.637Z",
    "modified": "2024-03-13T12:29:24.637Z",
    "archived": null,
    "procedure": 24,
    "employee": 37,
    "price": 3980,
    "coef": 0.0
  }
},
{
  "model": "companies.masterprocedure",
  "pk": 81,
  "fields": {
    "created": "2024-03-13T12:29:24.641Z",
    "modified": "2024-03-13T12:29:24.641Z",
    "archived": null,
    "procedure": 31,
    "employee": 19,
    "price": 21612,
    "coef": 0.0
  }
},
{
  "model": "companies.masterprocedure",
  "pk": 82,
  "fields": {
    "created": "2024-03-13T12:29:24.644Z",
    "modified": "2024-03-13T12:29:24.644Z",
    "archived": null,
    "procedure": 17,
    "employee": 31,
    "price": 3685,
    "coef": 0.0
  }
},
{
  "model": "companies.masterprocedure",
  "pk": 83,
  "fields": {
    "created": "2024-03-13T12:29:24.648Z",
    "modified": "2024-03-13T12:29:24.648Z",
    "archived": null,
    "procedure": 30,
    "employee": 43,
    "price": 21537,
    "coef": 0.0
  }
},
{
  "model": "companies.masterprocedure",
  "pk": 84,
  "fields": {
    "created": "2024-03-13T12:29:24.652Z",
    "modified": "2024-03-13T12:29:24.652Z",
    "archived": null,
    "procedure": 48,
    "employee": 50,
    "price": 25583,
    "coef": 0.0
  }
},
{
  "model": "companies.masterprocedure",
  "pk": 85,
  "fields": {
    "created": "2024-03-13T12:29:24.655Z",
    "modified": "2024-03-13T12:29:24.655Z",
    "archived": null,
    "procedure": 6,
    "employee": 13,
    "price": 27390,
    "coef": 0.0
  }
},
{
  "model": "companies.masterprocedure",
  "pk": 86,
  "fields": {
    "created": "2024-03-13T12:29:24.659Z",
    "modified": "2024-03-13T12:29:24.659Z",
    "archived": null,
    "procedure": 5,
    "employee": 2,
    "price": 32425,
    "coef": 0.0
  }
},
{
  "model": "companies.masterprocedure",
  "pk": 87,
  "fields": {
    "created": "2024-03-13T12:29:24.663Z",
    "modified": "2024-03-13T12:29:24.663Z",
    "archived": null,
    "procedure": 42,
    "employee": 48,
    "price": 9462,
    "coef": 0.0
  }
},
{
  "model": "companies.masterprocedure",
  "pk": 88,
  "fields": {
    "created": "2024-03-13T12:29:24.667Z",
    "modified": "2024-03-13T12:29:24.667Z",
    "archived": null,
    "procedure": 34,
    "employee": 18,
    "price": 29193,
    "coef": 0.0
  }
},
{
  "model": "companies.masterprocedure",
  "pk": 89,
  "fields": {
    "created": "2024-03-13T12:29:24.671Z",
    "modified": "2024-03-13T12:29:24.671Z",
    "archived": null,
    "procedure": 39,
    "employee": 11,
    "price": 13057,
    "coef": 0.0
  }
},
{
  "model": "companies.masterprocedure",
  "pk": 90,
  "fields": {
    "created": "2024-03-13T12:29:24.674Z",
    "modified": "2024-03-13T12:29:24.675Z",
    "archived": null,
    "procedure": 19,
    "employee": 15,
    "price": 20036,
    "coef": 0.0
  }
},
{
  "model": "companies.masterprocedure",
  "pk": 91,
  "fields": {
    "created": "2024-03-13T12:29:24.678Z",
    "modified": "2024-03-13T12:29:24.678Z",
    "archived": null,
    "procedure": 15,
    "employee": 16,
    "price": 41720,
    "coef": 0.0
  }
},
{
  "model": "companies.masterprocedure",
  "pk": 92,
  "fields": {
    "created": "2024-03-13T12:29:24.682Z",
    "modified": "2024-03-13T12:29:24.682Z",
    "archived": null,
    "procedure": 37,
    "employee": 41,
    "price": 44777,
    "coef": 0.0
  }
},
{
  "model": "companies.masterprocedure",
  "pk": 93,
  "fields": {
    "created": "2024-03-13T12:29:24.686Z",
    "modified": "2024-03-13T12:29:24.686Z",
    "archived": null,
    "procedure": 4,
    "employee": 50,
    "price": 4806,
    "coef": 0.0
  }
},
{
  "model": "companies.masterprocedure",
  "pk": 94,
  "fields": {
    "created": "2024-03-13T12:29:24.689Z",
    "modified": "2024-03-13T12:29:24.689Z",
    "archived": null,
    "procedure": 39,
    "employee": 14,
    "price": 13894,
    "coef": 0.0
  }
},
{
  "model": "companies.masterprocedure",
  "pk": 95,
  "fields": {
    "created": "2024-03-13T12:29:24.693Z",
    "modified": "2024-03-13T12:29:24.693Z",
    "archived": null,
    "procedure": 4,
    "employee": 6,
    "price": 38693,
    "coef": 0.0
  }
},
{
  "model": "companies.masterprocedure",
  "pk": 96,
  "fields": {
    "created": "2024-03-13T12:29:24.697Z",
    "modified": "2024-03-13T12:29:24.697Z",
    "archived": null,
    "procedure": 7,
    "employee": 39,
    "price": 45002,
    "coef": 0.0
  }
},
{
  "model": "companies.masterprocedure",
  "pk": 97,
  "fields": {
    "created": "2024-03-13T12:29:24.700Z",
    "modified": "2024-03-13T12:29:24.700Z",
    "archived": null,
    "procedure": 23,
    "employee": 17,
    "price": 38028,
    "coef": 0.0
  }
},
{
  "model": "companies.masterprocedure",
  "pk": 98,
  "fields": {
    "created": "2024-03-13T12:29:24.704Z",
    "modified": "2024-03-13T12:29:24.704Z",
    "archived": null,
    "procedure": 3,
    "employee": 9,
    "price": 32996,
    "coef": 0.0
  }
},
{
  "model": "companies.masterprocedure",
  "pk": 99,
  "fields": {
    "created": "2024-03-13T12:29:24.708Z",
    "modified": "2024-03-13T12:29:24.708Z",
    "archived": null,
    "procedure": 35,
    "employee": 3,
    "price": 31894,
    "coef": 0.0
  }
},
{
  "model": "companies.masterprocedure",
  "pk": 100,
  "fields": {
    "created": "2024-03-13T12:29:24.712Z",
    "modified": "2024-03-13T12:29:24.712Z",
    "archived": null,
    "procedure": 6,
    "employee": 10,
    "price": 40941,
    "coef": 0.0
  }
},
{
  "model": "companies.point",
  "pk": 1,
  "fields": {
    "created": "2024-03-13T12:29:23.053Z",
    "modified": "2024-03-13T12:29:23.053Z",
    "company": 5,
    "address": "307 Kensington Junction"
  }
},
{
  "model": "companies.point",
  "pk": 2,
  "fields": {
    "created": "2024-03-13T12:29:23.066Z",
    "modified": "2024-03-13T12:29:23.066Z",
    "company": 5,
    "address": "804 Vinton Route"
  }
},
{
  "model": "companies.point",
  "pk": 3,
  "fields": {
    "created": "2024-03-13T12:29:23.071Z",
    "modified": "2024-03-13T12:29:23.071Z",
    "company": 3,
    "address": "34 Conservatory Access Court"
  }
},
{
  "model": "companies.point",
  "pk": 4,
  "fields": {
    "created": "2024-03-13T12:29:23.076Z",
    "modified": "2024-03-13T12:29:23.076Z",
    "company": 2,
    "address": "1338 South Van Ness Trail"
  }
},
{
  "model": "companies.point",
  "pk": 5,
  "fields": {
    "created": "2024-03-13T12:29:23.079Z",
    "modified": "2024-03-13T12:29:23.079Z",
    "company": 4,
    "address": "68 Lettuce Estate"
  }
},
{
  "model": "companies.point",
  "pk": 6,
  "fields": {
    "created": "2024-03-13T12:29:23.082Z",
    "modified": "2024-03-13T12:29:23.082Z",
    "company": 5,
    "address": "513 Davidson Extension"
  }
},
{
  "model": "companies.point",
  "pk": 7,
  "fields": {
    "created": "2024-03-13T12:29:23.085Z",
    "modified": "2024-03-13T12:29:23.086Z",
    "company": 1,
    "address": "207 Powers Path"
  }
},
{
  "model": "companies.point",
  "pk": 8,
  "fields": {
    "created": "2024-03-13T12:29:23.089Z",
    "modified": "2024-03-13T12:29:23.089Z",
    "company": 1,
    "address": "680 Parnassus Hills"
  }
},
{
  "model": "companies.point",
  "pk": 9,
  "fields": {
    "created": "2024-03-13T12:29:23.092Z",
    "modified": "2024-03-13T12:29:23.092Z",
    "company": 3,
    "address": "702 Belle Bypass"
  }
},
{
  "model": "companies.point",
  "pk": 10,
  "fields": {
    "created": "2024-03-13T12:29:23.096Z",
    "modified": "2024-03-13T12:29:23.096Z",
    "company": 1,
    "address": "263 Bryant Pass"
  }
},
{
  "model": "companies.materialtype",
  "pk": 1,
  "fields": {
    "name": "Mrs. Mallory Wang MD"
  }
},
{
  "model": "companies.materialtype",
  "pk": 2,
  "fields": {
    "name": "Dr. Jonathon Acevedo V"
  }
},
{
  "model": "companies.materialtype",
  "pk": 3,
  "fields": {
    "name": "Dr. Gregory Kirk DDS"
  }
},
{
  "model": "companies.materialtype",
  "pk": 4,
  "fields": {
    "name": "Victoria Guerrero DVM"
  }
},
{
  "model": "companies.materialtype",
  "pk": 5,
  "fields": {
    "name": "Mr. Jermaine Watkins"
  }
},
{
  "model": "companies.materialtype",
  "pk": 6,
  "fields": {
    "name": "Taylor Harmon MD"
  }
},
{
  "model": "companies.materialtype",
  "pk": 7,
  "fields": {
    "name": "Lawrence Riley II"
  }
},
{
  "model": "companies.materialtype",
  "pk": 8,
  "fields": {
    "name": "Sophia Leon DDS"
  }
},
{
  "model": "companies.materialtype",
  "pk": 9,
  "fields": {
    "name": "Steve Bryan"
  }
},
{
  "model": "companies.materialtype",
  "pk": 10,
  "fields": {
    "name": "Dr. Maxwell Wise"
  }
},
{
  "model": "companies.materialtype",
  "pk": 11,
  "fields": {
    "name": "Todd Ward III"
  }
},
{
  "model": "companies.materialtype",
  "pk": 12,
  "fields": {
    "name": "Courtney Dawson DDS"
  }
},
{
  "model": "companies.materialtype",
  "pk": 13,
  "fields": {
    "name": "Dr. Martin Cervantes"
  }
},
{
  "model": "companies.materialtype",
  "pk": 14,
  "fields": {
    "name": "Miss Nancy Gould"
  }
},
{
  "model": "companies.materialtype",
  "pk": 15,
  "fields": {
    "name": "Jenny Barr DVM"
  }
},
{
  "model": "companies.materialtype",
  "pk": 16,
  "fields": {
    "name": "Steven Saunders"
  }
},
{
  "model": "companies.materialtype",
  "pk": 17,
  "fields": {
    "name": "Ana Duncan"
  }
},
{
  "model": "companies.materialtype",
  "pk": 18,
  "fields": {
    "name": "Tommy Arellano II"
  }
},
{
  "model": "companies.materialtype",
  "pk": 19,
  "fields": {
    "name": "Dr. Steve Villegas"
  }
},
{
  "model": "companies.materialtype",
  "pk": 20,
  "fields": {
    "name": "Brooke Villa DVM"
  }
},
{
  "model": "companies.material",
  "pk": 1,
  "fields": {
    "brand": "haven",
    "name": "ten",
    "unit": "338",
    "kind": 13
  }
},
{
  "model": "companies.material",
  "pk": 2,
  "fields": {
    "brand": "nurses",
    "name": "gp",
    "unit": "333",
    "kind": 7
  }
},
{
  "model": "companies.material",
  "pk": 3,
  "fields": {
    "brand": "cl",
    "name": "creator",
    "unit": "740",
    "kind": 12
  }
},
{
  "model": "companies.material",
  "pk": 4,
  "fields": {
    "brand": "mice",
    "name": "rico",
    "unit": "585",
    "kind": 20
  }
},
{
  "model": "companies.material",
  "pk": 5,
  "fields": {
    "brand": "officer",
    "name": "remove",
    "unit": "358",
    "kind": 20
  }
},
{
  "model": "companies.material",
  "pk": 6,
  "fields": {
    "brand": "successful",
    "name": "campaign",
    "unit": "401",
    "kind": 5
  }
},
{
  "model": "companies.material",
  "pk": 7,
  "fields": {
    "brand": "accessory",
    "name": "field",
    "unit": "64",
    "kind": 17
  }
},
{
  "model": "companies.material",
  "pk": 8,
  "fields": {
    "brand": "mental",
    "name": "health",
    "unit": "21",
    "kind": 1
  }
},
{
  "model": "companies.material",
  "pk": 9,
  "fields": {
    "brand": "tuesday",
    "name": "walter",
    "unit": "489",
    "kind": 19
  }
},
{
  "model": "companies.material",
  "pk": 10,
  "fields": {
    "brand": "opening",
    "name": "hidden",
    "unit": "936",
    "kind": 8
  }
},
{
  "model": "companies.material",
  "pk": 11,
  "fields": {
    "brand": "gateway",
    "name": "checking",
    "unit": "358",
    "kind": 18
  }
},
{
  "model": "companies.material",
  "pk": 12,
  "fields": {
    "brand": "narrow",
    "name": "cincinnati",
    "unit": "427",
    "kind": 15
  }
},
{
  "model": "companies.material",
  "pk": 13,
  "fields": {
    "brand": "abc",
    "name": "market",
    "unit": "734",
    "kind": 10
  }
},
{
  "model": "companies.material",
  "pk": 14,
  "fields": {
    "brand": "appointment",
    "name": "greece",
    "unit": "733",
    "kind": 16
  }
},
{
  "model": "companies.material",
  "pk": 15,
  "fields": {
    "brand": "payment",
    "name": "video",
    "unit": "394",
    "kind": 11
  }
},
{
  "model": "companies.material",
  "pk": 16,
  "fields": {
    "brand": "youth",
    "name": "pets",
    "unit": "714",
    "kind": 9
  }
},
{
  "model": "companies.material",
  "pk": 17,
  "fields": {
    "brand": "beam",
    "name": "browsing",
    "unit": "208",
    "kind": 18
  }
},
{
  "model": "companies.material",
  "pk": 18,
  "fields": {
    "brand": "privacy",
    "name": "protection",
    "unit": "780",
    "kind": 12
  }
},
{
  "model": "companies.material",
  "pk": 19,
  "fields": {
    "brand": "institutional",
    "name": "stations",
    "unit": "745",
    "kind": 6
  }
},
{
  "model": "companies.material",
  "pk": 20,
  "fields": {
    "brand": "tr",
    "name": "tried",
    "unit": "565",
    "kind": 2
  }
},
{
  "model": "companies.material",
  "pk": 21,
  "fields": {
    "brand": "ran",
    "name": "arrangement",
    "unit": "864",
    "kind": 2
  }
},
{
  "model": "companies.material",
  "pk": 22,
  "fields": {
    "brand": "combine",
    "name": "bringing",
    "unit": "983",
    "kind": 5
  }
},
{
  "model": "companies.material",
  "pk": 23,
  "fields": {
    "brand": "achieved",
    "name": "requests",
    "unit": "342",
    "kind": 4
  }
},
{
  "model": "companies.material",
  "pk": 24,
  "fields": {
    "brand": "cartridge",
    "name": "reserved",
    "unit": "64",
    "kind": 17
  }
},
{
  "model": "companies.material",
  "pk": 25,
  "fields": {
    "brand": "fame",
    "name": "gang",
    "unit": "155",
    "kind": 15
  }
},
{
  "model": "companies.material",
  "pk": 26,
  "fields": {
    "brand": "agencies",
    "name": "matter",
    "unit": "254",
    "kind": 5
  }
},
{
  "model": "companies.material",
  "pk": 27,
  "fields": {
    "brand": "quiet",
    "name": "anti",
    "unit": "191",
    "kind": 7
  }
},
{
  "model": "companies.material",
  "pk": 28,
  "fields": {
    "brand": "pure",
    "name": "scotland",
    "unit": "106",
    "kind": 5
  }
},
{
  "model": "companies.material",
  "pk": 29,
  "fields": {
    "brand": "auction",
    "name": "control",
    "unit": "817",
    "kind": 19
  }
},
{
  "model": "companies.material",
  "pk": 30,
  "fields": {
    "brand": "saved",
    "name": "story",
    "unit": "949",
    "kind": 2
  }
},
{
  "model": "companies.material",
  "pk": 31,
  "fields": {
    "brand": "effort",
    "name": "statutory",
    "unit": "526",
    "kind": 7
  }
},
{
  "model": "companies.material",
  "pk": 32,
  "fields": {
    "brand": "apple",
    "name": "socket",
    "unit": "856",
    "kind": 20
  }
},
{
  "model": "companies.material",
  "pk": 33,
  "fields": {
    "brand": "grown",
    "name": "vincent",
    "unit": "372",
    "kind": 9
  }
},
{
  "model": "companies.material",
  "pk": 34,
  "fields": {
    "brand": "portugal",
    "name": "les",
    "unit": "622",
    "kind": 14
  }
},
{
  "model": "companies.material",
  "pk": 35,
  "fields": {
    "brand": "clay",
    "name": "commissioner",
    "unit": "281",
    "kind": 3
  }
},
{
  "model": "companies.material",
  "pk": 36,
  "fields": {
    "brand": "sue",
    "name": "minnesota",
    "unit": "105",
    "kind": 18
  }
},
{
  "model": "companies.material",
  "pk": 37,
  "fields": {
    "brand": "drew",
    "name": "racing",
    "unit": "802",
    "kind": 3
  }
},
{
  "model": "companies.material",
  "pk": 38,
  "fields": {
    "brand": "eventually",
    "name": "cases",
    "unit": "284",
    "kind": 15
  }
},
{
  "model": "companies.material",
  "pk": 39,
  "fields": {
    "brand": "austin",
    "name": "questions",
    "unit": "326",
    "kind": 10
  }
},
{
  "model": "companies.material",
  "pk": 40,
  "fields": {
    "brand": "proposal",
    "name": "temple",
    "unit": "538",
    "kind": 15
  }
},
{
  "model": "companies.material",
  "pk": 41,
  "fields": {
    "brand": "islamic",
    "name": "rings",
    "unit": "327",
    "kind": 15
  }
},
{
  "model": "companies.material",
  "pk": 42,
  "fields": {
    "brand": "judicial",
    "name": "revenues",
    "unit": "549",
    "kind": 14
  }
},
{
  "model": "companies.material",
  "pk": 43,
  "fields": {
    "brand": "catering",
    "name": "nv",
    "unit": "269",
    "kind": 20
  }
},
{
  "model": "companies.material",
  "pk": 44,
  "fields": {
    "brand": "players",
    "name": "difficulty",
    "unit": "792",
    "kind": 12
  }
},
{
  "model": "companies.material",
  "pk": 45,
  "fields": {
    "brand": "secretary",
    "name": "novel",
    "unit": "926",
    "kind": 13
  }
},
{
  "model": "companies.material",
  "pk": 46,
  "fields": {
    "brand": "jacksonville",
    "name": "jefferson",
    "unit": "709",
    "kind": 19
  }
},
{
  "model": "companies.material",
  "pk": 47,
  "fields": {
    "brand": "tagged",
    "name": "craft",
    "unit": "509",
    "kind": 19
  }
},
{
  "model": "companies.material",
  "pk": 48,
  "fields": {
    "brand": "gulf",
    "name": "apr",
    "unit": "567",
    "kind": 10
  }
},
{
  "model": "companies.material",
  "pk": 49,
  "fields": {
    "brand": "notices",
    "name": "alternative",
    "unit": "225",
    "kind": 12
  }
},
{
  "model": "companies.material",
  "pk": 50,
  "fields": {
    "brand": "liability",
    "name": "minor",
    "unit": "736",
    "kind": 16
  }
},
{
  "model": "companies.material",
  "pk": 51,
  "fields": {
    "brand": "flood",
    "name": "podcast",
    "unit": "781",
    "kind": 1
  }
},
{
  "model": "companies.material",
  "pk": 52,
  "fields": {
    "brand": "time",
    "name": "latina",
    "unit": "116",
    "kind": 4
  }
},
{
  "model": "companies.material",
  "pk": 53,
  "fields": {
    "brand": "call",
    "name": "classic",
    "unit": "633",
    "kind": 2
  }
},
{
  "model": "companies.material",
  "pk": 54,
  "fields": {
    "brand": "seat",
    "name": "clips",
    "unit": "74",
    "kind": 16
  }
},
{
  "model": "companies.material",
  "pk": 55,
  "fields": {
    "brand": "plasma",
    "name": "french",
    "unit": "732",
    "kind": 7
  }
},
{
  "model": "companies.material",
  "pk": 56,
  "fields": {
    "brand": "visual",
    "name": "blogger",
    "unit": "234",
    "kind": 2
  }
},
{
  "model": "companies.material",
  "pk": 57,
  "fields": {
    "brand": "filing",
    "name": "opportunities",
    "unit": "452",
    "kind": 10
  }
},
{
  "model": "companies.material",
  "pk": 58,
  "fields": {
    "brand": "noticed",
    "name": "carry",
    "unit": "245",
    "kind": 14
  }
},
{
  "model": "companies.material",
  "pk": 59,
  "fields": {
    "brand": "front",
    "name": "payday",
    "unit": "794",
    "kind": 20
  }
},
{
  "model": "companies.material",
  "pk": 60,
  "fields": {
    "brand": "thu",
    "name": "went",
    "unit": "938",
    "kind": 7
  }
},
{
  "model": "companies.material",
  "pk": 61,
  "fields": {
    "brand": "capable",
    "name": "increasing",
    "unit": "621",
    "kind": 17
  }
},
{
  "model": "companies.material",
  "pk": 62,
  "fields": {
    "brand": "additions",
    "name": "subject",
    "unit": "152",
    "kind": 12
  }
},
{
  "model": "companies.material",
  "pk": 63,
  "fields": {
    "brand": "philadelphia",
    "name": "juice",
    "unit": "29",
    "kind": 16
  }
},
{
  "model": "companies.material",
  "pk": 64,
  "fields": {
    "brand": "donations",
    "name": "criteria",
    "unit": "134",
    "kind": 3
  }
},
{
  "model": "companies.material",
  "pk": 65,
  "fields": {
    "brand": "exciting",
    "name": "eligible",
    "unit": "728",
    "kind": 20
  }
},
{
  "model": "companies.material",
  "pk": 66,
  "fields": {
    "brand": "published",
    "name": "rape",
    "unit": "341",
    "kind": 18
  }
},
{
  "model": "companies.material",
  "pk": 67,
  "fields": {
    "brand": "on",
    "name": "using",
    "unit": "998",
    "kind": 3
  }
},
{
  "model": "companies.material",
  "pk": 68,
  "fields": {
    "brand": "cover",
    "name": "meeting",
    "unit": "836",
    "kind": 9
  }
},
{
  "model": "companies.material",
  "pk": 69,
  "fields": {
    "brand": "respectively",
    "name": "patterns",
    "unit": "558",
    "kind": 3
  }
},
{
  "model": "companies.material",
  "pk": 70,
  "fields": {
    "brand": "tags",
    "name": "bread",
    "unit": "108",
    "kind": 7
  }
},
{
  "model": "companies.material",
  "pk": 71,
  "fields": {
    "brand": "chairman",
    "name": "reports",
    "unit": "645",
    "kind": 19
  }
},
{
  "model": "companies.material",
  "pk": 72,
  "fields": {
    "brand": "stay",
    "name": "fat",
    "unit": "587",
    "kind": 18
  }
},
{
  "model": "companies.material",
  "pk": 73,
  "fields": {
    "brand": "significantly",
    "name": "display",
    "unit": "827",
    "kind": 20
  }
},
{
  "model": "companies.material",
  "pk": 74,
  "fields": {
    "brand": "estimated",
    "name": "pour",
    "unit": "209",
    "kind": 12
  }
},
{
  "model": "companies.material",
  "pk": 75,
  "fields": {
    "brand": "cotton",
    "name": "groups",
    "unit": "246",
    "kind": 12
  }
},
{
  "model": "companies.material",
  "pk": 76,
  "fields": {
    "brand": "spiritual",
    "name": "saint",
    "unit": "682",
    "kind": 9
  }
},
{
  "model": "companies.material",
  "pk": 77,
  "fields": {
    "brand": "amsterdam",
    "name": "degrees",
    "unit": "899",
    "kind": 5
  }
},
{
  "model": "companies.material",
  "pk": 78,
  "fields": {
    "brand": "total",
    "name": "captain",
    "unit": "303",
    "kind": 15
  }
},
{
  "model": "companies.material",
  "pk": 79,
  "fields": {
    "brand": "client",
    "name": "delaware",
    "unit": "936",
    "kind": 19
  }
},
{
  "model": "companies.material",
  "pk": 80,
  "fields": {
    "brand": "manhattan",
    "name": "does",
    "unit": "463",
    "kind": 8
  }
},
{
  "model": "companies.material",
  "pk": 81,
  "fields": {
    "brand": "so",
    "name": "full",
    "unit": "932",
    "kind": 7
  }
},
{
  "model": "companies.material",
  "pk": 82,
  "fields": {
    "brand": "may",
    "name": "personal",
    "unit": "585",
    "kind": 1
  }
},
{
  "model": "companies.material",
  "pk": 83,
  "fields": {
    "brand": "performed",
    "name": "mph",
    "unit": "978",
    "kind": 16
  }
},
{
  "model": "companies.material",
  "pk": 84,
  "fields": {
    "brand": "kill",
    "name": "couples",
    "unit": "770",
    "kind": 15
  }
},
{
  "model": "companies.material",
  "pk": 85,
  "fields": {
    "brand": "ipod",
    "name": "faculty",
    "unit": "669",
    "kind": 5
  }
},
{
  "model": "companies.material",
  "pk": 86,
  "fields": {
    "brand": "excerpt",
    "name": "asia",
    "unit": "251",
    "kind": 16
  }
},
{
  "model": "companies.material",
  "pk": 87,
  "fields": {
    "brand": "margaret",
    "name": "sick",
    "unit": "879",
    "kind": 12
  }
},
{
  "model": "companies.material",
  "pk": 88,
  "fields": {
    "brand": "aging",
    "name": "zoo",
    "unit": "875",
    "kind": 15
  }
},
{
  "model": "companies.material",
  "pk": 89,
  "fields": {
    "brand": "wrong",
    "name": "sections",
    "unit": "983",
    "kind": 3
  }
},
{
  "model": "companies.material",
  "pk": 90,
  "fields": {
    "brand": "referred",
    "name": "hide",
    "unit": "630",
    "kind": 17
  }
},
{
  "model": "companies.material",
  "pk": 91,
  "fields": {
    "brand": "paint",
    "name": "enjoyed",
    "unit": "374",
    "kind": 18
  }
},
{
  "model": "companies.material",
  "pk": 92,
  "fields": {
    "brand": "looked",
    "name": "roll",
    "unit": "336",
    "kind": 9
  }
},
{
  "model": "companies.material",
  "pk": 93,
  "fields": {
    "brand": "discipline",
    "name": "teacher",
    "unit": "497",
    "kind": 3
  }
},
{
  "model": "companies.material",
  "pk": 94,
  "fields": {
    "brand": "eg",
    "name": "woman",
    "unit": "835",
    "kind": 1
  }
},
{
  "model": "companies.material",
  "pk": 95,
  "fields": {
    "brand": "patterns",
    "name": "ot",
    "unit": "463",
    "kind": 3
  }
},
{
  "model": "companies.material",
  "pk": 96,
  "fields": {
    "brand": "lewis",
    "name": "airline",
    "unit": "707",
    "kind": 5
  }
},
{
  "model": "companies.material",
  "pk": 97,
  "fields": {
    "brand": "eliminate",
    "name": "helping",
    "unit": "432",
    "kind": 15
  }
},
{
  "model": "companies.material",
  "pk": 98,
  "fields": {
    "brand": "combination",
    "name": "inner",
    "unit": "509",
    "kind": 11
  }
},
{
  "model": "companies.material",
  "pk": 99,
  "fields": {
    "brand": "what",
    "name": "hurricane",
    "unit": "390",
    "kind": 14
  }
},
{
  "model": "companies.material",
  "pk": 100,
  "fields": {
    "brand": "broadcast",
    "name": "restaurant",
    "unit": "613",
    "kind": 12
  }
},
{
  "model": "companies.stockmaterial",
  "pk": 1,
  "fields": {
    "material": 44,
    "price": "6212.00",
    "quantity": 639,
    "stock": 18
  }
},
{
  "model": "companies.stockmaterial",
  "pk": 2,
  "fields": {
    "material": 94,
    "price": "6395.00",
    "quantity": 982,
    "stock": 4
  }
},
{
  "model": "companies.stockmaterial",
  "pk": 3,
  "fields": {
    "material": 93,
    "price": "45977.00",
    "quantity": 210,
    "stock": 13
  }
},
{
  "model": "companies.stockmaterial",
  "pk": 4,
  "fields": {
    "material": 27,
    "price": "13256.00",
    "quantity": 466,
    "stock": 15
  }
},
{
  "model": "companies.stockmaterial",
  "pk": 5,
  "fields": {
    "material": 6,
    "price": "29959.00",
    "quantity": 176,
    "stock": 3
  }
},
{
  "model": "companies.stockmaterial",
  "pk": 6,
  "fields": {
    "material": 12,
    "price": "7404.00",
    "quantity": 210,
    "stock": 10
  }
},
{
  "model": "companies.stockmaterial",
  "pk": 7,
  "fields": {
    "material": 2,
    "price": "22119.00",
    "quantity": 760,
    "stock": 9
  }
},
{
  "model": "companies.stockmaterial",
  "pk": 8,
  "fields": {
    "material": 44,
    "price": "37943.00",
    "quantity": 377,
    "stock": 18
  }
},
{
  "model": "companies.stockmaterial",
  "pk": 9,
  "fields": {
    "material": 36,
    "price": "32346.00",
    "quantity": 910,
    "stock": 5
  }
},
{
  "model": "companies.stockmaterial",
  "pk": 10,
  "fields": {
    "material": 90,
    "price": "33915.00",
    "quantity": 604,
    "stock": 9
  }
},
{
  "model": "companies.stockmaterial",
  "pk": 11,
  "fields": {
    "material": 83,
    "price": "36990.00",
    "quantity": 401,
    "stock": 19
  }
},
{
  "model": "companies.stockmaterial",
  "pk": 12,
  "fields": {
    "material": 93,
    "price": "47289.00",
    "quantity": 210,
    "stock": 4
  }
},
{
  "model": "companies.stockmaterial",
  "pk": 13,
  "fields": {
    "material": 52,
    "price": "39199.00",
    "quantity": 456,
    "stock": 8
  }
},
{
  "model": "companies.stockmaterial",
  "pk": 14,
  "fields": {
    "material": 48,
    "price": "9356.00",
    "quantity": 48,
    "stock": 14
  }
},
{
  "model": "companies.stockmaterial",
  "pk": 15,
  "fields": {
    "material": 69,
    "price": "25457.00",
    "quantity": 634,
    "stock": 11
  }
},
{
  "model": "companies.stockmaterial",
  "pk": 16,
  "fields": {
    "material": 98,
    "price": "16297.00",
    "quantity": 182,
    "stock": 4
  }
},
{
  "model": "companies.stockmaterial",
  "pk": 17,
  "fields": {
    "material": 15,
    "price": "7682.00",
    "quantity": 169,
    "stock": 9
  }
},
{
  "model": "companies.stockmaterial",
  "pk": 18,
  "fields": {
    "material": 7,
    "price": "37156.00",
    "quantity": 973,
    "stock": 14
  }
},
{
  "model": "companies.stockmaterial",
  "pk": 19,
  "fields": {
    "material": 58,
    "price": "22268.00",
    "quantity": 477,
    "stock": 4
  }
},
{
  "model": "companies.stockmaterial",
  "pk": 20,
  "fields": {
    "material": 85,
    "price": "40632.00",
    "quantity": 434,
    "stock": 18
  }
},
{
  "model": "companies.stockmaterial",
  "pk": 21,
  "fields": {
    "material": 18,
    "price": "13895.00",
    "quantity": 889,
    "stock": 13
  }
},
{
  "model": "companies.stockmaterial",
  "pk": 22,
  "fields": {
    "material": 72,
    "price": "13035.00",
    "quantity": 717,
    "stock": 9
  }
},
{
  "model": "companies.stockmaterial",
  "pk": 23,
  "fields": {
    "material": 97,
    "price": "3638.00",
    "quantity": 638,
    "stock": 4
  }
},
{
  "model": "companies.stockmaterial",
  "pk": 24,
  "fields": {
    "material": 31,
    "price": "48848.00",
    "quantity": 229,
    "stock": 6
  }
},
{
  "model": "companies.stockmaterial",
  "pk": 25,
  "fields": {
    "material": 96,
    "price": "45085.00",
    "quantity": 691,
    "stock": 6
  }
},
{
  "model": "companies.stockmaterial",
  "pk": 26,
  "fields": {
    "material": 56,
    "price": "2943.00",
    "quantity": 242,
    "stock": 3
  }
},
{
  "model": "companies.stockmaterial",
  "pk": 27,
  "fields": {
    "material": 9,
    "price": "36617.00",
    "quantity": 66,
    "stock": 7
  }
},
{
  "model": "companies.stockmaterial",
  "pk": 28,
  "fields": {
    "material": 28,
    "price": "33265.00",
    "quantity": 101,
    "stock": 13
  }
},
{
  "model": "companies.stockmaterial",
  "pk": 29,
  "fields": {
    "material": 81,
    "price": "16121.00",
    "quantity": 633,
    "stock": 2
  }
},
{
  "model": "companies.stockmaterial",
  "pk": 30,
  "fields": {
    "material": 97,
    "price": "30263.00",
    "quantity": 176,
    "stock": 15
  }
},
{
  "model": "companies.stockmaterial",
  "pk": 31,
  "fields": {
    "material": 79,
    "price": "7035.00",
    "quantity": 551,
    "stock": 3
  }
},
{
  "model": "companies.stockmaterial",
  "pk": 32,
  "fields": {
    "material": 17,
    "price": "4597.00",
    "quantity": 601,
    "stock": 6
  }
},
{
  "model": "companies.stockmaterial",
  "pk": 33,
  "fields": {
    "material": 88,
    "price": "34121.00",
    "quantity": 917,
    "stock": 4
  }
},
{
  "model": "companies.stockmaterial",
  "pk": 34,
  "fields": {
    "material": 69,
    "price": "21940.00",
    "quantity": 949,
    "stock": 4
  }
},
{
  "model": "companies.stockmaterial",
  "pk": 35,
  "fields": {
    "material": 47,
    "price": "39309.00",
    "quantity": 304,
    "stock": 16
  }
},
{
  "model": "companies.stockmaterial",
  "pk": 36,
  "fields": {
    "material": 50,
    "price": "15040.00",
    "quantity": 897,
    "stock": 2
  }
},
{
  "model": "companies.stockmaterial",
  "pk": 37,
  "fields": {
    "material": 90,
    "price": "43595.00",
    "quantity": 427,
    "stock": 6
  }
},
{
  "model": "companies.stockmaterial",
  "pk": 38,
  "fields": {
    "material": 70,
    "price": "3289.00",
    "quantity": 593,
    "stock": 8
  }
},
{
  "model": "companies.stockmaterial",
  "pk": 39,
  "fields": {
    "material": 33,
    "price": "31773.00",
    "quantity": 127,
    "stock": 16
  }
},
{
  "model": "companies.stockmaterial",
  "pk": 40,
  "fields": {
    "material": 86,
    "price": "10047.00",
    "quantity": 785,
    "stock": 17
  }
},
{
  "model": "companies.stockmaterial",
  "pk": 41,
  "fields": {
    "material": 82,
    "price": "12065.00",
    "quantity": 215,
    "stock": 1
  }
},
{
  "model": "companies.stockmaterial",
  "pk": 42,
  "fields": {
    "material": 33,
    "price": "171.00",
    "quantity": 527,
    "stock": 8
  }
},
{
  "model": "companies.stockmaterial",
  "pk": 43,
  "fields": {
    "material": 71,
    "price": "1438.00",
    "quantity": 858,
    "stock": 15
  }
},
{
  "model": "companies.stockmaterial",
  "pk": 44,
  "fields": {
    "material": 17,
    "price": "35314.00",
    "quantity": 721,
    "stock": 9
  }
},
{
  "model": "companies.stockmaterial",
  "pk": 45,
  "fields": {
    "material": 19,
    "price": "10323.00",
    "quantity": 217,
    "stock": 7
  }
},
{
  "model": "companies.stockmaterial",
  "pk": 46,
  "fields": {
    "material": 94,
    "price": "39031.00",
    "quantity": 149,
    "stock": 7
  }
},
{
  "model": "companies.stockmaterial",
  "pk": 47,
  "fields": {
    "material": 36,
    "price": "6746.00",
    "quantity": 536,
    "stock": 13
  }
},
{
  "model": "companies.stockmaterial",
  "pk": 48,
  "fields": {
    "material": 21,
    "price": "18720.00",
    "quantity": 615,
    "stock": 9
  }
},
{
  "model": "companies.stockmaterial",
  "pk": 49,
  "fields": {
    "material": 7,
    "price": "28020.00",
    "quantity": 180,
    "stock": 17
  }
},
{
  "model": "companies.stockmaterial",
  "pk": 50,
  "fields": {
    "material": 33,
    "price": "12894.00",
    "quantity": 146,
    "stock": 2
  }
},
{
  "model": "companies.stock",
  "pk": 1,
  "fields": {
    "date": "2007-07-27",
    "point": 3,
    "status": "draft"
  }
},
{
  "model": "companies.stock",
  "pk": 2,
  "fields": {
    "date": "2006-06-27",
    "point": 4,
    "status": "draft"
  }
},
{
  "model": "companies.stock",
  "pk": 3,
  "fields": {
    "date": "2019-07-28",
    "point": 10,
    "status": "canceled"
  }
},
{
  "model": "companies.stock",
  "pk": 4,
  "fields": {
    "date": "2003-05-14",
    "point": 6,
    "status": "done"
  }
},
{
  "model": "companies.stock",
  "pk": 5,
  "fields": {
    "date": "2006-01-21",
    "point": 5,
    "status": "canceled"
  }
},
{
  "model": "companies.stock",
  "pk": 6,
  "fields": {
    "date": "2015-12-10",
    "point": 4,
    "status": "done"
  }
},
{
  "model": "companies.stock",
  "pk": 7,
  "fields": {
    "date": "2004-11-09",
    "point": 7,
    "status": "draft"
  }
},
{
  "model": "companies.stock",
  "pk": 8,
  "fields": {
    "date": "2008-06-16",
    "point": 5,
    "status": "progress"
  }
},
{
  "model": "companies.stock",
  "pk": 9,
  "fields": {
    "date": "2020-03-10",
    "point": 3,
    "status": "draft"
  }
},
{
  "model": "companies.stock",
  "pk": 10,
  "fields": {
    "date": "2008-01-31",
    "point": 1,
    "status": "progress"
  }
},
{
  "model": "companies.stock",
  "pk": 11,
  "fields": {
    "date": "2018-03-25",
    "point": 4,
    "status": "canceled"
  }
},
{
  "model": "companies.stock",
  "pk": 12,
  "fields": {
    "date": "2007-07-01",
    "point": 1,
    "status": "draft"
  }
},
{
  "model": "companies.stock",
  "pk": 13,
  "fields": {
    "date": "2007-07-01",
    "point": 5,
    "status": "progress"
  }
},
{
  "model": "companies.stock",
  "pk": 14,
  "fields": {
    "date": "2007-11-27",
    "point": 3,
    "status": "draft"
  }
},
{
  "model": "companies.stock",
  "pk": 15,
  "fields": {
    "date": "2004-08-29",
    "point": 6,
    "status": "canceled"
  }
},
{
  "model": "companies.stock",
  "pk": 16,
  "fields": {
    "date": "2003-04-12",
    "point": 9,
    "status": "canceled"
  }
},
{
  "model": "companies.stock",
  "pk": 17,
  "fields": {
    "date": "2000-06-01",
    "point": 9,
    "status": "canceled"
  }
},
{
  "model": "companies.stock",
  "pk": 18,
  "fields": {
    "date": "2009-05-11",
    "point": 3,
    "status": "draft"
  }
},
{
  "model": "companies.stock",
  "pk": 19,
  "fields": {
    "date": "2018-04-25",
    "point": 8,
    "status": "progress"
  }
},
{
  "model": "companies.stock",
  "pk": 20,
  "fields": {
    "date": "2005-06-07",
    "point": 6,
    "status": "canceled"
  }
}
]
