[
{
  "model": "purchases.productmaterial",
  "pk": 1,
  "fields": {
    "created": "2024-03-13T12:29:25.072Z",
    "modified": "2024-03-13T12:29:25.072Z",
    "archived": null,
    "material": 20,
    "price": "16854.00"
  }
},
{
  "model": "purchases.productmaterial",
  "pk": 2,
  "fields": {
    "created": "2024-03-13T12:29:25.075Z",
    "modified": "2024-03-13T12:29:25.075Z",
    "archived": null,
    "material": 29,
    "price": "4523.00"
  }
},
{
  "model": "purchases.productmaterial",
  "pk": 3,
  "fields": {
    "created": "2024-03-13T12:29:25.079Z",
    "modified": "2024-03-13T12:29:25.079Z",
    "archived": null,
    "material": 3,
    "price": "1899.00"
  }
},
{
  "model": "purchases.productmaterial",
  "pk": 4,
  "fields": {
    "created": "2024-03-13T12:29:25.082Z",
    "modified": "2024-03-13T12:29:25.082Z",
    "archived": null,
    "material": 28,
    "price": "290.00"
  }
},
{
  "model": "purchases.productmaterial",
  "pk": 5,
  "fields": {
    "created": "2024-03-13T12:29:25.086Z",
    "modified": "2024-03-13T12:29:25.086Z",
    "archived": null,
    "material": 50,
    "price": "29126.00"
  }
},
{
  "model": "purchases.productmaterial",
  "pk": 6,
  "fields": {
    "created": "2024-03-13T12:29:25.089Z",
    "modified": "2024-03-13T12:29:25.089Z",
    "archived": null,
    "material": 6,
    "price": "17862.00"
  }
},
{
  "model": "purchases.productmaterial",
  "pk": 7,
  "fields": {
    "created": "2024-03-13T12:29:25.093Z",
    "modified": "2024-03-13T12:29:25.093Z",
    "archived": null,
    "material": 15,
    "price": "46878.00"
  }
},
{
  "model": "purchases.productmaterial",
  "pk": 8,
  "fields": {
    "created": "2024-03-13T12:29:25.096Z",
    "modified": "2024-03-13T12:29:25.096Z",
    "archived": null,
    "material": 4,
    "price": "8714.00"
  }
},
{
  "model": "purchases.productmaterial",
  "pk": 9,
  "fields": {
    "created": "2024-03-13T12:29:25.099Z",
    "modified": "2024-03-13T12:29:25.099Z",
    "archived": null,
    "material": 3,
    "price": "62.00"
  }
},
{
  "model": "purchases.productmaterial",
  "pk": 10,
  "fields": {
    "created": "2024-03-13T12:29:25.103Z",
    "modified": "2024-03-13T12:29:25.103Z",
    "archived": null,
    "material": 14,
    "price": "3929.00"
  }
},
{
  "model": "purchases.productmaterial",
  "pk": 11,
  "fields": {
    "created": "2024-03-13T12:29:25.106Z",
    "modified": "2024-03-13T12:29:25.106Z",
    "archived": null,
    "material": 25,
    "price": "6591.00"
  }
},
{
  "model": "purchases.productmaterial",
  "pk": 12,
  "fields": {
    "created": "2024-03-13T12:29:25.110Z",
    "modified": "2024-03-13T12:29:25.110Z",
    "archived": null,
    "material": 41,
    "price": "35656.00"
  }
},
{
  "model": "purchases.productmaterial",
  "pk": 13,
  "fields": {
    "created": "2024-03-13T12:29:25.114Z",
    "modified": "2024-03-13T12:29:25.114Z",
    "archived": null,
    "material": 2,
    "price": "43271.00"
  }
},
{
  "model": "purchases.productmaterial",
  "pk": 14,
  "fields": {
    "created": "2024-03-13T12:29:25.117Z",
    "modified": "2024-03-13T12:29:25.117Z",
    "archived": null,
    "material": 30,
    "price": "13790.00"
  }
},
{
  "model": "purchases.productmaterial",
  "pk": 15,
  "fields": {
    "created": "2024-03-13T12:29:25.120Z",
    "modified": "2024-03-13T12:29:25.120Z",
    "archived": null,
    "material": 13,
    "price": "351.00"
  }
},
{
  "model": "purchases.productmaterial",
  "pk": 16,
  "fields": {
    "created": "2024-03-13T12:29:25.124Z",
    "modified": "2024-03-13T12:29:25.124Z",
    "archived": null,
    "material": 40,
    "price": "43227.00"
  }
},
{
  "model": "purchases.productmaterial",
  "pk": 17,
  "fields": {
    "created": "2024-03-13T12:29:25.127Z",
    "modified": "2024-03-13T12:29:25.127Z",
    "archived": null,
    "material": 19,
    "price": "28663.00"
  }
},
{
  "model": "purchases.productmaterial",
  "pk": 18,
  "fields": {
    "created": "2024-03-13T12:29:25.131Z",
    "modified": "2024-03-13T12:29:25.131Z",
    "archived": null,
    "material": 33,
    "price": "38580.00"
  }
},
{
  "model": "purchases.productmaterial",
  "pk": 19,
  "fields": {
    "created": "2024-03-13T12:29:25.134Z",
    "modified": "2024-03-13T12:29:25.134Z",
    "archived": null,
    "material": 3,
    "price": "2468.00"
  }
},
{
  "model": "purchases.productmaterial",
  "pk": 20,
  "fields": {
    "created": "2024-03-13T12:29:25.137Z",
    "modified": "2024-03-13T12:29:25.137Z",
    "archived": null,
    "material": 24,
    "price": "31589.00"
  }
},
{
  "model": "purchases.productmaterial",
  "pk": 21,
  "fields": {
    "created": "2024-03-13T12:29:25.141Z",
    "modified": "2024-03-13T12:29:25.141Z",
    "archived": null,
    "material": 20,
    "price": "1186.00"
  }
},
{
  "model": "purchases.productmaterial",
  "pk": 22,
  "fields": {
    "created": "2024-03-13T12:29:25.144Z",
    "modified": "2024-03-13T12:29:25.144Z",
    "archived": null,
    "material": 12,
    "price": "46201.00"
  }
},
{
  "model": "purchases.productmaterial",
  "pk": 23,
  "fields": {
    "created": "2024-03-13T12:29:25.148Z",
    "modified": "2024-03-13T12:29:25.148Z",
    "archived": null,
    "material": 24,
    "price": "9026.00"
  }
},
{
  "model": "purchases.productmaterial",
  "pk": 24,
  "fields": {
    "created": "2024-03-13T12:29:25.151Z",
    "modified": "2024-03-13T12:29:25.151Z",
    "archived": null,
    "material": 19,
    "price": "27815.00"
  }
},
{
  "model": "purchases.productmaterial",
  "pk": 25,
  "fields": {
    "created": "2024-03-13T12:29:25.154Z",
    "modified": "2024-03-13T12:29:25.154Z",
    "archived": null,
    "material": 12,
    "price": "35923.00"
  }
},
{
  "model": "purchases.productmaterial",
  "pk": 26,
  "fields": {
    "created": "2024-03-13T12:29:25.158Z",
    "modified": "2024-03-13T12:29:25.158Z",
    "archived": null,
    "material": 21,
    "price": "20187.00"
  }
},
{
  "model": "purchases.productmaterial",
  "pk": 27,
  "fields": {
    "created": "2024-03-13T12:29:25.161Z",
    "modified": "2024-03-13T12:29:25.161Z",
    "archived": null,
    "material": 20,
    "price": "14351.00"
  }
},
{
  "model": "purchases.productmaterial",
  "pk": 28,
  "fields": {
    "created": "2024-03-13T12:29:25.165Z",
    "modified": "2024-03-13T12:29:25.165Z",
    "archived": null,
    "material": 29,
    "price": "26161.00"
  }
},
{
  "model": "purchases.productmaterial",
  "pk": 29,
  "fields": {
    "created": "2024-03-13T12:29:25.168Z",
    "modified": "2024-03-13T12:29:25.168Z",
    "archived": null,
    "material": 22,
    "price": "6464.00"
  }
},
{
  "model": "purchases.productmaterial",
  "pk": 30,
  "fields": {
    "created": "2024-03-13T12:29:25.172Z",
    "modified": "2024-03-13T12:29:25.172Z",
    "archived": null,
    "material": 22,
    "price": "17192.00"
  }
},
{
  "model": "purchases.productmaterial",
  "pk": 31,
  "fields": {
    "created": "2024-03-13T12:29:25.175Z",
    "modified": "2024-03-13T12:29:25.175Z",
    "archived": null,
    "material": 28,
    "price": "28760.00"
  }
},
{
  "model": "purchases.productmaterial",
  "pk": 32,
  "fields": {
    "created": "2024-03-13T12:29:25.178Z",
    "modified": "2024-03-13T12:29:25.178Z",
    "archived": null,
    "material": 35,
    "price": "12693.00"
  }
},
{
  "model": "purchases.productmaterial",
  "pk": 33,
  "fields": {
    "created": "2024-03-13T12:29:25.182Z",
    "modified": "2024-03-13T12:29:25.182Z",
    "archived": null,
    "material": 17,
    "price": "30662.00"
  }
},
{
  "model": "purchases.productmaterial",
  "pk": 34,
  "fields": {
    "created": "2024-03-13T12:29:25.185Z",
    "modified": "2024-03-13T12:29:25.185Z",
    "archived": null,
    "material": 28,
    "price": "13088.00"
  }
},
{
  "model": "purchases.productmaterial",
  "pk": 35,
  "fields": {
    "created": "2024-03-13T12:29:25.189Z",
    "modified": "2024-03-13T12:29:25.189Z",
    "archived": null,
    "material": 38,
    "price": "4132.00"
  }
},
{
  "model": "purchases.productmaterial",
  "pk": 36,
  "fields": {
    "created": "2024-03-13T12:29:25.192Z",
    "modified": "2024-03-13T12:29:25.192Z",
    "archived": null,
    "material": 14,
    "price": "47065.00"
  }
},
{
  "model": "purchases.productmaterial",
  "pk": 37,
  "fields": {
    "created": "2024-03-13T12:29:25.195Z",
    "modified": "2024-03-13T12:29:25.195Z",
    "archived": null,
    "material": 18,
    "price": "18640.00"
  }
},
{
  "model": "purchases.productmaterial",
  "pk": 38,
  "fields": {
    "created": "2024-03-13T12:29:25.199Z",
    "modified": "2024-03-13T12:29:25.199Z",
    "archived": null,
    "material": 22,
    "price": "18188.00"
  }
},
{
  "model": "purchases.productmaterial",
  "pk": 39,
  "fields": {
    "created": "2024-03-13T12:29:25.202Z",
    "modified": "2024-03-13T12:29:25.202Z",
    "archived": null,
    "material": 41,
    "price": "45997.00"
  }
},
{
  "model": "purchases.productmaterial",
  "pk": 40,
  "fields": {
    "created": "2024-03-13T12:29:25.206Z",
    "modified": "2024-03-13T12:29:25.206Z",
    "archived": null,
    "material": 49,
    "price": "12530.00"
  }
},
{
  "model": "purchases.productmaterial",
  "pk": 41,
  "fields": {
    "created": "2024-03-13T12:29:25.209Z",
    "modified": "2024-03-13T12:29:25.209Z",
    "archived": null,
    "material": 32,
    "price": "31528.00"
  }
},
{
  "model": "purchases.productmaterial",
  "pk": 42,
  "fields": {
    "created": "2024-03-13T12:29:25.213Z",
    "modified": "2024-03-13T12:29:25.213Z",
    "archived": null,
    "material": 40,
    "price": "30489.00"
  }
},
{
  "model": "purchases.productmaterial",
  "pk": 43,
  "fields": {
    "created": "2024-03-13T12:29:25.216Z",
    "modified": "2024-03-13T12:29:25.216Z",
    "archived": null,
    "material": 25,
    "price": "29117.00"
  }
},
{
  "model": "purchases.productmaterial",
  "pk": 44,
  "fields": {
    "created": "2024-03-13T12:29:25.220Z",
    "modified": "2024-03-13T12:29:25.220Z",
    "archived": null,
    "material": 6,
    "price": "17598.00"
  }
},
{
  "model": "purchases.productmaterial",
  "pk": 45,
  "fields": {
    "created": "2024-03-13T12:29:25.223Z",
    "modified": "2024-03-13T12:29:25.223Z",
    "archived": null,
    "material": 30,
    "price": "34228.00"
  }
},
{
  "model": "purchases.productmaterial",
  "pk": 46,
  "fields": {
    "created": "2024-03-13T12:29:25.226Z",
    "modified": "2024-03-13T12:29:25.226Z",
    "archived": null,
    "material": 49,
    "price": "26024.00"
  }
},
{
  "model": "purchases.productmaterial",
  "pk": 47,
  "fields": {
    "created": "2024-03-13T12:29:25.230Z",
    "modified": "2024-03-13T12:29:25.230Z",
    "archived": null,
    "material": 12,
    "price": "40117.00"
  }
},
{
  "model": "purchases.productmaterial",
  "pk": 48,
  "fields": {
    "created": "2024-03-13T12:29:25.233Z",
    "modified": "2024-03-13T12:29:25.233Z",
    "archived": null,
    "material": 24,
    "price": "23018.00"
  }
},
{
  "model": "purchases.productmaterial",
  "pk": 49,
  "fields": {
    "created": "2024-03-13T12:29:25.237Z",
    "modified": "2024-03-13T12:29:25.237Z",
    "archived": null,
    "material": 1,
    "price": "37488.00"
  }
},
{
  "model": "purchases.productmaterial",
  "pk": 50,
  "fields": {
    "created": "2024-03-13T12:29:25.240Z",
    "modified": "2024-03-13T12:29:25.240Z",
    "archived": null,
    "material": 15,
    "price": "995.00"
  }
},
{
  "model": "purchases.productmaterial",
  "pk": 51,
  "fields": {
    "created": "2024-03-13T12:29:25.244Z",
    "modified": "2024-03-13T12:29:25.244Z",
    "archived": null,
    "material": 47,
    "price": "15675.00"
  }
},
{
  "model": "purchases.productmaterial",
  "pk": 52,
  "fields": {
    "created": "2024-03-13T12:29:25.248Z",
    "modified": "2024-03-13T12:29:25.248Z",
    "archived": null,
    "material": 8,
    "price": "8776.00"
  }
},
{
  "model": "purchases.productmaterial",
  "pk": 53,
  "fields": {
    "created": "2024-03-13T12:29:25.251Z",
    "modified": "2024-03-13T12:29:25.251Z",
    "archived": null,
    "material": 44,
    "price": "849.00"
  }
},
{
  "model": "purchases.productmaterial",
  "pk": 54,
  "fields": {
    "created": "2024-03-13T12:29:25.255Z",
    "modified": "2024-03-13T12:29:25.255Z",
    "archived": null,
    "material": 34,
    "price": "10178.00"
  }
},
{
  "model": "purchases.productmaterial",
  "pk": 55,
  "fields": {
    "created": "2024-03-13T12:29:25.258Z",
    "modified": "2024-03-13T12:29:25.258Z",
    "archived": null,
    "material": 3,
    "price": "39183.00"
  }
},
{
  "model": "purchases.productmaterial",
  "pk": 56,
  "fields": {
    "created": "2024-03-13T12:29:25.262Z",
    "modified": "2024-03-13T12:29:25.262Z",
    "archived": null,
    "material": 24,
    "price": "45616.00"
  }
},
{
  "model": "purchases.productmaterial",
  "pk": 57,
  "fields": {
    "created": "2024-03-13T12:29:25.265Z",
    "modified": "2024-03-13T12:29:25.265Z",
    "archived": null,
    "material": 12,
    "price": "25016.00"
  }
},
{
  "model": "purchases.productmaterial",
  "pk": 58,
  "fields": {
    "created": "2024-03-13T12:29:25.268Z",
    "modified": "2024-03-13T12:29:25.268Z",
    "archived": null,
    "material": 35,
    "price": "3861.00"
  }
},
{
  "model": "purchases.productmaterial",
  "pk": 59,
  "fields": {
    "created": "2024-03-13T12:29:25.272Z",
    "modified": "2024-03-13T12:29:25.272Z",
    "archived": null,
    "material": 41,
    "price": "31124.00"
  }
},
{
  "model": "purchases.productmaterial",
  "pk": 60,
  "fields": {
    "created": "2024-03-13T12:29:25.275Z",
    "modified": "2024-03-13T12:29:25.275Z",
    "archived": null,
    "material": 12,
    "price": "32290.00"
  }
},
{
  "model": "purchases.productmaterial",
  "pk": 61,
  "fields": {
    "created": "2024-03-13T12:29:25.279Z",
    "modified": "2024-03-13T12:29:25.279Z",
    "archived": null,
    "material": 47,
    "price": "20677.00"
  }
},
{
  "model": "purchases.productmaterial",
  "pk": 62,
  "fields": {
    "created": "2024-03-13T12:29:25.282Z",
    "modified": "2024-03-13T12:29:25.282Z",
    "archived": null,
    "material": 4,
    "price": "1738.00"
  }
},
{
  "model": "purchases.productmaterial",
  "pk": 63,
  "fields": {
    "created": "2024-03-13T12:29:25.286Z",
    "modified": "2024-03-13T12:29:25.286Z",
    "archived": null,
    "material": 14,
    "price": "49869.00"
  }
},
{
  "model": "purchases.productmaterial",
  "pk": 64,
  "fields": {
    "created": "2024-03-13T12:29:25.290Z",
    "modified": "2024-03-13T12:29:25.290Z",
    "archived": null,
    "material": 11,
    "price": "44572.00"
  }
},
{
  "model": "purchases.productmaterial",
  "pk": 65,
  "fields": {
    "created": "2024-03-13T12:29:25.293Z",
    "modified": "2024-03-13T12:29:25.293Z",
    "archived": null,
    "material": 43,
    "price": "33665.00"
  }
},
{
  "model": "purchases.productmaterial",
  "pk": 66,
  "fields": {
    "created": "2024-03-13T12:29:25.296Z",
    "modified": "2024-03-13T12:29:25.296Z",
    "archived": null,
    "material": 44,
    "price": "1246.00"
  }
},
{
  "model": "purchases.productmaterial",
  "pk": 67,
  "fields": {
    "created": "2024-03-13T12:29:25.300Z",
    "modified": "2024-03-13T12:29:25.300Z",
    "archived": null,
    "material": 40,
    "price": "6808.00"
  }
},
{
  "model": "purchases.productmaterial",
  "pk": 68,
  "fields": {
    "created": "2024-03-13T12:29:25.304Z",
    "modified": "2024-03-13T12:29:25.304Z",
    "archived": null,
    "material": 50,
    "price": "37392.00"
  }
},
{
  "model": "purchases.productmaterial",
  "pk": 69,
  "fields": {
    "created": "2024-03-13T12:29:25.307Z",
    "modified": "2024-03-13T12:29:25.307Z",
    "archived": null,
    "material": 1,
    "price": "23706.00"
  }
},
{
  "model": "purchases.productmaterial",
  "pk": 70,
  "fields": {
    "created": "2024-03-13T12:29:25.312Z",
    "modified": "2024-03-13T12:29:25.312Z",
    "archived": null,
    "material": 8,
    "price": "18235.00"
  }
},
{
  "model": "purchases.productmaterial",
  "pk": 71,
  "fields": {
    "created": "2024-03-13T12:29:25.316Z",
    "modified": "2024-03-13T12:29:25.316Z",
    "archived": null,
    "material": 22,
    "price": "2343.00"
  }
},
{
  "model": "purchases.productmaterial",
  "pk": 72,
  "fields": {
    "created": "2024-03-13T12:29:25.319Z",
    "modified": "2024-03-13T12:29:25.319Z",
    "archived": null,
    "material": 1,
    "price": "49050.00"
  }
},
{
  "model": "purchases.productmaterial",
  "pk": 73,
  "fields": {
    "created": "2024-03-13T12:29:25.324Z",
    "modified": "2024-03-13T12:29:25.324Z",
    "archived": null,
    "material": 22,
    "price": "24888.00"
  }
},
{
  "model": "purchases.productmaterial",
  "pk": 74,
  "fields": {
    "created": "2024-03-13T12:29:25.327Z",
    "modified": "2024-03-13T12:29:25.327Z",
    "archived": null,
    "material": 36,
    "price": "37495.00"
  }
},
{
  "model": "purchases.productmaterial",
  "pk": 75,
  "fields": {
    "created": "2024-03-13T12:29:25.331Z",
    "modified": "2024-03-13T12:29:25.331Z",
    "archived": null,
    "material": 23,
    "price": "43133.00"
  }
},
{
  "model": "purchases.productmaterial",
  "pk": 76,
  "fields": {
    "created": "2024-03-13T12:29:25.334Z",
    "modified": "2024-03-13T12:29:25.334Z",
    "archived": null,
    "material": 34,
    "price": "36898.00"
  }
},
{
  "model": "purchases.productmaterial",
  "pk": 77,
  "fields": {
    "created": "2024-03-13T12:29:25.338Z",
    "modified": "2024-03-13T12:29:25.338Z",
    "archived": null,
    "material": 48,
    "price": "18445.00"
  }
},
{
  "model": "purchases.productmaterial",
  "pk": 78,
  "fields": {
    "created": "2024-03-13T12:29:25.341Z",
    "modified": "2024-03-13T12:29:25.341Z",
    "archived": null,
    "material": 44,
    "price": "29366.00"
  }
},
{
  "model": "purchases.productmaterial",
  "pk": 79,
  "fields": {
    "created": "2024-03-13T12:29:25.344Z",
    "modified": "2024-03-13T12:29:25.344Z",
    "archived": null,
    "material": 16,
    "price": "45301.00"
  }
},
{
  "model": "purchases.productmaterial",
  "pk": 80,
  "fields": {
    "created": "2024-03-13T12:29:25.348Z",
    "modified": "2024-03-13T12:29:25.348Z",
    "archived": null,
    "material": 22,
    "price": "6618.00"
  }
},
{
  "model": "purchases.productmaterial",
  "pk": 81,
  "fields": {
    "created": "2024-03-13T12:29:25.351Z",
    "modified": "2024-03-13T12:29:25.351Z",
    "archived": null,
    "material": 14,
    "price": "45139.00"
  }
},
{
  "model": "purchases.productmaterial",
  "pk": 82,
  "fields": {
    "created": "2024-03-13T12:29:25.354Z",
    "modified": "2024-03-13T12:29:25.354Z",
    "archived": null,
    "material": 12,
    "price": "49077.00"
  }
},
{
  "model": "purchases.productmaterial",
  "pk": 83,
  "fields": {
    "created": "2024-03-13T12:29:25.358Z",
    "modified": "2024-03-13T12:29:25.358Z",
    "archived": null,
    "material": 35,
    "price": "34110.00"
  }
},
{
  "model": "purchases.productmaterial",
  "pk": 84,
  "fields": {
    "created": "2024-03-13T12:29:25.361Z",
    "modified": "2024-03-13T12:29:25.361Z",
    "archived": null,
    "material": 32,
    "price": "29903.00"
  }
},
{
  "model": "purchases.productmaterial",
  "pk": 85,
  "fields": {
    "created": "2024-03-13T12:29:25.365Z",
    "modified": "2024-03-13T12:29:25.365Z",
    "archived": null,
    "material": 50,
    "price": "29848.00"
  }
},
{
  "model": "purchases.productmaterial",
  "pk": 86,
  "fields": {
    "created": "2024-03-13T12:29:25.368Z",
    "modified": "2024-03-13T12:29:25.368Z",
    "archived": null,
    "material": 27,
    "price": "11402.00"
  }
},
{
  "model": "purchases.productmaterial",
  "pk": 87,
  "fields": {
    "created": "2024-03-13T12:29:25.372Z",
    "modified": "2024-03-13T12:29:25.372Z",
    "archived": null,
    "material": 29,
    "price": "19889.00"
  }
},
{
  "model": "purchases.productmaterial",
  "pk": 88,
  "fields": {
    "created": "2024-03-13T12:29:25.375Z",
    "modified": "2024-03-13T12:29:25.375Z",
    "archived": null,
    "material": 31,
    "price": "18026.00"
  }
},
{
  "model": "purchases.productmaterial",
  "pk": 89,
  "fields": {
    "created": "2024-03-13T12:29:25.378Z",
    "modified": "2024-03-13T12:29:25.378Z",
    "archived": null,
    "material": 40,
    "price": "33006.00"
  }
},
{
  "model": "purchases.productmaterial",
  "pk": 90,
  "fields": {
    "created": "2024-03-13T12:29:25.382Z",
    "modified": "2024-03-13T12:29:25.382Z",
    "archived": null,
    "material": 7,
    "price": "12494.00"
  }
},
{
  "model": "purchases.productmaterial",
  "pk": 91,
  "fields": {
    "created": "2024-03-13T12:29:25.385Z",
    "modified": "2024-03-13T12:29:25.385Z",
    "archived": null,
    "material": 50,
    "price": "8670.00"
  }
},
{
  "model": "purchases.productmaterial",
  "pk": 92,
  "fields": {
    "created": "2024-03-13T12:29:25.389Z",
    "modified": "2024-03-13T12:29:25.389Z",
    "archived": null,
    "material": 37,
    "price": "9582.00"
  }
},
{
  "model": "purchases.productmaterial",
  "pk": 93,
  "fields": {
    "created": "2024-03-13T12:29:25.392Z",
    "modified": "2024-03-13T12:29:25.392Z",
    "archived": null,
    "material": 38,
    "price": "48058.00"
  }
},
{
  "model": "purchases.productmaterial",
  "pk": 94,
  "fields": {
    "created": "2024-03-13T12:29:25.395Z",
    "modified": "2024-03-13T12:29:25.395Z",
    "archived": null,
    "material": 17,
    "price": "25234.00"
  }
},
{
  "model": "purchases.productmaterial",
  "pk": 95,
  "fields": {
    "created": "2024-03-13T12:29:25.398Z",
    "modified": "2024-03-13T12:29:25.398Z",
    "archived": null,
    "material": 5,
    "price": "21753.00"
  }
},
{
  "model": "purchases.productmaterial",
  "pk": 96,
  "fields": {
    "created": "2024-03-13T12:29:25.401Z",
    "modified": "2024-03-13T12:29:25.401Z",
    "archived": null,
    "material": 19,
    "price": "40391.00"
  }
},
{
  "model": "purchases.productmaterial",
  "pk": 97,
  "fields": {
    "created": "2024-03-13T12:29:25.404Z",
    "modified": "2024-03-13T12:29:25.404Z",
    "archived": null,
    "material": 17,
    "price": "22426.00"
  }
},
{
  "model": "purchases.productmaterial",
  "pk": 98,
  "fields": {
    "created": "2024-03-13T12:29:25.407Z",
    "modified": "2024-03-13T12:29:25.407Z",
    "archived": null,
    "material": 41,
    "price": "910.00"
  }
},
{
  "model": "purchases.productmaterial",
  "pk": 99,
  "fields": {
    "created": "2024-03-13T12:29:25.411Z",
    "modified": "2024-03-13T12:29:25.411Z",
    "archived": null,
    "material": 7,
    "price": "45616.00"
  }
},
{
  "model": "purchases.productmaterial",
  "pk": 100,
  "fields": {
    "created": "2024-03-13T12:29:25.414Z",
    "modified": "2024-03-13T12:29:25.414Z",
    "archived": null,
    "material": 24,
    "price": "43385.00"
  }
},
{
  "model": "purchases.purchase",
  "pk": 1,
  "fields": {
    "created": "2024-03-13T12:29:22.884Z",
    "archived": null,
    "is_paid_by_card": false
  }
},
{
  "model": "purchases.purchase",
  "pk": 2,
  "fields": {
    "created": "2024-03-13T12:29:22.892Z",
    "archived": null,
    "is_paid_by_card": false
  }
},
{
  "model": "purchases.purchase",
  "pk": 3,
  "fields": {
    "created": "2024-03-13T12:29:22.900Z",
    "archived": null,
    "is_paid_by_card": true
  }
},
{
  "model": "purchases.purchase",
  "pk": 4,
  "fields": {
    "created": "2024-03-13T12:29:22.909Z",
    "archived": null,
    "is_paid_by_card": false
  }
},
{
  "model": "purchases.purchase",
  "pk": 5,
  "fields": {
    "created": "2024-03-13T12:29:22.917Z",
    "archived": null,
    "is_paid_by_card": false
  }
},
{
  "model": "purchases.purchase",
  "pk": 6,
  "fields": {
    "created": "2024-03-13T12:29:22.925Z",
    "archived": null,
    "is_paid_by_card": false
  }
},
{
  "model": "purchases.purchase",
  "pk": 7,
  "fields": {
    "created": "2024-03-13T12:29:22.933Z",
    "archived": null,
    "is_paid_by_card": true
  }
},
{
  "model": "purchases.purchase",
  "pk": 8,
  "fields": {
    "created": "2024-03-13T12:29:22.942Z",
    "archived": null,
    "is_paid_by_card": true
  }
},
{
  "model": "purchases.purchase",
  "pk": 9,
  "fields": {
    "created": "2024-03-13T12:29:22.950Z",
    "archived": null,
    "is_paid_by_card": false
  }
},
{
  "model": "purchases.purchase",
  "pk": 10,
  "fields": {
    "created": "2024-03-13T12:29:22.959Z",
    "archived": null,
    "is_paid_by_card": true
  }
},
{
  "model": "purchases.purchase",
  "pk": 11,
  "fields": {
    "created": "2024-03-13T12:29:22.968Z",
    "archived": null,
    "is_paid_by_card": false
  }
},
{
  "model": "purchases.purchase",
  "pk": 12,
  "fields": {
    "created": "2024-03-13T12:29:22.976Z",
    "archived": null,
    "is_paid_by_card": true
  }
},
{
  "model": "purchases.purchase",
  "pk": 13,
  "fields": {
    "created": "2024-03-13T12:29:22.985Z",
    "archived": null,
    "is_paid_by_card": true
  }
},
{
  "model": "purchases.purchase",
  "pk": 14,
  "fields": {
    "created": "2024-03-13T12:29:22.993Z",
    "archived": null,
    "is_paid_by_card": true
  }
},
{
  "model": "purchases.purchase",
  "pk": 15,
  "fields": {
    "created": "2024-03-13T12:29:23.001Z",
    "archived": null,
    "is_paid_by_card": true
  }
},
{
  "model": "purchases.purchase",
  "pk": 16,
  "fields": {
    "created": "2024-03-13T12:29:23.010Z",
    "archived": null,
    "is_paid_by_card": false
  }
},
{
  "model": "purchases.purchase",
  "pk": 17,
  "fields": {
    "created": "2024-03-13T12:29:23.019Z",
    "archived": null,
    "is_paid_by_card": false
  }
},
{
  "model": "purchases.purchase",
  "pk": 18,
  "fields": {
    "created": "2024-03-13T12:29:23.027Z",
    "archived": null,
    "is_paid_by_card": false
  }
},
{
  "model": "purchases.purchase",
  "pk": 19,
  "fields": {
    "created": "2024-03-13T12:29:23.035Z",
    "archived": null,
    "is_paid_by_card": false
  }
},
{
  "model": "purchases.purchase",
  "pk": 20,
  "fields": {
    "created": "2024-03-13T12:29:23.045Z",
    "archived": null,
    "is_paid_by_card": false
  }
},
{
  "model": "purchases.purchaseprocedure",
  "pk": 1,
  "fields": {
    "archived": null,
    "purchase": 13,
    "procedure": 36
  }
},
{
  "model": "purchases.purchaseprocedure",
  "pk": 2,
  "fields": {
    "archived": null,
    "purchase": 15,
    "procedure": 5
  }
},
{
  "model": "purchases.purchaseprocedure",
  "pk": 3,
  "fields": {
    "archived": null,
    "purchase": 19,
    "procedure": 35
  }
},
{
  "model": "purchases.purchaseprocedure",
  "pk": 4,
  "fields": {
    "archived": null,
    "purchase": 18,
    "procedure": 29
  }
},
{
  "model": "purchases.purchaseprocedure",
  "pk": 5,
  "fields": {
    "archived": null,
    "purchase": 14,
    "procedure": 25
  }
},
{
  "model": "purchases.purchaseprocedure",
  "pk": 6,
  "fields": {
    "archived": null,
    "purchase": 12,
    "procedure": 3
  }
},
{
  "model": "purchases.purchaseprocedure",
  "pk": 7,
  "fields": {
    "archived": null,
    "purchase": 10,
    "procedure": 49
  }
},
{
  "model": "purchases.purchaseprocedure",
  "pk": 8,
  "fields": {
    "archived": null,
    "purchase": 3,
    "procedure": 25
  }
},
{
  "model": "purchases.purchaseprocedure",
  "pk": 9,
  "fields": {
    "archived": null,
    "purchase": 20,
    "procedure": 15
  }
},
{
  "model": "purchases.purchaseprocedure",
  "pk": 10,
  "fields": {
    "archived": null,
    "purchase": 2,
    "procedure": 25
  }
},
{
  "model": "purchases.purchaseprocedure",
  "pk": 11,
  "fields": {
    "archived": null,
    "purchase": 18,
    "procedure": 18
  }
},
{
  "model": "purchases.purchaseprocedure",
  "pk": 12,
  "fields": {
    "archived": null,
    "purchase": 11,
    "procedure": 14
  }
},
{
  "model": "purchases.purchaseprocedure",
  "pk": 13,
  "fields": {
    "archived": null,
    "purchase": 18,
    "procedure": 4
  }
},
{
  "model": "purchases.purchaseprocedure",
  "pk": 14,
  "fields": {
    "archived": null,
    "purchase": 3,
    "procedure": 49
  }
},
{
  "model": "purchases.purchaseprocedure",
  "pk": 15,
  "fields": {
    "archived": null,
    "purchase": 16,
    "procedure": 22
  }
},
{
  "model": "purchases.purchaseprocedure",
  "pk": 16,
  "fields": {
    "archived": null,
    "purchase": 15,
    "procedure": 23
  }
},
{
  "model": "purchases.purchaseprocedure",
  "pk": 17,
  "fields": {
    "archived": null,
    "purchase": 9,
    "procedure": 48
  }
},
{
  "model": "purchases.purchaseprocedure",
  "pk": 18,
  "fields": {
    "archived": null,
    "purchase": 16,
    "procedure": 42
  }
},
{
  "model": "purchases.purchaseprocedure",
  "pk": 19,
  "fields": {
    "archived": null,
    "purchase": 19,
    "procedure": 5
  }
},
{
  "model": "purchases.purchaseprocedure",
  "pk": 20,
  "fields": {
    "archived": null,
    "purchase": 11,
    "procedure": 46
  }
},
{
  "model": "purchases.purchaseprocedure",
  "pk": 21,
  "fields": {
    "archived": null,
    "purchase": 12,
    "procedure": 10
  }
},
{
  "model": "purchases.purchaseprocedure",
  "pk": 22,
  "fields": {
    "archived": null,
    "purchase": 16,
    "procedure": 48
  }
},
{
  "model": "purchases.purchaseprocedure",
  "pk": 23,
  "fields": {
    "archived": null,
    "purchase": 5,
    "procedure": 3
  }
},
{
  "model": "purchases.purchaseprocedure",
  "pk": 24,
  "fields": {
    "archived": null,
    "purchase": 11,
    "procedure": 42
  }
},
{
  "model": "purchases.purchaseprocedure",
  "pk": 25,
  "fields": {
    "archived": null,
    "purchase": 18,
    "procedure": 22
  }
},
{
  "model": "purchases.purchaseprocedure",
  "pk": 26,
  "fields": {
    "archived": null,
    "purchase": 17,
    "procedure": 10
  }
},
{
  "model": "purchases.purchaseprocedure",
  "pk": 27,
  "fields": {
    "archived": null,
    "purchase": 3,
    "procedure": 25
  }
},
{
  "model": "purchases.purchaseprocedure",
  "pk": 28,
  "fields": {
    "archived": null,
    "purchase": 2,
    "procedure": 38
  }
},
{
  "model": "purchases.purchaseprocedure",
  "pk": 29,
  "fields": {
    "archived": null,
    "purchase": 7,
    "procedure": 43
  }
},
{
  "model": "purchases.purchaseprocedure",
  "pk": 30,
  "fields": {
    "archived": null,
    "purchase": 10,
    "procedure": 21
  }
},
{
  "model": "purchases.purchaseprocedure",
  "pk": 31,
  "fields": {
    "archived": null,
    "purchase": 1,
    "procedure": 2
  }
},
{
  "model": "purchases.purchaseprocedure",
  "pk": 32,
  "fields": {
    "archived": null,
    "purchase": 11,
    "procedure": 13
  }
},
{
  "model": "purchases.purchaseprocedure",
  "pk": 33,
  "fields": {
    "archived": null,
    "purchase": 7,
    "procedure": 28
  }
},
{
  "model": "purchases.purchaseprocedure",
  "pk": 34,
  "fields": {
    "archived": null,
    "purchase": 20,
    "procedure": 28
  }
},
{
  "model": "purchases.purchaseprocedure",
  "pk": 35,
  "fields": {
    "archived": null,
    "purchase": 17,
    "procedure": 18
  }
},
{
  "model": "purchases.purchaseprocedure",
  "pk": 36,
  "fields": {
    "archived": null,
    "purchase": 20,
    "procedure": 4
  }
},
{
  "model": "purchases.purchaseprocedure",
  "pk": 37,
  "fields": {
    "archived": null,
    "purchase": 5,
    "procedure": 15
  }
},
{
  "model": "purchases.purchaseprocedure",
  "pk": 38,
  "fields": {
    "archived": null,
    "purchase": 14,
    "procedure": 19
  }
},
{
  "model": "purchases.purchaseprocedure",
  "pk": 39,
  "fields": {
    "archived": null,
    "purchase": 17,
    "procedure": 46
  }
},
{
  "model": "purchases.purchaseprocedure",
  "pk": 40,
  "fields": {
    "archived": null,
    "purchase": 13,
    "procedure": 41
  }
},
{
  "model": "purchases.purchaseprocedure",
  "pk": 41,
  "fields": {
    "archived": null,
    "purchase": 15,
    "procedure": 12
  }
},
{
  "model": "purchases.purchaseprocedure",
  "pk": 42,
  "fields": {
    "archived": null,
    "purchase": 6,
    "procedure": 30
  }
},
{
  "model": "purchases.purchaseprocedure",
  "pk": 43,
  "fields": {
    "archived": null,
    "purchase": 8,
    "procedure": 11
  }
},
{
  "model": "purchases.purchaseprocedure",
  "pk": 44,
  "fields": {
    "archived": null,
    "purchase": 9,
    "procedure": 40
  }
},
{
  "model": "purchases.purchaseprocedure",
  "pk": 45,
  "fields": {
    "archived": null,
    "purchase": 5,
    "procedure": 20
  }
},
{
  "model": "purchases.purchaseprocedure",
  "pk": 46,
  "fields": {
    "archived": null,
    "purchase": 6,
    "procedure": 30
  }
},
{
  "model": "purchases.purchaseprocedure",
  "pk": 47,
  "fields": {
    "archived": null,
    "purchase": 4,
    "procedure": 32
  }
},
{
  "model": "purchases.purchaseprocedure",
  "pk": 48,
  "fields": {
    "archived": null,
    "purchase": 3,
    "procedure": 1
  }
},
{
  "model": "purchases.purchaseprocedure",
  "pk": 49,
  "fields": {
    "archived": null,
    "purchase": 13,
    "procedure": 23
  }
},
{
  "model": "purchases.purchaseprocedure",
  "pk": 50,
  "fields": {
    "archived": null,
    "purchase": 8,
    "procedure": 36
  }
},
{
  "model": "purchases.purchaseprocedure",
  "pk": 51,
  "fields": {
    "archived": null,
    "purchase": 16,
    "procedure": 41
  }
},
{
  "model": "purchases.purchaseprocedure",
  "pk": 52,
  "fields": {
    "archived": null,
    "purchase": 18,
    "procedure": 5
  }
},
{
  "model": "purchases.purchaseprocedure",
  "pk": 53,
  "fields": {
    "archived": null,
    "purchase": 3,
    "procedure": 29
  }
},
{
  "model": "purchases.purchaseprocedure",
  "pk": 54,
  "fields": {
    "archived": null,
    "purchase": 16,
    "procedure": 49
  }
},
{
  "model": "purchases.purchaseprocedure",
  "pk": 55,
  "fields": {
    "archived": null,
    "purchase": 1,
    "procedure": 7
  }
},
{
  "model": "purchases.purchaseprocedure",
  "pk": 56,
  "fields": {
    "archived": null,
    "purchase": 9,
    "procedure": 35
  }
},
{
  "model": "purchases.purchaseprocedure",
  "pk": 57,
  "fields": {
    "archived": null,
    "purchase": 4,
    "procedure": 48
  }
},
{
  "model": "purchases.purchaseprocedure",
  "pk": 58,
  "fields": {
    "archived": null,
    "purchase": 20,
    "procedure": 30
  }
},
{
  "model": "purchases.purchaseprocedure",
  "pk": 59,
  "fields": {
    "archived": null,
    "purchase": 9,
    "procedure": 23
  }
},
{
  "model": "purchases.purchaseprocedure",
  "pk": 60,
  "fields": {
    "archived": null,
    "purchase": 12,
    "procedure": 27
  }
},
{
  "model": "purchases.purchaseprocedure",
  "pk": 61,
  "fields": {
    "archived": null,
    "purchase": 12,
    "procedure": 16
  }
},
{
  "model": "purchases.purchaseprocedure",
  "pk": 62,
  "fields": {
    "archived": null,
    "purchase": 17,
    "procedure": 9
  }
},
{
  "model": "purchases.purchaseprocedure",
  "pk": 63,
  "fields": {
    "archived": null,
    "purchase": 15,
    "procedure": 19
  }
},
{
  "model": "purchases.purchaseprocedure",
  "pk": 64,
  "fields": {
    "archived": null,
    "purchase": 2,
    "procedure": 18
  }
},
{
  "model": "purchases.purchaseprocedure",
  "pk": 65,
  "fields": {
    "archived": null,
    "purchase": 4,
    "procedure": 44
  }
},
{
  "model": "purchases.purchaseprocedure",
  "pk": 66,
  "fields": {
    "archived": null,
    "purchase": 9,
    "procedure": 29
  }
},
{
  "model": "purchases.purchaseprocedure",
  "pk": 67,
  "fields": {
    "archived": null,
    "purchase": 19,
    "procedure": 18
  }
},
{
  "model": "purchases.purchaseprocedure",
  "pk": 68,
  "fields": {
    "archived": null,
    "purchase": 8,
    "procedure": 13
  }
},
{
  "model": "purchases.purchaseprocedure",
  "pk": 69,
  "fields": {
    "archived": null,
    "purchase": 7,
    "procedure": 24
  }
},
{
  "model": "purchases.purchaseprocedure",
  "pk": 70,
  "fields": {
    "archived": null,
    "purchase": 6,
    "procedure": 23
  }
},
{
  "model": "purchases.purchaseprocedure",
  "pk": 71,
  "fields": {
    "archived": null,
    "purchase": 16,
    "procedure": 33
  }
},
{
  "model": "purchases.purchaseprocedure",
  "pk": 72,
  "fields": {
    "archived": null,
    "purchase": 15,
    "procedure": 46
  }
},
{
  "model": "purchases.purchaseprocedure",
  "pk": 73,
  "fields": {
    "archived": null,
    "purchase": 8,
    "procedure": 25
  }
},
{
  "model": "purchases.purchaseprocedure",
  "pk": 74,
  "fields": {
    "archived": null,
    "purchase": 17,
    "procedure": 10
  }
},
{
  "model": "purchases.purchaseprocedure",
  "pk": 75,
  "fields": {
    "archived": null,
    "purchase": 1,
    "procedure": 31
  }
},
{
  "model": "purchases.purchaseprocedure",
  "pk": 76,
  "fields": {
    "archived": null,
    "purchase": 20,
    "procedure": 27
  }
},
{
  "model": "purchases.purchaseprocedure",
  "pk": 77,
  "fields": {
    "archived": null,
    "purchase": 6,
    "procedure": 46
  }
},
{
  "model": "purchases.purchaseprocedure",
  "pk": 78,
  "fields": {
    "archived": null,
    "purchase": 3,
    "procedure": 19
  }
},
{
  "model": "purchases.purchaseprocedure",
  "pk": 79,
  "fields": {
    "archived": null,
    "purchase": 4,
    "procedure": 3
  }
},
{
  "model": "purchases.purchaseprocedure",
  "pk": 80,
  "fields": {
    "archived": null,
    "purchase": 9,
    "procedure": 32
  }
},
{
  "model": "purchases.purchaseprocedure",
  "pk": 81,
  "fields": {
    "archived": null,
    "purchase": 12,
    "procedure": 44
  }
},
{
  "model": "purchases.purchaseprocedure",
  "pk": 82,
  "fields": {
    "archived": null,
    "purchase": 14,
    "procedure": 18
  }
},
{
  "model": "purchases.purchaseprocedure",
  "pk": 83,
  "fields": {
    "archived": null,
    "purchase": 13,
    "procedure": 33
  }
},
{
  "model": "purchases.purchaseprocedure",
  "pk": 84,
  "fields": {
    "archived": null,
    "purchase": 7,
    "procedure": 31
  }
},
{
  "model": "purchases.purchaseprocedure",
  "pk": 85,
  "fields": {
    "archived": null,
    "purchase": 6,
    "procedure": 48
  }
},
{
  "model": "purchases.purchaseprocedure",
  "pk": 86,
  "fields": {
    "archived": null,
    "purchase": 14,
    "procedure": 42
  }
},
{
  "model": "purchases.purchaseprocedure",
  "pk": 87,
  "fields": {
    "archived": null,
    "purchase": 1,
    "procedure": 24
  }
},
{
  "model": "purchases.purchaseprocedure",
  "pk": 88,
  "fields": {
    "archived": null,
    "purchase": 5,
    "procedure": 36
  }
},
{
  "model": "purchases.purchaseprocedure",
  "pk": 89,
  "fields": {
    "archived": null,
    "purchase": 12,
    "procedure": 1
  }
},
{
  "model": "purchases.purchaseprocedure",
  "pk": 90,
  "fields": {
    "archived": null,
    "purchase": 8,
    "procedure": 48
  }
},
{
  "model": "purchases.purchaseprocedure",
  "pk": 91,
  "fields": {
    "archived": null,
    "purchase": 1,
    "procedure": 34
  }
},
{
  "model": "purchases.purchaseprocedure",
  "pk": 92,
  "fields": {
    "archived": null,
    "purchase": 19,
    "procedure": 10
  }
},
{
  "model": "purchases.purchaseprocedure",
  "pk": 93,
  "fields": {
    "archived": null,
    "purchase": 3,
    "procedure": 43
  }
},
{
  "model": "purchases.purchaseprocedure",
  "pk": 94,
  "fields": {
    "archived": null,
    "purchase": 17,
    "procedure": 48
  }
},
{
  "model": "purchases.purchaseprocedure",
  "pk": 95,
  "fields": {
    "archived": null,
    "purchase": 15,
    "procedure": 10
  }
},
{
  "model": "purchases.purchaseprocedure",
  "pk": 96,
  "fields": {
    "archived": null,
    "purchase": 17,
    "procedure": 40
  }
},
{
  "model": "purchases.purchaseprocedure",
  "pk": 97,
  "fields": {
    "archived": null,
    "purchase": 14,
    "procedure": 9
  }
},
{
  "model": "purchases.purchaseprocedure",
  "pk": 98,
  "fields": {
    "archived": null,
    "purchase": 19,
    "procedure": 46
  }
},
{
  "model": "purchases.purchaseprocedure",
  "pk": 99,
  "fields": {
    "archived": null,
    "purchase": 1,
    "procedure": 26
  }
},
{
  "model": "purchases.purchaseprocedure",
  "pk": 100,
  "fields": {
    "archived": null,
    "purchase": 11,
    "procedure": 45
  }
},
{
  "model": "purchases.usedmaterial",
  "pk": 1,
  "fields": {
    "created": "2024-03-13T12:29:25.421Z",
    "modified": "2024-03-13T12:29:25.421Z",
    "archived": null,
    "procedure": 11,
    "material": 17,
    "amount": 22
  }
},
{
  "model": "purchases.usedmaterial",
  "pk": 2,
  "fields": {
    "created": "2024-03-13T12:29:25.426Z",
    "modified": "2024-03-13T12:29:25.426Z",
    "archived": null,
    "procedure": 87,
    "material": 32,
    "amount": 30
  }
},
{
  "model": "purchases.usedmaterial",
  "pk": 3,
  "fields": {
    "created": "2024-03-13T12:29:25.431Z",
    "modified": "2024-03-13T12:29:25.431Z",
    "archived": null,
    "procedure": 79,
    "material": 14,
    "amount": 67
  }
},
{
  "model": "purchases.usedmaterial",
  "pk": 4,
  "fields": {
    "created": "2024-03-13T12:29:25.437Z",
    "modified": "2024-03-13T12:29:25.437Z",
    "archived": null,
    "procedure": 84,
    "material": 48,
    "amount": 60
  }
},
{
  "model": "purchases.usedmaterial",
  "pk": 5,
  "fields": {
    "created": "2024-03-13T12:29:25.442Z",
    "modified": "2024-03-13T12:29:25.442Z",
    "archived": null,
    "procedure": 44,
    "material": 18,
    "amount": 41
  }
},
{
  "model": "purchases.usedmaterial",
  "pk": 6,
  "fields": {
    "created": "2024-03-13T12:29:25.447Z",
    "modified": "2024-03-13T12:29:25.447Z",
    "archived": null,
    "procedure": 83,
    "material": 46,
    "amount": 19
  }
},
{
  "model": "purchases.usedmaterial",
  "pk": 7,
  "fields": {
    "created": "2024-03-13T12:29:25.452Z",
    "modified": "2024-03-13T12:29:25.452Z",
    "archived": null,
    "procedure": 14,
    "material": 49,
    "amount": 48
  }
},
{
  "model": "purchases.usedmaterial",
  "pk": 8,
  "fields": {
    "created": "2024-03-13T12:29:25.458Z",
    "modified": "2024-03-13T12:29:25.458Z",
    "archived": null,
    "procedure": 79,
    "material": 41,
    "amount": 89
  }
},
{
  "model": "purchases.usedmaterial",
  "pk": 9,
  "fields": {
    "created": "2024-03-13T12:29:25.462Z",
    "modified": "2024-03-13T12:29:25.463Z",
    "archived": null,
    "procedure": 23,
    "material": 12,
    "amount": 96
  }
},
{
  "model": "purchases.usedmaterial",
  "pk": 10,
  "fields": {
    "created": "2024-03-13T12:29:25.468Z",
    "modified": "2024-03-13T12:29:25.468Z",
    "archived": null,
    "procedure": 22,
    "material": 20,
    "amount": 21
  }
},
{
  "model": "purchases.usedmaterial",
  "pk": 11,
  "fields": {
    "created": "2024-03-13T12:29:25.473Z",
    "modified": "2024-03-13T12:29:25.473Z",
    "archived": null,
    "procedure": 29,
    "material": 28,
    "amount": 83
  }
},
{
  "model": "purchases.usedmaterial",
  "pk": 12,
  "fields": {
    "created": "2024-03-13T12:29:25.478Z",
    "modified": "2024-03-13T12:29:25.478Z",
    "archived": null,
    "procedure": 23,
    "material": 46,
    "amount": 32
  }
},
{
  "model": "purchases.usedmaterial",
  "pk": 13,
  "fields": {
    "created": "2024-03-13T12:29:25.484Z",
    "modified": "2024-03-13T12:29:25.484Z",
    "archived": null,
    "procedure": 89,
    "material": 45,
    "amount": 30
  }
},
{
  "model": "purchases.usedmaterial",
  "pk": 14,
  "fields": {
    "created": "2024-03-13T12:29:25.490Z",
    "modified": "2024-03-13T12:29:25.490Z",
    "archived": null,
    "procedure": 46,
    "material": 32,
    "amount": 99
  }
},
{
  "model": "purchases.usedmaterial",
  "pk": 15,
  "fields": {
    "created": "2024-03-13T12:29:25.495Z",
    "modified": "2024-03-13T12:29:25.495Z",
    "archived": null,
    "procedure": 30,
    "material": 14,
    "amount": 28
  }
},
{
  "model": "purchases.usedmaterial",
  "pk": 16,
  "fields": {
    "created": "2024-03-13T12:29:25.502Z",
    "modified": "2024-03-13T12:29:25.502Z",
    "archived": null,
    "procedure": 8,
    "material": 4,
    "amount": 46
  }
},
{
  "model": "purchases.usedmaterial",
  "pk": 17,
  "fields": {
    "created": "2024-03-13T12:29:25.508Z",
    "modified": "2024-03-13T12:29:25.508Z",
    "archived": null,
    "procedure": 36,
    "material": 43,
    "amount": 54
  }
},
{
  "model": "purchases.usedmaterial",
  "pk": 18,
  "fields": {
    "created": "2024-03-13T12:29:25.514Z",
    "modified": "2024-03-13T12:29:25.514Z",
    "archived": null,
    "procedure": 75,
    "material": 35,
    "amount": 61
  }
},
{
  "model": "purchases.usedmaterial",
  "pk": 19,
  "fields": {
    "created": "2024-03-13T12:29:25.519Z",
    "modified": "2024-03-13T12:29:25.519Z",
    "archived": null,
    "procedure": 22,
    "material": 48,
    "amount": 73
  }
},
{
  "model": "purchases.usedmaterial",
  "pk": 20,
  "fields": {
    "created": "2024-03-13T12:29:25.524Z",
    "modified": "2024-03-13T12:29:25.524Z",
    "archived": null,
    "procedure": 77,
    "material": 12,
    "amount": 46
  }
},
{
  "model": "purchases.usedmaterial",
  "pk": 21,
  "fields": {
    "created": "2024-03-13T12:29:25.529Z",
    "modified": "2024-03-13T12:29:25.529Z",
    "archived": null,
    "procedure": 83,
    "material": 28,
    "amount": 66
  }
},
{
  "model": "purchases.usedmaterial",
  "pk": 22,
  "fields": {
    "created": "2024-03-13T12:29:25.536Z",
    "modified": "2024-03-13T12:29:25.536Z",
    "archived": null,
    "procedure": 46,
    "material": 7,
    "amount": 2
  }
},
{
  "model": "purchases.usedmaterial",
  "pk": 23,
  "fields": {
    "created": "2024-03-13T12:29:25.543Z",
    "modified": "2024-03-13T12:29:25.543Z",
    "archived": null,
    "procedure": 19,
    "material": 15,
    "amount": 51
  }
},
{
  "model": "purchases.usedmaterial",
  "pk": 24,
  "fields": {
    "created": "2024-03-13T12:29:25.549Z",
    "modified": "2024-03-13T12:29:25.549Z",
    "archived": null,
    "procedure": 14,
    "material": 23,
    "amount": 98
  }
},
{
  "model": "purchases.usedmaterial",
  "pk": 25,
  "fields": {
    "created": "2024-03-13T12:29:25.556Z",
    "modified": "2024-03-13T12:29:25.556Z",
    "archived": null,
    "procedure": 90,
    "material": 1,
    "amount": 65
  }
},
{
  "model": "purchases.usedmaterial",
  "pk": 26,
  "fields": {
    "created": "2024-03-13T12:29:25.564Z",
    "modified": "2024-03-13T12:29:25.564Z",
    "archived": null,
    "procedure": 50,
    "material": 1,
    "amount": 13
  }
},
{
  "model": "purchases.usedmaterial",
  "pk": 27,
  "fields": {
    "created": "2024-03-13T12:29:25.570Z",
    "modified": "2024-03-13T12:29:25.570Z",
    "archived": null,
    "procedure": 71,
    "material": 29,
    "amount": 25
  }
},
{
  "model": "purchases.usedmaterial",
  "pk": 28,
  "fields": {
    "created": "2024-03-13T12:29:25.577Z",
    "modified": "2024-03-13T12:29:25.577Z",
    "archived": null,
    "procedure": 15,
    "material": 26,
    "amount": 87
  }
},
{
  "model": "purchases.usedmaterial",
  "pk": 29,
  "fields": {
    "created": "2024-03-13T12:29:25.587Z",
    "modified": "2024-03-13T12:29:25.587Z",
    "archived": null,
    "procedure": 58,
    "material": 2,
    "amount": 1
  }
},
{
  "model": "purchases.usedmaterial",
  "pk": 30,
  "fields": {
    "created": "2024-03-13T12:29:25.593Z",
    "modified": "2024-03-13T12:29:25.593Z",
    "archived": null,
    "procedure": 1,
    "material": 37,
    "amount": 99
  }
},
{
  "model": "purchases.usedmaterial",
  "pk": 31,
  "fields": {
    "created": "2024-03-13T12:29:25.600Z",
    "modified": "2024-03-13T12:29:25.600Z",
    "archived": null,
    "procedure": 14,
    "material": 42,
    "amount": 5
  }
},
{
  "model": "purchases.usedmaterial",
  "pk": 32,
  "fields": {
    "created": "2024-03-13T12:29:25.606Z",
    "modified": "2024-03-13T12:29:25.606Z",
    "archived": null,
    "procedure": 58,
    "material": 39,
    "amount": 43
  }
},
{
  "model": "purchases.usedmaterial",
  "pk": 33,
  "fields": {
    "created": "2024-03-13T12:29:25.612Z",
    "modified": "2024-03-13T12:29:25.612Z",
    "archived": null,
    "procedure": 74,
    "material": 28,
    "amount": 83
  }
},
{
  "model": "purchases.usedmaterial",
  "pk": 34,
  "fields": {
    "created": "2024-03-13T12:29:25.620Z",
    "modified": "2024-03-13T12:29:25.620Z",
    "archived": null,
    "procedure": 45,
    "material": 18,
    "amount": 71
  }
},
{
  "model": "purchases.usedmaterial",
  "pk": 35,
  "fields": {
    "created": "2024-03-13T12:29:25.625Z",
    "modified": "2024-03-13T12:29:25.626Z",
    "archived": null,
    "procedure": 4,
    "material": 34,
    "amount": 54
  }
},
{
  "model": "purchases.usedmaterial",
  "pk": 36,
  "fields": {
    "created": "2024-03-13T12:29:25.632Z",
    "modified": "2024-03-13T12:29:25.632Z",
    "archived": null,
    "procedure": 100,
    "material": 47,
    "amount": 3
  }
},
{
  "model": "purchases.usedmaterial",
  "pk": 37,
  "fields": {
    "created": "2024-03-13T12:29:25.638Z",
    "modified": "2024-03-13T12:29:25.638Z",
    "archived": null,
    "procedure": 94,
    "material": 48,
    "amount": 15
  }
},
{
  "model": "purchases.usedmaterial",
  "pk": 38,
  "fields": {
    "created": "2024-03-13T12:29:25.643Z",
    "modified": "2024-03-13T12:29:25.643Z",
    "archived": null,
    "procedure": 15,
    "material": 31,
    "amount": 93
  }
},
{
  "model": "purchases.usedmaterial",
  "pk": 39,
  "fields": {
    "created": "2024-03-13T12:29:25.649Z",
    "modified": "2024-03-13T12:29:25.649Z",
    "archived": null,
    "procedure": 80,
    "material": 24,
    "amount": 95
  }
},
{
  "model": "purchases.usedmaterial",
  "pk": 40,
  "fields": {
    "created": "2024-03-13T12:29:25.659Z",
    "modified": "2024-03-13T12:29:25.659Z",
    "archived": null,
    "procedure": 52,
    "material": 4,
    "amount": 44
  }
},
{
  "model": "purchases.usedmaterial",
  "pk": 41,
  "fields": {
    "created": "2024-03-13T12:29:25.667Z",
    "modified": "2024-03-13T12:29:25.667Z",
    "archived": null,
    "procedure": 44,
    "material": 26,
    "amount": 85
  }
},
{
  "model": "purchases.usedmaterial",
  "pk": 42,
  "fields": {
    "created": "2024-03-13T12:29:25.674Z",
    "modified": "2024-03-13T12:29:25.674Z",
    "archived": null,
    "procedure": 48,
    "material": 26,
    "amount": 26
  }
},
{
  "model": "purchases.usedmaterial",
  "pk": 43,
  "fields": {
    "created": "2024-03-13T12:29:25.681Z",
    "modified": "2024-03-13T12:29:25.681Z",
    "archived": null,
    "procedure": 3,
    "material": 48,
    "amount": 42
  }
},
{
  "model": "purchases.usedmaterial",
  "pk": 44,
  "fields": {
    "created": "2024-03-13T12:29:25.689Z",
    "modified": "2024-03-13T12:29:25.689Z",
    "archived": null,
    "procedure": 11,
    "material": 22,
    "amount": 77
  }
},
{
  "model": "purchases.usedmaterial",
  "pk": 45,
  "fields": {
    "created": "2024-03-13T12:29:25.695Z",
    "modified": "2024-03-13T12:29:25.696Z",
    "archived": null,
    "procedure": 63,
    "material": 38,
    "amount": 39
  }
},
{
  "model": "purchases.usedmaterial",
  "pk": 46,
  "fields": {
    "created": "2024-03-13T12:29:25.704Z",
    "modified": "2024-03-13T12:29:25.704Z",
    "archived": null,
    "procedure": 20,
    "material": 24,
    "amount": 100
  }
},
{
  "model": "purchases.usedmaterial",
  "pk": 47,
  "fields": {
    "created": "2024-03-13T12:29:25.712Z",
    "modified": "2024-03-13T12:29:25.712Z",
    "archived": null,
    "procedure": 9,
    "material": 8,
    "amount": 30
  }
},
{
  "model": "purchases.usedmaterial",
  "pk": 48,
  "fields": {
    "created": "2024-03-13T12:29:25.721Z",
    "modified": "2024-03-13T12:29:25.721Z",
    "archived": null,
    "procedure": 29,
    "material": 32,
    "amount": 91
  }
},
{
  "model": "purchases.usedmaterial",
  "pk": 49,
  "fields": {
    "created": "2024-03-13T12:29:25.729Z",
    "modified": "2024-03-13T12:29:25.729Z",
    "archived": null,
    "procedure": 97,
    "material": 2,
    "amount": 94
  }
},
{
  "model": "purchases.usedmaterial",
  "pk": 50,
  "fields": {
    "created": "2024-03-13T12:29:25.737Z",
    "modified": "2024-03-13T12:29:25.737Z",
    "archived": null,
    "procedure": 24,
    "material": 45,
    "amount": 59
  }
},
{
  "model": "purchases.usedmaterial",
  "pk": 51,
  "fields": {
    "created": "2024-03-13T12:29:25.745Z",
    "modified": "2024-03-13T12:29:25.745Z",
    "archived": null,
    "procedure": 20,
    "material": 5,
    "amount": 53
  }
},
{
  "model": "purchases.usedmaterial",
  "pk": 52,
  "fields": {
    "created": "2024-03-13T12:29:25.753Z",
    "modified": "2024-03-13T12:29:25.754Z",
    "archived": null,
    "procedure": 54,
    "material": 29,
    "amount": 83
  }
},
{
  "model": "purchases.usedmaterial",
  "pk": 53,
  "fields": {
    "created": "2024-03-13T12:29:25.761Z",
    "modified": "2024-03-13T12:29:25.761Z",
    "archived": null,
    "procedure": 48,
    "material": 10,
    "amount": 27
  }
},
{
  "model": "purchases.usedmaterial",
  "pk": 54,
  "fields": {
    "created": "2024-03-13T12:29:25.769Z",
    "modified": "2024-03-13T12:29:25.769Z",
    "archived": null,
    "procedure": 78,
    "material": 25,
    "amount": 70
  }
},
{
  "model": "purchases.usedmaterial",
  "pk": 55,
  "fields": {
    "created": "2024-03-13T12:29:25.776Z",
    "modified": "2024-03-13T12:29:25.776Z",
    "archived": null,
    "procedure": 39,
    "material": 7,
    "amount": 91
  }
},
{
  "model": "purchases.usedmaterial",
  "pk": 56,
  "fields": {
    "created": "2024-03-13T12:29:25.783Z",
    "modified": "2024-03-13T12:29:25.783Z",
    "archived": null,
    "procedure": 56,
    "material": 33,
    "amount": 95
  }
},
{
  "model": "purchases.usedmaterial",
  "pk": 57,
  "fields": {
    "created": "2024-03-13T12:29:25.790Z",
    "modified": "2024-03-13T12:29:25.790Z",
    "archived": null,
    "procedure": 78,
    "material": 27,
    "amount": 23
  }
},
{
  "model": "purchases.usedmaterial",
  "pk": 58,
  "fields": {
    "created": "2024-03-13T12:29:25.796Z",
    "modified": "2024-03-13T12:29:25.796Z",
    "archived": null,
    "procedure": 91,
    "material": 30,
    "amount": 98
  }
},
{
  "model": "purchases.usedmaterial",
  "pk": 59,
  "fields": {
    "created": "2024-03-13T12:29:25.802Z",
    "modified": "2024-03-13T12:29:25.802Z",
    "archived": null,
    "procedure": 19,
    "material": 38,
    "amount": 32
  }
},
{
  "model": "purchases.usedmaterial",
  "pk": 60,
  "fields": {
    "created": "2024-03-13T12:29:25.808Z",
    "modified": "2024-03-13T12:29:25.808Z",
    "archived": null,
    "procedure": 16,
    "material": 19,
    "amount": 27
  }
},
{
  "model": "purchases.usedmaterial",
  "pk": 61,
  "fields": {
    "created": "2024-03-13T12:29:25.814Z",
    "modified": "2024-03-13T12:29:25.814Z",
    "archived": null,
    "procedure": 56,
    "material": 5,
    "amount": 8
  }
},
{
  "model": "purchases.usedmaterial",
  "pk": 62,
  "fields": {
    "created": "2024-03-13T12:29:25.822Z",
    "modified": "2024-03-13T12:29:25.822Z",
    "archived": null,
    "procedure": 1,
    "material": 9,
    "amount": 73
  }
},
{
  "model": "purchases.usedmaterial",
  "pk": 63,
  "fields": {
    "created": "2024-03-13T12:29:25.830Z",
    "modified": "2024-03-13T12:29:25.830Z",
    "archived": null,
    "procedure": 62,
    "material": 7,
    "amount": 4
  }
},
{
  "model": "purchases.usedmaterial",
  "pk": 64,
  "fields": {
    "created": "2024-03-13T12:29:25.836Z",
    "modified": "2024-03-13T12:29:25.836Z",
    "archived": null,
    "procedure": 66,
    "material": 36,
    "amount": 96
  }
},
{
  "model": "purchases.usedmaterial",
  "pk": 65,
  "fields": {
    "created": "2024-03-13T12:29:25.841Z",
    "modified": "2024-03-13T12:29:25.841Z",
    "archived": null,
    "procedure": 11,
    "material": 39,
    "amount": 23
  }
},
{
  "model": "purchases.usedmaterial",
  "pk": 66,
  "fields": {
    "created": "2024-03-13T12:29:25.846Z",
    "modified": "2024-03-13T12:29:25.846Z",
    "archived": null,
    "procedure": 75,
    "material": 2,
    "amount": 7
  }
},
{
  "model": "purchases.usedmaterial",
  "pk": 67,
  "fields": {
    "created": "2024-03-13T12:29:25.852Z",
    "modified": "2024-03-13T12:29:25.852Z",
    "archived": null,
    "procedure": 72,
    "material": 38,
    "amount": 56
  }
},
{
  "model": "purchases.usedmaterial",
  "pk": 68,
  "fields": {
    "created": "2024-03-13T12:29:25.857Z",
    "modified": "2024-03-13T12:29:25.857Z",
    "archived": null,
    "procedure": 10,
    "material": 28,
    "amount": 12
  }
},
{
  "model": "purchases.usedmaterial",
  "pk": 69,
  "fields": {
    "created": "2024-03-13T12:29:25.862Z",
    "modified": "2024-03-13T12:29:25.862Z",
    "archived": null,
    "procedure": 38,
    "material": 50,
    "amount": 58
  }
},
{
  "model": "purchases.usedmaterial",
  "pk": 70,
  "fields": {
    "created": "2024-03-13T12:29:25.870Z",
    "modified": "2024-03-13T12:29:25.870Z",
    "archived": null,
    "procedure": 45,
    "material": 11,
    "amount": 66
  }
},
{
  "model": "purchases.usedmaterial",
  "pk": 71,
  "fields": {
    "created": "2024-03-13T12:29:25.877Z",
    "modified": "2024-03-13T12:29:25.877Z",
    "archived": null,
    "procedure": 47,
    "material": 9,
    "amount": 5
  }
},
{
  "model": "purchases.usedmaterial",
  "pk": 72,
  "fields": {
    "created": "2024-03-13T12:29:25.886Z",
    "modified": "2024-03-13T12:29:25.886Z",
    "archived": null,
    "procedure": 66,
    "material": 9,
    "amount": 7
  }
},
{
  "model": "purchases.usedmaterial",
  "pk": 73,
  "fields": {
    "created": "2024-03-13T12:29:25.891Z",
    "modified": "2024-03-13T12:29:25.891Z",
    "archived": null,
    "procedure": 39,
    "material": 11,
    "amount": 57
  }
},
{
  "model": "purchases.usedmaterial",
  "pk": 74,
  "fields": {
    "created": "2024-03-13T12:29:25.898Z",
    "modified": "2024-03-13T12:29:25.898Z",
    "archived": null,
    "procedure": 16,
    "material": 24,
    "amount": 11
  }
},
{
  "model": "purchases.usedmaterial",
  "pk": 75,
  "fields": {
    "created": "2024-03-13T12:29:25.908Z",
    "modified": "2024-03-13T12:29:25.908Z",
    "archived": null,
    "procedure": 19,
    "material": 18,
    "amount": 18
  }
},
{
  "model": "purchases.usedmaterial",
  "pk": 76,
  "fields": {
    "created": "2024-03-13T12:29:25.913Z",
    "modified": "2024-03-13T12:29:25.913Z",
    "archived": null,
    "procedure": 70,
    "material": 33,
    "amount": 93
  }
},
{
  "model": "purchases.usedmaterial",
  "pk": 77,
  "fields": {
    "created": "2024-03-13T12:29:25.920Z",
    "modified": "2024-03-13T12:29:25.920Z",
    "archived": null,
    "procedure": 12,
    "material": 15,
    "amount": 57
  }
},
{
  "model": "purchases.usedmaterial",
  "pk": 78,
  "fields": {
    "created": "2024-03-13T12:29:25.925Z",
    "modified": "2024-03-13T12:29:25.925Z",
    "archived": null,
    "procedure": 78,
    "material": 22,
    "amount": 58
  }
},
{
  "model": "purchases.usedmaterial",
  "pk": 79,
  "fields": {
    "created": "2024-03-13T12:29:25.931Z",
    "modified": "2024-03-13T12:29:25.931Z",
    "archived": null,
    "procedure": 34,
    "material": 32,
    "amount": 93
  }
},
{
  "model": "purchases.usedmaterial",
  "pk": 80,
  "fields": {
    "created": "2024-03-13T12:29:25.936Z",
    "modified": "2024-03-13T12:29:25.936Z",
    "archived": null,
    "procedure": 67,
    "material": 4,
    "amount": 67
  }
},
{
  "model": "purchases.usedmaterial",
  "pk": 81,
  "fields": {
    "created": "2024-03-13T12:29:25.944Z",
    "modified": "2024-03-13T12:29:25.944Z",
    "archived": null,
    "procedure": 92,
    "material": 21,
    "amount": 94
  }
},
{
  "model": "purchases.usedmaterial",
  "pk": 82,
  "fields": {
    "created": "2024-03-13T12:29:25.949Z",
    "modified": "2024-03-13T12:29:25.949Z",
    "archived": null,
    "procedure": 73,
    "material": 5,
    "amount": 43
  }
},
{
  "model": "purchases.usedmaterial",
  "pk": 83,
  "fields": {
    "created": "2024-03-13T12:29:25.955Z",
    "modified": "2024-03-13T12:29:25.955Z",
    "archived": null,
    "procedure": 86,
    "material": 22,
    "amount": 60
  }
},
{
  "model": "purchases.usedmaterial",
  "pk": 84,
  "fields": {
    "created": "2024-03-13T12:29:25.960Z",
    "modified": "2024-03-13T12:29:25.960Z",
    "archived": null,
    "procedure": 58,
    "material": 10,
    "amount": 57
  }
},
{
  "model": "purchases.usedmaterial",
  "pk": 85,
  "fields": {
    "created": "2024-03-13T12:29:25.967Z",
    "modified": "2024-03-13T12:29:25.967Z",
    "archived": null,
    "procedure": 31,
    "material": 49,
    "amount": 34
  }
},
{
  "model": "purchases.usedmaterial",
  "pk": 86,
  "fields": {
    "created": "2024-03-13T12:29:25.972Z",
    "modified": "2024-03-13T12:29:25.972Z",
    "archived": null,
    "procedure": 97,
    "material": 39,
    "amount": 8
  }
},
{
  "model": "purchases.usedmaterial",
  "pk": 87,
  "fields": {
    "created": "2024-03-13T12:29:25.978Z",
    "modified": "2024-03-13T12:29:25.978Z",
    "archived": null,
    "procedure": 7,
    "material": 48,
    "amount": 80
  }
},
{
  "model": "purchases.usedmaterial",
  "pk": 88,
  "fields": {
    "created": "2024-03-13T12:29:25.983Z",
    "modified": "2024-03-13T12:29:25.983Z",
    "archived": null,
    "procedure": 74,
    "material": 31,
    "amount": 66
  }
},
{
  "model": "purchases.usedmaterial",
  "pk": 89,
  "fields": {
    "created": "2024-03-13T12:29:25.989Z",
    "modified": "2024-03-13T12:29:25.989Z",
    "archived": null,
    "procedure": 33,
    "material": 5,
    "amount": 8
  }
},
{
  "model": "purchases.usedmaterial",
  "pk": 90,
  "fields": {
    "created": "2024-03-13T12:29:25.994Z",
    "modified": "2024-03-13T12:29:25.994Z",
    "archived": null,
    "procedure": 59,
    "material": 15,
    "amount": 54
  }
},
{
  "model": "purchases.usedmaterial",
  "pk": 91,
  "fields": {
    "created": "2024-03-13T12:29:26.001Z",
    "modified": "2024-03-13T12:29:26.001Z",
    "archived": null,
    "procedure": 99,
    "material": 1,
    "amount": 3
  }
},
{
  "model": "purchases.usedmaterial",
  "pk": 92,
  "fields": {
    "created": "2024-03-13T12:29:26.007Z",
    "modified": "2024-03-13T12:29:26.007Z",
    "archived": null,
    "procedure": 91,
    "material": 35,
    "amount": 49
  }
},
{
  "model": "purchases.usedmaterial",
  "pk": 93,
  "fields": {
    "created": "2024-03-13T12:29:26.012Z",
    "modified": "2024-03-13T12:29:26.012Z",
    "archived": null,
    "procedure": 60,
    "material": 22,
    "amount": 28
  }
},
{
  "model": "purchases.usedmaterial",
  "pk": 94,
  "fields": {
    "created": "2024-03-13T12:29:26.018Z",
    "modified": "2024-03-13T12:29:26.018Z",
    "archived": null,
    "procedure": 59,
    "material": 8,
    "amount": 92
  }
},
{
  "model": "purchases.usedmaterial",
  "pk": 95,
  "fields": {
    "created": "2024-03-13T12:29:26.024Z",
    "modified": "2024-03-13T12:29:26.024Z",
    "archived": null,
    "procedure": 26,
    "material": 24,
    "amount": 77
  }
},
{
  "model": "purchases.usedmaterial",
  "pk": 96,
  "fields": {
    "created": "2024-03-13T12:29:26.030Z",
    "modified": "2024-03-13T12:29:26.030Z",
    "archived": null,
    "procedure": 1,
    "material": 47,
    "amount": 75
  }
},
{
  "model": "purchases.usedmaterial",
  "pk": 97,
  "fields": {
    "created": "2024-03-13T12:29:26.035Z",
    "modified": "2024-03-13T12:29:26.035Z",
    "archived": null,
    "procedure": 78,
    "material": 41,
    "amount": 52
  }
},
{
  "model": "purchases.usedmaterial",
  "pk": 98,
  "fields": {
    "created": "2024-03-13T12:29:26.041Z",
    "modified": "2024-03-13T12:29:26.041Z",
    "archived": null,
    "procedure": 97,
    "material": 33,
    "amount": 96
  }
},
{
  "model": "purchases.usedmaterial",
  "pk": 99,
  "fields": {
    "created": "2024-03-13T12:29:26.046Z",
    "modified": "2024-03-13T12:29:26.046Z",
    "archived": null,
    "procedure": 90,
    "material": 36,
    "amount": 76
  }
}
]
